"PATHWAY_ID","PATHWAY_NAME","CATEGORY_NAME"
"bioplanet_1","Inhibition of matrix metalloproteinases","Adhesion"
"bioplanet_1","Inhibition of matrix metalloproteinases","Cancer"
"bioplanet_10","Adhesion and diapedesis of granulocytes","Adhesion"
"bioplanet_10","Adhesion and diapedesis of granulocytes","Immune disease"
"bioplanet_10","Adhesion and diapedesis of granulocytes","Immune system"
"bioplanet_10","Adhesion and diapedesis of granulocytes","Immunology"
"bioplanet_10","Adhesion and diapedesis of granulocytes","Infectious disease"
"bioplanet_10","Adhesion and diapedesis of granulocytes","Stress response"
"bioplanet_100","Phospholipase C epsilon pathway","CellSignaling"
"bioplanet_100","Phospholipase C epsilon pathway","Circulatory system"
"bioplanet_100","Phospholipase C epsilon pathway","Endocrine and metabolic disease"
"bioplanet_100","Phospholipase C epsilon pathway","Nervous system"
"bioplanet_100","Phospholipase C epsilon pathway","Small molecule metabolism"
"bioplanet_100","Phospholipase C epsilon pathway","Transport"
"bioplanet_1000","Platelet adhesion to exposed collagen","Circulatory system"
"bioplanet_1000","Platelet adhesion to exposed collagen","Hemostasis"
"bioplanet_1002","Integrin-mediated cell adhesion","Cancer"
"bioplanet_1002","Integrin-mediated cell adhesion","Cardiovascular disease"
"bioplanet_1002","Integrin-mediated cell adhesion","Cell proliferation"
"bioplanet_1002","Integrin-mediated cell adhesion","Cellular Processes:Cellular community"
"bioplanet_1002","Integrin-mediated cell adhesion","Immune system"
"bioplanet_1002","Integrin-mediated cell adhesion","Infectious disease"
"bioplanet_1002","Integrin-mediated cell adhesion","Nervous system"
"bioplanet_1002","Integrin-mediated cell adhesion","Neurological disease"
"bioplanet_1003","Apoptotic cleavage of cell adhesion  proteins","Cancer"
"bioplanet_1003","Apoptotic cleavage of cell adhesion  proteins","Cell death"
"bioplanet_1003","Apoptotic cleavage of cell adhesion  proteins","Cellular Processes:Cell growth and death:Apoptosis"
"bioplanet_1004","Localization of the PINCH-ILK-PARVIN complex to focal adhesions","Cellular Processes:Cellular community"
"bioplanet_1004","Localization of the PINCH-ILK-PARVIN complex to focal adhesions","Immune system"
"bioplanet_1004","Localization of the PINCH-ILK-PARVIN complex to focal adhesions","Infectious disease"
"bioplanet_1005","Apoptotic execution  phase","Cancer"
"bioplanet_1005","Apoptotic execution  phase","Cell death"
"bioplanet_1005","Apoptotic execution  phase","Cellular Processes:Cell growth and death:Apoptosis"
"bioplanet_1006","Apoptosis","Cancer"
"bioplanet_1006","Apoptosis","Cell death"
"bioplanet_1006","Apoptosis","Cellular Processes:Cell growth and death:Apoptosis"
"bioplanet_1006","Apoptosis","Immune system"
"bioplanet_1006","Apoptosis","Stress response"
"bioplanet_1007","Apoptotic factor-mediated response","Cardiovascular disease"
"bioplanet_1007","Apoptotic factor-mediated response","Cell death"
"bioplanet_1007","Apoptotic factor-mediated response","Cellular Processes:Cell growth and death:Apoptosis"
"bioplanet_1007","Apoptotic factor-mediated response","Neurological disease"
"bioplanet_1008","Apoptotic cleavage of cellular proteins","Cardiovascular disease"
"bioplanet_1008","Apoptotic cleavage of cellular proteins","Cell death"
"bioplanet_1008","Apoptotic cleavage of cellular proteins","Cellular Processes:Cell growth and death:Apoptosis"
"bioplanet_1008","Apoptotic cleavage of cellular proteins","Immune system"
"bioplanet_1009","Apoptosis modulation by HSP70","Cardiovascular disease"
"bioplanet_1009","Apoptosis modulation by HSP70","Cell death"
"bioplanet_1009","Apoptosis modulation by HSP70","Cellular Processes:Cell growth and death:Apoptosis"
"bioplanet_1009","Apoptosis modulation by HSP70","Neurological disease"
"bioplanet_101","Phospholipase C signaling pathway","CellSignaling"
"bioplanet_101","Phospholipase C signaling pathway","Circulatory system"
"bioplanet_101","Phospholipase C signaling pathway","Immune system"
"bioplanet_101","Phospholipase C signaling pathway","Small molecule metabolism"
"bioplanet_1010","Formation of apoptosome","Cell death"
"bioplanet_1010","Formation of apoptosome","Cellular Processes:Cell growth and death:Apoptosis"
"bioplanet_1010","Formation of apoptosome","Immune system"
"bioplanet_1010","Formation of apoptosome","Stress response"
"bioplanet_1011","Apoptosis regulation","Cell death"
"bioplanet_1011","Apoptosis regulation","Cellular Processes:Cell growth and death:Apoptosis"
"bioplanet_1011","Apoptosis regulation","DNA repair"
"bioplanet_1011","Apoptosis regulation","Immune system"
"bioplanet_1011","Apoptosis regulation","Stress response"
"bioplanet_1012","Apoptosis intrinsic pathway","Cancer"
"bioplanet_1012","Apoptosis intrinsic pathway","Cell death"
"bioplanet_1012","Apoptosis intrinsic pathway","Cell proliferation"
"bioplanet_1012","Apoptosis intrinsic pathway","Cellular Processes:Cell growth and death:Apoptosis"
"bioplanet_1012","Apoptosis intrinsic pathway","Neurological disease"
"bioplanet_1012","Apoptosis intrinsic pathway","Reproduction"
"bioplanet_1012","Apoptosis intrinsic pathway","Stress response"
"bioplanet_1013","Influenza virus-induced apoptosis","Cell death"
"bioplanet_1013","Influenza virus-induced apoptosis","Human Diseases:Infectious diseases"
"bioplanet_1013","Influenza virus-induced apoptosis","Infectious disease"
"bioplanet_1014","Mitochondrial pathway of apoptosis: antiapoptotic Bcl-2 family","Cardiovascular disease"
"bioplanet_1014","Mitochondrial pathway of apoptosis: antiapoptotic Bcl-2 family","Cell death"
"bioplanet_1014","Mitochondrial pathway of apoptosis: antiapoptotic Bcl-2 family","Cellular Processes:Cell growth and death:Apoptosis"
"bioplanet_1014","Mitochondrial pathway of apoptosis: antiapoptotic Bcl-2 family","Stress response"
"bioplanet_1015","Mitochondrial pathway of apoptosis: multidomain Bcl-2 family","Cancer"
"bioplanet_1015","Mitochondrial pathway of apoptosis: multidomain Bcl-2 family","Cell death"
"bioplanet_1015","Mitochondrial pathway of apoptosis: multidomain Bcl-2 family","Cellular Processes:Cell growth and death:Apoptosis"
"bioplanet_1015","Mitochondrial pathway of apoptosis: multidomain Bcl-2 family","Immune system"
"bioplanet_1015","Mitochondrial pathway of apoptosis: multidomain Bcl-2 family","Small molecule metabolism"
"bioplanet_1015","Mitochondrial pathway of apoptosis: multidomain Bcl-2 family","Stress response"
"bioplanet_1016","Mitochondrial pathway of apoptosis: BH3-only Bcl-2 family","Cancer"
"bioplanet_1016","Mitochondrial pathway of apoptosis: BH3-only Bcl-2 family","Cell death"
"bioplanet_1016","Mitochondrial pathway of apoptosis: BH3-only Bcl-2 family","Cellular Processes:Cell growth and death:Apoptosis"
"bioplanet_1016","Mitochondrial pathway of apoptosis: BH3-only Bcl-2 family","Immune system"
"bioplanet_1016","Mitochondrial pathway of apoptosis: BH3-only Bcl-2 family","Stress response"
"bioplanet_1017","Mitochondrial pathway of apoptosis: caspases","Cancer"
"bioplanet_1017","Mitochondrial pathway of apoptosis: caspases","Cell death"
"bioplanet_1017","Mitochondrial pathway of apoptosis: caspases","Cellular Processes:Cell growth and death:Apoptosis"
"bioplanet_1017","Mitochondrial pathway of apoptosis: caspases","Immune system"
"bioplanet_1017","Mitochondrial pathway of apoptosis: caspases","Stress response"
"bioplanet_1018","Vpr-mediated induction of apoptosis by mitochondrial outer membrane permeabilization","Cell death"
"bioplanet_1018","Vpr-mediated induction of apoptosis by mitochondrial outer membrane permeabilization","Human Diseases:Infectious diseases"
"bioplanet_1018","Vpr-mediated induction of apoptosis by mitochondrial outer membrane permeabilization","Neurological disease"
"bioplanet_1019","DCC role in regulating apoptosis","Cancer"
"bioplanet_1019","DCC role in regulating apoptosis","Cell death"
"bioplanet_1019","DCC role in regulating apoptosis","Cellular Processes:Cell growth and death:Apoptosis"
"bioplanet_1019","DCC role in regulating apoptosis","Infectious disease"
"bioplanet_102","Phosphoinositides and their downstream targets","Cardiovascular disease"
"bioplanet_102","Phosphoinositides and their downstream targets","Cell death"
"bioplanet_102","Phosphoinositides and their downstream targets","CellSignaling"
"bioplanet_102","Phosphoinositides and their downstream targets","Immune system"
"bioplanet_102","Phosphoinositides and their downstream targets","Infectious disease"
"bioplanet_102","Phosphoinositides and their downstream targets","Small molecule metabolism"
"bioplanet_1020","Breakdown of the nuclear lamina","Cell death"
"bioplanet_1020","Breakdown of the nuclear lamina","Cell division"
"bioplanet_1020","Breakdown of the nuclear lamina","Cell proliferation"
"bioplanet_1020","Breakdown of the nuclear lamina","Cellular Processes:Cell growth and death:Apoptosis"
"bioplanet_1020","Breakdown of the nuclear lamina","Stress response"
"bioplanet_1021","Activation of DNA fragmentation factor","Cell death"
"bioplanet_1021","Activation of DNA fragmentation factor","Cellular Processes:Cell growth and death:Apoptosis"
"bioplanet_1021","Activation of DNA fragmentation factor","Stress response"
"bioplanet_1022","Caspase-mediated cleavage of cytoskeletal proteins","Cell death"
"bioplanet_1022","Caspase-mediated cleavage of cytoskeletal proteins","Cellular Processes:Cell growth and death:Apoptosis"
"bioplanet_1022","Caspase-mediated cleavage of cytoskeletal proteins","Stress response"
"bioplanet_1023","Inactivation of BCL-2 by BH3-only proteins","Cancer"
"bioplanet_1023","Inactivation of BCL-2 by BH3-only proteins","Cell death"
"bioplanet_1023","Inactivation of BCL-2 by BH3-only proteins","Cellular Processes:Cell growth and death:Apoptosis"
"bioplanet_1023","Inactivation of BCL-2 by BH3-only proteins","Infectious disease"
"bioplanet_1023","Inactivation of BCL-2 by BH3-only proteins","Stress response"
"bioplanet_1024","Activation and myristolyation of BID and its translocation to mitochondria","Cell death"
"bioplanet_1024","Activation and myristolyation of BID and its translocation to mitochondria","Cellular Processes:Cell growth and death:Apoptosis"
"bioplanet_1024","Activation and myristolyation of BID and its translocation to mitochondria","Stress response"
"bioplanet_1025","Cell cycle","Cancer"
"bioplanet_1025","Cell cycle","Cell division"
"bioplanet_1025","Cell cycle","Cell proliferation"
"bioplanet_1025","Cell cycle","Cellular Processes:Cell growth and death:Cell Cycle"
"bioplanet_1025","Cell cycle","DNA repair"
"bioplanet_1025","Cell cycle","DNA replication"
"bioplanet_1025","Cell cycle","Immune disease"
"bioplanet_1025","Cell cycle","Stress response"
"bioplanet_1026","Cell cycle checkpoints","Cell death"
"bioplanet_1026","Cell cycle checkpoints","Cell division"
"bioplanet_1026","Cell cycle checkpoints","Cellular Processes:Cell growth and death:Cell Cycle"
"bioplanet_1026","Cell cycle checkpoints","DNA repair"
"bioplanet_1026","Cell cycle checkpoints","DNA replication"
"bioplanet_1026","Cell cycle checkpoints","Nucleic acid metabolism"
"bioplanet_1026","Cell cycle checkpoints","Stress response"
"bioplanet_1026","Cell cycle checkpoints","Transcriptional regulation"
"bioplanet_1027","G1 to S cell cycle control","Cancer"
"bioplanet_1027","G1 to S cell cycle control","Cell division"
"bioplanet_1027","G1 to S cell cycle control","Cell proliferation"
"bioplanet_1027","G1 to S cell cycle control","Cellular Processes:Cell growth and death:Cell Cycle"
"bioplanet_1027","G1 to S cell cycle control","DNA repair"
"bioplanet_1027","G1 to S cell cycle control","DNA replication"
"bioplanet_1028","Influenza factor interactions with host","Human Diseases:Infectious diseases"
"bioplanet_1028","Influenza factor interactions with host","Infectious disease"
"bioplanet_1028","Influenza factor interactions with host","RNA processing"
"bioplanet_1029","Assembly of the ORC complex at the origin of replication","Cell division"
"bioplanet_1029","Assembly of the ORC complex at the origin of replication","Cellular Processes:Cell growth and death:Cell Cycle"
"bioplanet_1029","Assembly of the ORC complex at the origin of replication","DNA replication"
"bioplanet_1029","Assembly of the ORC complex at the origin of replication","Genetic disease"
"bioplanet_103","Ion channel function in vascular endothelium","Cardiovascular disease"
"bioplanet_103","Ion channel function in vascular endothelium","CellSignaling"
"bioplanet_103","Ion channel function in vascular endothelium","Circulatory system"
"bioplanet_103","Ion channel function in vascular endothelium","Nucleic acid metabolism"
"bioplanet_103","Ion channel function in vascular endothelium","Transport"
"bioplanet_1030","Assembly of the RAD50-MRE11-NBS1 complex at DNA double-strand breaks","DNA repair"
"bioplanet_1030","Assembly of the RAD50-MRE11-NBS1 complex at DNA double-strand breaks","DNA replication"
"bioplanet_1030","Assembly of the RAD50-MRE11-NBS1 complex at DNA double-strand breaks","Endocrine and metabolic disease"
"bioplanet_1030","Assembly of the RAD50-MRE11-NBS1 complex at DNA double-strand breaks","Genetic Information Processing:Replication and repair"
"bioplanet_1030","Assembly of the RAD50-MRE11-NBS1 complex at DNA double-strand breaks","Reproduction"
"bioplanet_1031","Assembly of influenza viral components at the budding site","Human Diseases:Infectious diseases"
"bioplanet_1031","Assembly of influenza viral components at the budding site","Immune system"
"bioplanet_1031","Assembly of influenza viral components at the budding site","Infectious disease"
"bioplanet_1031","Assembly of influenza viral components at the budding site","Protein folding, sorting and degradation"
"bioplanet_1032","Assembly of HIV virion","Human Diseases:Infectious diseases"
"bioplanet_1032","Assembly of HIV virion","Immune disease"
"bioplanet_1032","Assembly of HIV virion","Immune system"
"bioplanet_1032","Assembly of HIV virion","Infectious disease"
"bioplanet_1032","Assembly of HIV virion","Protein folding, sorting and degradation"
"bioplanet_1032","Assembly of HIV virion","Small molecule metabolism"
"bioplanet_1032","Assembly of HIV virion","Stress response"
"bioplanet_1032","Assembly of HIV virion","Transport"
"bioplanet_1033","","Organismal Systems:Immune system"
"bioplanet_1034","Chromosome maintenance","Cancer"
"bioplanet_1034","Chromosome maintenance","Cellular Processes:Cell growth and death:Cell Cycle"
"bioplanet_1034","Chromosome maintenance","DNA repair"
"bioplanet_1034","Chromosome maintenance","DNA replication"
"bioplanet_1034","Chromosome maintenance","Transcription"
"bioplanet_1035","CDC6 association with the ORC-origin complex","Cell division"
"bioplanet_1035","CDC6 association with the ORC-origin complex","Cellular Processes:Cell growth and death:Cell Cycle"
"bioplanet_1035","CDC6 association with the ORC-origin complex","DNA replication"
"bioplanet_1035","CDC6 association with the ORC-origin complex","Genetic disease"
"bioplanet_1036","Influenza viral RNA transcription and replication","DNA repair"
"bioplanet_1036","Influenza viral RNA transcription and replication","Human Diseases:Infectious diseases"
"bioplanet_1036","Influenza viral RNA transcription and replication","Infectious disease"
"bioplanet_1036","Influenza viral RNA transcription and replication","RNA processing"
"bioplanet_1036","Influenza viral RNA transcription and replication","Transcription"
"bioplanet_1036","Influenza viral RNA transcription and replication","Translation"
"bioplanet_1037","Deposition of new CENP-A-containing nucleosomes at the centromere","Cell division"
"bioplanet_1037","Deposition of new CENP-A-containing nucleosomes at the centromere","Cellular Processes:Cell growth and death:Cell Cycle"
"bioplanet_1037","Deposition of new CENP-A-containing nucleosomes at the centromere","Transcription"
"bioplanet_1037","Deposition of new CENP-A-containing nucleosomes at the centromere","Translation"
"bioplanet_1038","DNA repair","DNA repair"
"bioplanet_1038","DNA repair","DNA replication"
"bioplanet_1038","DNA repair","Genetic Information Processing:Replication and repair"
"bioplanet_1038","DNA repair","Genetic disease"
"bioplanet_1038","DNA repair","Nucleic acid metabolism"
"bioplanet_1038","DNA repair","Stress response"
"bioplanet_1039","Double-strand break repair","Cancer"
"bioplanet_1039","Double-strand break repair","Cell proliferation"
"bioplanet_1039","Double-strand break repair","DNA repair"
"bioplanet_1039","Double-strand break repair","DNA replication"
"bioplanet_1039","Double-strand break repair","Genetic Information Processing:Replication and repair"
"bioplanet_1039","Double-strand break repair","Stress response"
"bioplanet_104","Ras signaling pathway","Cancer"
"bioplanet_104","Ras signaling pathway","Cardiovascular disease"
"bioplanet_104","Ras signaling pathway","Cell proliferation"
"bioplanet_104","Ras signaling pathway","CellSignaling"
"bioplanet_104","Ras signaling pathway","Circulatory system"
"bioplanet_104","Ras signaling pathway","DNA repair"
"bioplanet_104","Ras signaling pathway","Stress response"
"bioplanet_1040","ATM-mediated phosphorylation of repair proteins","Cancer"
"bioplanet_1040","ATM-mediated phosphorylation of repair proteins","DNA repair"
"bioplanet_1040","ATM-mediated phosphorylation of repair proteins","Genetic Information Processing:Replication and repair"
"bioplanet_1040","ATM-mediated phosphorylation of repair proteins","Protein modification"
"bioplanet_1040","ATM-mediated phosphorylation of repair proteins","Stress response"
"bioplanet_1041","Global genomic nucleotide excision repair (GG-NER)","Cell proliferation"
"bioplanet_1041","Global genomic nucleotide excision repair (GG-NER)","DNA repair"
"bioplanet_1041","Global genomic nucleotide excision repair (GG-NER)","DNA replication"
"bioplanet_1041","Global genomic nucleotide excision repair (GG-NER)","Genetic Information Processing:Replication and repair"
"bioplanet_1041","Global genomic nucleotide excision repair (GG-NER)","Genetic disease"
"bioplanet_1041","Global genomic nucleotide excision repair (GG-NER)","Nucleic acid metabolism"
"bioplanet_1041","Global genomic nucleotide excision repair (GG-NER)","Stress response"
"bioplanet_1042","DNA double-strand break processing","Cell division"
"bioplanet_1042","DNA double-strand break processing","DNA repair"
"bioplanet_1042","DNA double-strand break processing","DNA replication"
"bioplanet_1042","DNA double-strand break processing","Genetic Information Processing:Replication and repair"
"bioplanet_1042","DNA double-strand break processing","Nucleic acid metabolism"
"bioplanet_1042","DNA double-strand break processing","Stress response"
"bioplanet_1043","Transport to the Golgi and subsequent modification","Carbohydrate metabolism"
"bioplanet_1043","Transport to the Golgi and subsequent modification","Cellular Processes:Transport and catabolism"
"bioplanet_1043","Transport to the Golgi and subsequent modification","Endocrine and metabolic disease"
"bioplanet_1043","Transport to the Golgi and subsequent modification","Protein modification"
"bioplanet_1043","Transport to the Golgi and subsequent modification","Small molecule metabolism"
"bioplanet_1043","Transport to the Golgi and subsequent modification","Transport"
"bioplanet_1044","Transport of glucose and other sugars, bile salts and organic acids, metal ions and amine compounds","Carbohydrate metabolism"
"bioplanet_1044","Transport of glucose and other sugars, bile salts and organic acids, metal ions and amine compounds","Digestive system"
"bioplanet_1044","Transport of glucose and other sugars, bile salts and organic acids, metal ions and amine compounds","Endocrine system"
"bioplanet_1044","Transport of glucose and other sugars, bile salts and organic acids, metal ions and amine compounds","Environmental Information Processing:Membrane transport"
"bioplanet_1044","Transport of glucose and other sugars, bile salts and organic acids, metal ions and amine compounds","Small molecule metabolism"
"bioplanet_1044","Transport of glucose and other sugars, bile salts and organic acids, metal ions and amine compounds","Transport"
"bioplanet_1045","Transport of inorganic cations/anions and amino acids/oligopeptides","Digestive system"
"bioplanet_1045","Transport of inorganic cations/anions and amino acids/oligopeptides","Environmental Information Processing:Membrane transport"
"bioplanet_1045","Transport of inorganic cations/anions and amino acids/oligopeptides","Nervous system"
"bioplanet_1045","Transport of inorganic cations/anions and amino acids/oligopeptides","Small molecule metabolism"
"bioplanet_1045","Transport of inorganic cations/anions and amino acids/oligopeptides","Transport"
"bioplanet_1046","Transport of vitamins, nucleosides, and related molecules","Environmental Information Processing:Membrane transport"
"bioplanet_1046","Transport of vitamins, nucleosides, and related molecules","Nucleic acid metabolism"
"bioplanet_1046","Transport of vitamins, nucleosides, and related molecules","Transport"
"bioplanet_1046","Transport of vitamins, nucleosides, and related molecules","Vitamin and cofactor metabolism"
"bioplanet_1047","Transport of mature mRNAs derived from intronless transcripts","Cell division"
"bioplanet_1047","Transport of mature mRNAs derived from intronless transcripts","Genetic Information Processing:Translation"
"bioplanet_1047","Transport of mature mRNAs derived from intronless transcripts","Infectious disease"
"bioplanet_1047","Transport of mature mRNAs derived from intronless transcripts","RNA processing"
"bioplanet_1047","Transport of mature mRNAs derived from intronless transcripts","Transcription"
"bioplanet_1047","Transport of mature mRNAs derived from intronless transcripts","Transport"
"bioplanet_1048","Transport of mature transcript to cytoplasm","Genetic Information Processing:Translation"
"bioplanet_1048","Transport of mature transcript to cytoplasm","RNA processing"
"bioplanet_1048","Transport of mature transcript to cytoplasm","Transcription"
"bioplanet_1048","Transport of mature transcript to cytoplasm","Transcriptional regulation"
"bioplanet_1048","Transport of mature transcript to cytoplasm","Translation"
"bioplanet_1048","Transport of mature transcript to cytoplasm","Transport"
"bioplanet_1049","Transport of fatty acids","Digestive system"
"bioplanet_1049","Transport of fatty acids","Endocrine and metabolic disease"
"bioplanet_1049","Transport of fatty acids","Environmental Information Processing:Membrane transport"
"bioplanet_1049","Transport of fatty acids","Lipid metabolism"
"bioplanet_1049","Transport of fatty acids","Small molecule metabolism"
"bioplanet_1049","Transport of fatty acids","Transport"
"bioplanet_105","Modulation of interferon signaling by chaperones","Cardiovascular disease"
"bioplanet_105","Modulation of interferon signaling by chaperones","CellSignaling"
"bioplanet_105","Modulation of interferon signaling by chaperones","Immune system"
"bioplanet_105","Modulation of interferon signaling by chaperones","Nervous system"
"bioplanet_105","Modulation of interferon signaling by chaperones","Protein folding, sorting and degradation"
"bioplanet_105","Modulation of interferon signaling by chaperones","Stress response"
"bioplanet_1050","Transport of nucleosides and free purine and pyrimidine bases across the plasma membrane","Environmental Information Processing:Membrane transport"
"bioplanet_1050","Transport of nucleosides and free purine and pyrimidine bases across the plasma membrane","Nucleic acid metabolism"
"bioplanet_1050","Transport of nucleosides and free purine and pyrimidine bases across the plasma membrane","Small molecule metabolism"
"bioplanet_1050","Transport of nucleosides and free purine and pyrimidine bases across the plasma membrane","Transport"
"bioplanet_1051","Transport of nucleotide sugars","Environmental Information Processing:Membrane transport"
"bioplanet_1051","Transport of nucleotide sugars","Nucleic acid metabolism"
"bioplanet_1051","Transport of nucleotide sugars","Small molecule metabolism"
"bioplanet_1051","Transport of nucleotide sugars","Transport"
"bioplanet_1052","Transport of organic anions","Environmental Information Processing:Membrane transport"
"bioplanet_1052","Transport of organic anions","Small molecule metabolism"
"bioplanet_1052","Transport of organic anions","Transport"
"bioplanet_1053","Ion transport by P-type ATPases","Circulatory system"
"bioplanet_1053","Ion transport by P-type ATPases","Digestive system"
"bioplanet_1053","Ion transport by P-type ATPases","Environmental Information Processing:Membrane transport"
"bioplanet_1053","Ion transport by P-type ATPases","Excretory system"
"bioplanet_1053","Ion transport by P-type ATPases","Transport"
"bioplanet_1054","ABCA transporters in lipid homeostasis","Digestive system"
"bioplanet_1054","ABCA transporters in lipid homeostasis","Environmental Information Processing:Membrane transport"
"bioplanet_1054","ABCA transporters in lipid homeostasis","Lipid metabolism"
"bioplanet_1054","ABCA transporters in lipid homeostasis","Small molecule metabolism"
"bioplanet_1054","ABCA transporters in lipid homeostasis","Transport"
"bioplanet_1055","Zinc transporters","Environmental Information Processing:Membrane transport"
"bioplanet_1055","Zinc transporters","Transport"
"bioplanet_1056","Hexose transport","Carbohydrate metabolism"
"bioplanet_1056","Hexose transport","Endocrine and metabolic disease"
"bioplanet_1056","Hexose transport","Environmental Information Processing:Membrane transport"
"bioplanet_1056","Hexose transport","Small molecule metabolism"
"bioplanet_1056","Hexose transport","Transport"
"bioplanet_1057","Passive transport by aquaporins","Environmental Information Processing:Membrane transport"
"bioplanet_1057","Passive transport by aquaporins","Stress response"
"bioplanet_1057","Passive transport by aquaporins","Transport"
"bioplanet_1058","Inositol transporters","Environmental Information Processing:Membrane transport"
"bioplanet_1058","Inositol transporters","Transport"
"bioplanet_1059","Electron transport chain","Endocrine and metabolic disease"
"bioplanet_1059","Electron transport chain","Energy metabolism"
"bioplanet_1059","Electron transport chain","Genetic disease"
"bioplanet_1059","Electron transport chain","Metabolism:Energy metabolism"
"bioplanet_1059","Electron transport chain","Neurological disease"
"bioplanet_1059","Electron transport chain","Small molecule metabolism"
"bioplanet_1059","Electron transport chain","Transport"
"bioplanet_106","","CellSignaling"
"bioplanet_1060","Potassium transport channels","Cardiovascular disease"
"bioplanet_1060","Potassium transport channels","Environmental Information Processing:Membrane transport"
"bioplanet_1060","Potassium transport channels","Nervous system"
"bioplanet_1060","Potassium transport channels","Small molecule metabolism"
"bioplanet_1060","Potassium transport channels","Transport"
"bioplanet_1061","Serotonin transporter activity","Carbohydrate metabolism"
"bioplanet_1061","Serotonin transporter activity","Nervous system"
"bioplanet_1061","Serotonin transporter activity","Organismal Systems:Nervous system"
"bioplanet_1061","Serotonin transporter activity","Small molecule metabolism"
"bioplanet_1061","Serotonin transporter activity","Transport"
"bioplanet_1062","Monoamine transport","Circulatory system"
"bioplanet_1062","Monoamine transport","Neurological disease"
"bioplanet_1062","Monoamine transport","Organismal Systems:Nervous system"
"bioplanet_1062","Monoamine transport","Small molecule metabolism"
"bioplanet_1062","Monoamine transport","Stress response"
"bioplanet_1062","Monoamine transport","Transport"
"bioplanet_1063","Amino acid transport across the plasma membrane","Endocrine and metabolic disease"
"bioplanet_1063","Amino acid transport across the plasma membrane","Environmental Information Processing:Membrane transport"
"bioplanet_1063","Amino acid transport across the plasma membrane","Genetic disease"
"bioplanet_1063","Amino acid transport across the plasma membrane","Transport"
"bioplanet_1064","Ion channel transport","DNA repair"
"bioplanet_1064","Ion channel transport","Digestive system"
"bioplanet_1064","Ion channel transport","Environmental Information Processing:Membrane transport"
"bioplanet_1064","Ion channel transport","Excretory system"
"bioplanet_1064","Ion channel transport","Neurological disease"
"bioplanet_1064","Ion channel transport","Transport"
"bioplanet_1065","Bicarbonate transporters","Digestive system"
"bioplanet_1065","Bicarbonate transporters","Endocrine and metabolic disease"
"bioplanet_1065","Bicarbonate transporters","Environmental Information Processing:Membrane transport"
"bioplanet_1065","Bicarbonate transporters","Excretory system"
"bioplanet_1065","Bicarbonate transporters","Genetic disease"
"bioplanet_1065","Bicarbonate transporters","Transport"
"bioplanet_1066","COPI-mediated vesicle transport","Cellular Processes:Transport and catabolism"
"bioplanet_1066","COPI-mediated vesicle transport","Protein folding, sorting and degradation"
"bioplanet_1066","COPI-mediated vesicle transport","Protein modification"
"bioplanet_1066","COPI-mediated vesicle transport","Transport"
"bioplanet_1067","Transmembrane transport of small molecules","Carbohydrate metabolism"
"bioplanet_1067","Transmembrane transport of small molecules","Endocrine and metabolic disease"
"bioplanet_1067","Transmembrane transport of small molecules","Environmental Information Processing:Membrane transport"
"bioplanet_1067","Transmembrane transport of small molecules","Nervous system"
"bioplanet_1067","Transmembrane transport of small molecules","Small molecule metabolism"
"bioplanet_1067","Transmembrane transport of small molecules","Transport"
"bioplanet_1068","","Environmental Information Processing:Membrane transport"
"bioplanet_1069","Organic anion transporters","Environmental Information Processing:Membrane transport"
"bioplanet_1069","Organic anion transporters","Excretory system"
"bioplanet_1069","Organic anion transporters","Nervous system"
"bioplanet_1069","Organic anion transporters","Transport"
"bioplanet_1069","Organic anion transporters","Xenobiotic metabolism"
"bioplanet_107","Sprouty regulation of tyrosine kinase signals","Cell proliferation"
"bioplanet_107","Sprouty regulation of tyrosine kinase signals","CellSignaling"
"bioplanet_107","Sprouty regulation of tyrosine kinase signals","Circulatory system"
"bioplanet_107","Sprouty regulation of tyrosine kinase signals","Endocrine and metabolic disease"
"bioplanet_107","Sprouty regulation of tyrosine kinase signals","Musculoskeletal system"
"bioplanet_107","Sprouty regulation of tyrosine kinase signals","Protein modification"
"bioplanet_107","Sprouty regulation of tyrosine kinase signals","Stress response"
"bioplanet_1070","Metal ion solute carrier family (SLC) transporters","Environmental Information Processing:Membrane transport"
"bioplanet_1070","Metal ion solute carrier family (SLC) transporters","Transport"
"bioplanet_1071","Organic cation transport","Environmental Information Processing:Membrane transport"
"bioplanet_1071","Organic cation transport","Environmental adaptation"
"bioplanet_1071","Organic cation transport","Nervous system"
"bioplanet_1071","Organic cation transport","Transport"
"bioplanet_1071","Organic cation transport","Xenobiotic metabolism"
"bioplanet_1072","Iron uptake and transport","Cancer"
"bioplanet_1072","Iron uptake and transport","Circulatory system"
"bioplanet_1072","Iron uptake and transport","Environmental Information Processing:Membrane transport"
"bioplanet_1072","Iron uptake and transport","Small molecule metabolism"
"bioplanet_1072","Iron uptake and transport","Transport"
"bioplanet_1073","Type II sodium/phosphate cotransporters","Digestive system"
"bioplanet_1073","Type II sodium/phosphate cotransporters","Environmental Information Processing:Membrane transport"
"bioplanet_1073","Type II sodium/phosphate cotransporters","Transport"
"bioplanet_1074","Mitochondrial ABC transporters","Environmental Information Processing:Membrane transport"
"bioplanet_1074","Mitochondrial ABC transporters","Genetic disease"
"bioplanet_1074","Mitochondrial ABC transporters","Small molecule metabolism"
"bioplanet_1074","Mitochondrial ABC transporters","Transport"
"bioplanet_1075","Aquaporin-mediated transport","Circulatory system"
"bioplanet_1075","Aquaporin-mediated transport","Energy metabolism"
"bioplanet_1075","Aquaporin-mediated transport","Environmental Information Processing:Membrane transport"
"bioplanet_1075","Aquaporin-mediated transport","Nervous system"
"bioplanet_1075","Aquaporin-mediated transport","Small molecule metabolism"
"bioplanet_1075","Aquaporin-mediated transport","Transport"
"bioplanet_1076","Amine compound SLC transporters","Environmental Information Processing:Membrane transport"
"bioplanet_1076","Amine compound SLC transporters","Nervous system"
"bioplanet_1076","Amine compound SLC transporters","Small molecule metabolism"
"bioplanet_1076","Amine compound SLC transporters","Transport"
"bioplanet_1077","Gamma-carboxylation, transport, and amino-terminal cleavage of proteins","Cardiovascular disease"
"bioplanet_1077","Gamma-carboxylation, transport, and amino-terminal cleavage of proteins","Cellular Processes:Transport and catabolism"
"bioplanet_1077","Gamma-carboxylation, transport, and amino-terminal cleavage of proteins","Protein modification"
"bioplanet_1077","Gamma-carboxylation, transport, and amino-terminal cleavage of proteins","Transport"
"bioplanet_1078","Sodium-dependent glucose transporters","Carbohydrate metabolism"
"bioplanet_1078","Sodium-dependent glucose transporters","Energy metabolism"
"bioplanet_1078","Sodium-dependent glucose transporters","Environmental Information Processing:Membrane transport"
"bioplanet_1078","Sodium-dependent glucose transporters","Transport"
"bioplanet_1079","Sodium/proton exchangers","Environmental Information Processing:Membrane transport"
"bioplanet_1079","Sodium/proton exchangers","Immune disease"
"bioplanet_1079","Sodium/proton exchangers","Transport"
"bioplanet_108","","CellSignaling"
"bioplanet_1080","Ligand-gated ion channel transport","Environmental Information Processing:Membrane transport"
"bioplanet_1080","Ligand-gated ion channel transport","Nervous system"
"bioplanet_1080","Ligand-gated ion channel transport","Transport"
"bioplanet_1081","Sodium/calcium exchangers","Environmental Information Processing:Membrane transport"
"bioplanet_1081","Sodium/calcium exchangers","Neurological disease"
"bioplanet_1081","Sodium/calcium exchangers","Transport"
"bioplanet_1082","Proton/oligonucleotide cotransporters","Environmental Information Processing:Membrane transport"
"bioplanet_1082","Proton/oligonucleotide cotransporters","Excretory system"
"bioplanet_1082","Proton/oligonucleotide cotransporters","Transport"
"bioplanet_1083","Cation-coupled chloride cotransporters","Cardiovascular disease"
"bioplanet_1083","Cation-coupled chloride cotransporters","Circulatory system"
"bioplanet_1083","Cation-coupled chloride cotransporters","Environmental Information Processing:Membrane transport"
"bioplanet_1083","Cation-coupled chloride cotransporters","Excretory system"
"bioplanet_1083","Cation-coupled chloride cotransporters","Nervous system"
"bioplanet_1083","Cation-coupled chloride cotransporters","Neurological disease"
"bioplanet_1083","Cation-coupled chloride cotransporters","Transport"
"bioplanet_1084","SLC-mediated transmembrane transport","Digestive system"
"bioplanet_1084","SLC-mediated transmembrane transport","Environmental Information Processing:Membrane transport"
"bioplanet_1084","SLC-mediated transmembrane transport","Small molecule metabolism"
"bioplanet_1084","SLC-mediated transmembrane transport","Stress response"
"bioplanet_1084","SLC-mediated transmembrane transport","Transport"
"bioplanet_1085","Sodium-coupled phosphate cotransporters","Digestive system"
"bioplanet_1085","Sodium-coupled phosphate cotransporters","Endocrine and metabolic disease"
"bioplanet_1085","Sodium-coupled phosphate cotransporters","Environmental Information Processing:Membrane transport"
"bioplanet_1085","Sodium-coupled phosphate cotransporters","Transport"
"bioplanet_1086","Proton-coupled monocarboxylate transport","Circulatory system"
"bioplanet_1086","Proton-coupled monocarboxylate transport","Environmental Information Processing:Membrane transport"
"bioplanet_1086","Proton-coupled monocarboxylate transport","Stress response"
"bioplanet_1086","Proton-coupled monocarboxylate transport","Transport"
"bioplanet_1087","Organic cation/anion/zwitterion transport","Environmental Information Processing:Membrane transport"
"bioplanet_1087","Organic cation/anion/zwitterion transport","Environmental adaptation"
"bioplanet_1087","Organic cation/anion/zwitterion transport","Nervous system"
"bioplanet_1087","Organic cation/anion/zwitterion transport","Transport"
"bioplanet_1087","Organic cation/anion/zwitterion transport","Xenobiotic metabolism"
"bioplanet_1088","SLC26 family multifunctional anion exchangers","Digestive system"
"bioplanet_1088","SLC26 family multifunctional anion exchangers","Environmental Information Processing:Membrane transport"
"bioplanet_1088","SLC26 family multifunctional anion exchangers","Transport"
"bioplanet_1089","Amino acid and oligopeptide SLC transporters","Circulatory system"
"bioplanet_1089","Amino acid and oligopeptide SLC transporters","Environmental Information Processing:Membrane transport"
"bioplanet_1089","Amino acid and oligopeptide SLC transporters","Genetic disease"
"bioplanet_1089","Amino acid and oligopeptide SLC transporters","Transport"
"bioplanet_109","NF-kappaB activation by non-typeable Hemophilus influenzae","Cell death"
"bioplanet_109","NF-kappaB activation by non-typeable Hemophilus influenzae","CellSignaling"
"bioplanet_109","NF-kappaB activation by non-typeable Hemophilus influenzae","Immune system"
"bioplanet_109","NF-kappaB activation by non-typeable Hemophilus influenzae","Infectious disease"
"bioplanet_109","NF-kappaB activation by non-typeable Hemophilus influenzae","Stress response"
"bioplanet_1090","Bile salt and organic anion SLC transporters","Digestive system"
"bioplanet_1090","Bile salt and organic anion SLC transporters","Endocrine and metabolic disease"
"bioplanet_1090","Bile salt and organic anion SLC transporters","Environmental Information Processing:Membrane transport"
"bioplanet_1090","Bile salt and organic anion SLC transporters","Lipid metabolism"
"bioplanet_1090","Bile salt and organic anion SLC transporters","Transport"
"bioplanet_1091","Lipid digestion, mobilization, and transport","Digestive system"
"bioplanet_1091","Lipid digestion, mobilization, and transport","Endocrine and metabolic disease"
"bioplanet_1091","Lipid digestion, mobilization, and transport","Energy metabolism"
"bioplanet_1091","Lipid digestion, mobilization, and transport","Genetic disease"
"bioplanet_1091","Lipid digestion, mobilization, and transport","Lipid metabolism"
"bioplanet_1091","Lipid digestion, mobilization, and transport","Metabolism"
"bioplanet_1091","Lipid digestion, mobilization, and transport","Small molecule metabolism"
"bioplanet_1091","Lipid digestion, mobilization, and transport","Transport"
"bioplanet_1092","Sodium/chloride-dependent neurotransmitter transporters","Environmental Information Processing:Membrane transport"
"bioplanet_1092","Sodium/chloride-dependent neurotransmitter transporters","Nervous system"
"bioplanet_1092","Sodium/chloride-dependent neurotransmitter transporters","Neurological disease"
"bioplanet_1092","Sodium/chloride-dependent neurotransmitter transporters","Transport"
"bioplanet_1093","Facilitative sodium-independent glucose transporters","Carbohydrate metabolism"
"bioplanet_1093","Facilitative sodium-independent glucose transporters","Endocrine system"
"bioplanet_1093","Facilitative sodium-independent glucose transporters","Energy metabolism"
"bioplanet_1093","Facilitative sodium-independent glucose transporters","Environmental Information Processing:Membrane transport"
"bioplanet_1093","Facilitative sodium-independent glucose transporters","Small molecule metabolism"
"bioplanet_1093","Facilitative sodium-independent glucose transporters","Transport"
"bioplanet_1094","Ammonium transport mediated by Rhesus glycoproteins","Environmental Information Processing:Membrane transport"
"bioplanet_1094","Ammonium transport mediated by Rhesus glycoproteins","Transport"
"bioplanet_1095","Endosomal sorting complex required for transport (ESCRT) pathway","Cell death"
"bioplanet_1095","Endosomal sorting complex required for transport (ESCRT) pathway","Cell division"
"bioplanet_1095","Endosomal sorting complex required for transport (ESCRT) pathway","Cellular Processes:Transport and catabolism"
"bioplanet_1095","Endosomal sorting complex required for transport (ESCRT) pathway","Infectious disease"
"bioplanet_1095","Endosomal sorting complex required for transport (ESCRT) pathway","Neurological disease"
"bioplanet_1095","Endosomal sorting complex required for transport (ESCRT) pathway","Stress response"
"bioplanet_1095","Endosomal sorting complex required for transport (ESCRT) pathway","Transport"
"bioplanet_1096","COPII-mediated vesicle transport","Cellular Processes:Transport and catabolism"
"bioplanet_1096","COPII-mediated vesicle transport","Protein folding, sorting and degradation"
"bioplanet_1096","COPII-mediated vesicle transport","Protein modification"
"bioplanet_1096","COPII-mediated vesicle transport","Transport"
"bioplanet_1097","Cytosolic sulfonation of small molecules","Metabolism"
"bioplanet_1097","Cytosolic sulfonation of small molecules","Small molecule metabolism"
"bioplanet_1097","Cytosolic sulfonation of small molecules","Xenobiotic metabolism"
"bioplanet_1098","Sodium-coupled sulphate, di- and tri-carboxylate transporters","Digestive system"
"bioplanet_1098","Sodium-coupled sulphate, di- and tri-carboxylate transporters","Environmental Information Processing:Membrane transport"
"bioplanet_1098","Sodium-coupled sulphate, di- and tri-carboxylate transporters","Transport"
"bioplanet_1099","Class II glucose transporters","Carbohydrate metabolism"
"bioplanet_1099","Class II glucose transporters","Endocrine system"
"bioplanet_1099","Class II glucose transporters","Environmental Information Processing:Membrane transport"
"bioplanet_1099","Class II glucose transporters","Transport"
"bioplanet_11","Adhesion and diapedesis of lymphocytes","Adhesion"
"bioplanet_11","Adhesion and diapedesis of lymphocytes","Cancer"
"bioplanet_11","Adhesion and diapedesis of lymphocytes","Circulatory system"
"bioplanet_11","Adhesion and diapedesis of lymphocytes","Immune disease"
"bioplanet_11","Adhesion and diapedesis of lymphocytes","Immune system"
"bioplanet_11","Adhesion and diapedesis of lymphocytes","Immunology"
"bioplanet_11","Adhesion and diapedesis of lymphocytes","Infectious disease"
"bioplanet_110","PKC-catalyzed phosphorylation of inhibitory phosphoprotein of myosin phosphatase","CellSignaling"
"bioplanet_110","PKC-catalyzed phosphorylation of inhibitory phosphoprotein of myosin phosphatase","Lipid metabolism"
"bioplanet_110","PKC-catalyzed phosphorylation of inhibitory phosphoprotein of myosin phosphatase","Protein modification"
"bioplanet_1100","Zinc influx into cells by the SLC39 gene family","Environmental Information Processing:Membrane transport"
"bioplanet_1100","Zinc influx into cells by the SLC39 gene family","Transport"
"bioplanet_1101","Transferrin endocytosis and recycling","Environmental Information Processing:Membrane transport"
"bioplanet_1101","Transferrin endocytosis and recycling","Protein modification"
"bioplanet_1101","Transferrin endocytosis and recycling","Transport"
"bioplanet_1102","Tricarboxylic acid (TCA) cycle and respiratory electron transport","Circulatory system"
"bioplanet_1102","Tricarboxylic acid (TCA) cycle and respiratory electron transport","Endocrine and metabolic disease"
"bioplanet_1102","Tricarboxylic acid (TCA) cycle and respiratory electron transport","Energy metabolism"
"bioplanet_1102","Tricarboxylic acid (TCA) cycle and respiratory electron transport","Metabolism:Energy metabolism"
"bioplanet_1102","Tricarboxylic acid (TCA) cycle and respiratory electron transport","Neurological disease"
"bioplanet_1102","Tricarboxylic acid (TCA) cycle and respiratory electron transport","Transport"
"bioplanet_1103","Digestion of dietary lipid","Digestive system"
"bioplanet_1103","Digestion of dietary lipid","Endocrine and metabolic disease"
"bioplanet_1103","Digestion of dietary lipid","Endocrine system"
"bioplanet_1103","Digestion of dietary lipid","Energy metabolism"
"bioplanet_1103","Digestion of dietary lipid","Lipid metabolism"
"bioplanet_1103","Digestion of dietary lipid","Metabolism"
"bioplanet_1104","Zinc efflux and compartmentalization by the SLC30 family","Environmental Information Processing:Membrane transport"
"bioplanet_1104","Zinc efflux and compartmentalization by the SLC30 family","Transport"
"bioplanet_1105","Chemiosmotic coupling formation of ATP","Energy metabolism"
"bioplanet_1105","Chemiosmotic coupling formation of ATP","Metabolism:Energy metabolism"
"bioplanet_1105","Chemiosmotic coupling formation of ATP","Neurological disease"
"bioplanet_1105","Chemiosmotic coupling formation of ATP","Small molecule metabolism"
"bioplanet_1106","Dietary sterol trafficking","Digestive system"
"bioplanet_1106","Dietary sterol trafficking","Environmental Information Processing:Membrane transport"
"bioplanet_1106","Dietary sterol trafficking","Genetic disease"
"bioplanet_1106","Dietary sterol trafficking","Lipid metabolism"
"bioplanet_1106","Dietary sterol trafficking","Transport"
"bioplanet_1107","PTM: gamma carboxylation, hypusine formation and arylsulfatase activation","Cellular Processes:Transport and catabolism"
"bioplanet_1107","PTM: gamma carboxylation, hypusine formation and arylsulfatase activation","Circulatory system"
"bioplanet_1107","PTM: gamma carboxylation, hypusine formation and arylsulfatase activation","DNA repair"
"bioplanet_1107","PTM: gamma carboxylation, hypusine formation and arylsulfatase activation","Genetic disease"
"bioplanet_1107","PTM: gamma carboxylation, hypusine formation and arylsulfatase activation","Immune system"
"bioplanet_1107","PTM: gamma carboxylation, hypusine formation and arylsulfatase activation","Small molecule metabolism"
"bioplanet_1108","Hormone-sensitive lipase (HSL)-mediated triacylglycerol hydrolysis","Cancer"
"bioplanet_1108","Hormone-sensitive lipase (HSL)-mediated triacylglycerol hydrolysis","Endocrine system"
"bioplanet_1108","Hormone-sensitive lipase (HSL)-mediated triacylglycerol hydrolysis","Energy metabolism"
"bioplanet_1108","Hormone-sensitive lipase (HSL)-mediated triacylglycerol hydrolysis","Lipid metabolism"
"bioplanet_1108","Hormone-sensitive lipase (HSL)-mediated triacylglycerol hydrolysis","Metabolism"
"bioplanet_1108","Hormone-sensitive lipase (HSL)-mediated triacylglycerol hydrolysis","Reproduction"
"bioplanet_1108","Hormone-sensitive lipase (HSL)-mediated triacylglycerol hydrolysis","Small molecule metabolism"
"bioplanet_1108","Hormone-sensitive lipase (HSL)-mediated triacylglycerol hydrolysis","Transport"
"bioplanet_1109","Sulfide oxidation to sulfate","Carbohydrate metabolism"
"bioplanet_1109","Sulfide oxidation to sulfate","Metabolism"
"bioplanet_1109","Sulfide oxidation to sulfate","Small molecule metabolism"
"bioplanet_111","Calcium signaling by HBx of hepatitis B virus","Cell proliferation"
"bioplanet_111","Calcium signaling by HBx of hepatitis B virus","CellSignaling"
"bioplanet_111","Calcium signaling by HBx of hepatitis B virus","Infectious disease"
"bioplanet_111","Calcium signaling by HBx of hepatitis B virus","Stress response"
"bioplanet_1110","Extracellular matrix organization","Cardiovascular disease"
"bioplanet_1110","Extracellular matrix organization","Cellular Processes:Cellular community"
"bioplanet_1110","Extracellular matrix organization","Circulatory system"
"bioplanet_1110","Extracellular matrix organization","Physical disorder"
"bioplanet_1111","Beta-catenin phosphorylation cascade","Immune system"
"bioplanet_1111","Beta-catenin phosphorylation cascade","Protein modification"
"bioplanet_1111","Beta-catenin phosphorylation cascade","Signal transduction"
"bioplanet_1112","Activation of matrix metalloproteinases","Cancer"
"bioplanet_1112","Activation of matrix metalloproteinases","Cellular Processes:Cellular community"
"bioplanet_1112","Activation of matrix metalloproteinases","Circulatory system"
"bioplanet_1112","Activation of matrix metalloproteinases","Digestive system"
"bioplanet_1112","Activation of matrix metalloproteinases","Endocrine and metabolic disease"
"bioplanet_1113","HIV factor interactions with host","Cell death"
"bioplanet_1113","HIV factor interactions with host","Human Diseases:Infectious diseases"
"bioplanet_1113","HIV factor interactions with host","Immune disease"
"bioplanet_1113","HIV factor interactions with host","Immune system"
"bioplanet_1113","HIV factor interactions with host","Infectious disease"
"bioplanet_1114","Dopamine clearance from the synaptic cleft","Nervous system"
"bioplanet_1114","Dopamine clearance from the synaptic cleft","Neurological disease"
"bioplanet_1114","Dopamine clearance from the synaptic cleft","Organismal Systems:Nervous system"
"bioplanet_1115","Reuptake of GABA","Nervous system"
"bioplanet_1115","Reuptake of GABA","Neurological disease"
"bioplanet_1115","Reuptake of GABA","Organismal Systems:Nervous system"
"bioplanet_1115","Reuptake of GABA","Transport"
"bioplanet_1116","Cyclin A-Cdk2-associated events at S phase entry","Cancer"
"bioplanet_1116","Cyclin A-Cdk2-associated events at S phase entry","Cell death"
"bioplanet_1116","Cyclin A-Cdk2-associated events at S phase entry","Cell division"
"bioplanet_1116","Cyclin A-Cdk2-associated events at S phase entry","Cellular Processes:Cell growth and death:Cell Cycle"
"bioplanet_1116","Cyclin A-Cdk2-associated events at S phase entry","DNA repair"
"bioplanet_1116","Cyclin A-Cdk2-associated events at S phase entry","DNA replication"
"bioplanet_1116","Cyclin A-Cdk2-associated events at S phase entry","Immune disease"
"bioplanet_1116","Cyclin A-Cdk2-associated events at S phase entry","Nucleic acid metabolism"
"bioplanet_1116","Cyclin A-Cdk2-associated events at S phase entry","Stress response"
"bioplanet_1117","Neurotransmitter release cycle","Musculoskeletal system"
"bioplanet_1117","Neurotransmitter release cycle","Nervous system"
"bioplanet_1117","Neurotransmitter release cycle","Neurological disease"
"bioplanet_1117","Neurotransmitter release cycle","Organismal Systems:Nervous system"
"bioplanet_1117","Neurotransmitter release cycle","Transport"
"bioplanet_1118","Antigen presentation: folding, assembly, and peptide loading of class I MHC proteins","Immune disease"
"bioplanet_1118","Antigen presentation: folding, assembly, and peptide loading of class I MHC proteins","Immune system"
"bioplanet_1118","Antigen presentation: folding, assembly, and peptide loading of class I MHC proteins","Infectious disease"
"bioplanet_1118","Antigen presentation: folding, assembly, and peptide loading of class I MHC proteins","Organismal Systems:Immune system"
"bioplanet_1118","Antigen presentation: folding, assembly, and peptide loading of class I MHC proteins","Protein folding, sorting and degradation"
"bioplanet_1118","Antigen presentation: folding, assembly, and peptide loading of class I MHC proteins","Small molecule metabolism"
"bioplanet_1118","Antigen presentation: folding, assembly, and peptide loading of class I MHC proteins","Stress response"
"bioplanet_1119","RNA polymerase I promoter opening","Genetic Information Processing: Transcription"
"bioplanet_1119","RNA polymerase I promoter opening","Nucleic acid metabolism"
"bioplanet_1119","RNA polymerase I promoter opening","Transcription"
"bioplanet_1119","RNA polymerase I promoter opening","Transcriptional regulation"
"bioplanet_112","Phospholipids as signaling intermediaries","Cancer"
"bioplanet_112","Phospholipids as signaling intermediaries","Cell division"
"bioplanet_112","Phospholipids as signaling intermediaries","Cell proliferation"
"bioplanet_112","Phospholipids as signaling intermediaries","CellSignaling"
"bioplanet_112","Phospholipids as signaling intermediaries","Circulatory system"
"bioplanet_112","Phospholipids as signaling intermediaries","Infectious disease"
"bioplanet_112","Phospholipids as signaling intermediaries","Lipid metabolism"
"bioplanet_112","Phospholipids as signaling intermediaries","Stress response"
"bioplanet_1120","RNA polymerase I transcription initiation","Cell proliferation"
"bioplanet_1120","RNA polymerase I transcription initiation","Genetic Information Processing: Transcription"
"bioplanet_1120","RNA polymerase I transcription initiation","Transcription"
"bioplanet_1120","RNA polymerase I transcription initiation","Transcriptional regulation"
"bioplanet_1121","RNA polymerase I transcription","Genetic Information Processing: Transcription"
"bioplanet_1121","RNA polymerase I transcription","Transcription"
"bioplanet_1121","RNA polymerase I transcription","Transcriptional regulation"
"bioplanet_1122","RNA polymerase II transcription","Genetic Information Processing: Transcription"
"bioplanet_1122","RNA polymerase II transcription","Nucleic acid metabolism"
"bioplanet_1122","RNA polymerase II transcription","Transcription"
"bioplanet_1123","RNA polymerase III transcription termination","Genetic Information Processing: Transcription"
"bioplanet_1123","RNA polymerase III transcription termination","Nucleic acid metabolism"
"bioplanet_1123","RNA polymerase III transcription termination","Transcription"
"bioplanet_1123","RNA polymerase III transcription termination","Transcriptional regulation"
"bioplanet_1124","RNA polymerase III transcription initiation from type 2 promoter","Genetic Information Processing: Transcription"
"bioplanet_1124","RNA polymerase III transcription initiation from type 2 promoter","Nucleic acid metabolism"
"bioplanet_1124","RNA polymerase III transcription initiation from type 2 promoter","Transcription"
"bioplanet_1124","RNA polymerase III transcription initiation from type 2 promoter","Transcriptional regulation"
"bioplanet_1125","RNA polymerase III transcription initiation From type 3 promoter","Genetic Information Processing: Transcription"
"bioplanet_1125","RNA polymerase III transcription initiation From type 3 promoter","Nucleic acid metabolism"
"bioplanet_1125","RNA polymerase III transcription initiation From type 3 promoter","Transcription"
"bioplanet_1125","RNA polymerase III transcription initiation From type 3 promoter","Transcriptional regulation"
"bioplanet_1126","RNA polymerase I, RNA polymerase III, and mitochondrial transcription","Energy metabolism"
"bioplanet_1126","RNA polymerase I, RNA polymerase III, and mitochondrial transcription","Genetic Information Processing: Transcription"
"bioplanet_1126","RNA polymerase I, RNA polymerase III, and mitochondrial transcription","Transcription"
"bioplanet_1126","RNA polymerase I, RNA polymerase III, and mitochondrial transcription","Transcriptional regulation"
"bioplanet_1127","RNA polymerase II promoter escape","Genetic Information Processing: Transcription"
"bioplanet_1127","RNA polymerase II promoter escape","Nucleic acid metabolism"
"bioplanet_1127","RNA polymerase II promoter escape","Transcription"
"bioplanet_1127","RNA polymerase II promoter escape","Transcriptional regulation"
"bioplanet_1128","RNA polymerase III abortive and retractive initiation","Genetic Information Processing: Transcription"
"bioplanet_1128","RNA polymerase III abortive and retractive initiation","Nucleic acid metabolism"
"bioplanet_1128","RNA polymerase III abortive and retractive initiation","Transcription"
"bioplanet_1128","RNA polymerase III abortive and retractive initiation","Transcriptional regulation"
"bioplanet_1129","RNA polymerase II C-terminal domain phosphorylation and interaction with capping enzyme","Genetic Information Processing: Transcription"
"bioplanet_1129","RNA polymerase II C-terminal domain phosphorylation and interaction with capping enzyme","Nucleic acid metabolism"
"bioplanet_1129","RNA polymerase II C-terminal domain phosphorylation and interaction with capping enzyme","Protein modification"
"bioplanet_1129","RNA polymerase II C-terminal domain phosphorylation and interaction with capping enzyme","Transcription"
"bioplanet_113","Ck1/Cdk5 regulation by type 1 glutamate receptors","CellSignaling"
"bioplanet_113","Ck1/Cdk5 regulation by type 1 glutamate receptors","Chronology"
"bioplanet_113","Ck1/Cdk5 regulation by type 1 glutamate receptors","Nervous system"
"bioplanet_113","Ck1/Cdk5 regulation by type 1 glutamate receptors","Neurological disease"
"bioplanet_113","Ck1/Cdk5 regulation by type 1 glutamate receptors","Stress response"
"bioplanet_113","Ck1/Cdk5 regulation by type 1 glutamate receptors","Transport"
"bioplanet_1130","Transfer RNA aminoacylation","Genetic Information Processing:Translation"
"bioplanet_1130","Transfer RNA aminoacylation","RNA processing"
"bioplanet_1130","Transfer RNA aminoacylation","Transcription"
"bioplanet_1130","Transfer RNA aminoacylation","Translation"
"bioplanet_1131","Messenger RNA decay by 3' to 5' exoribonuclease","Genetic Information Processing:Folding, sorting and degradation"
"bioplanet_1131","Messenger RNA decay by 3' to 5' exoribonuclease","Nucleic acid metabolism"
"bioplanet_1131","Messenger RNA decay by 3' to 5' exoribonuclease","RNA processing"
"bioplanet_1131","Messenger RNA decay by 3' to 5' exoribonuclease","Transcription"
"bioplanet_1132","Messenger RNA decay by 5' to 3' exoribonuclease","Genetic Information Processing:Folding, sorting and degradation"
"bioplanet_1132","Messenger RNA decay by 5' to 3' exoribonuclease","Nucleic acid metabolism"
"bioplanet_1132","Messenger RNA decay by 5' to 3' exoribonuclease","RNA processing"
"bioplanet_1132","Messenger RNA decay by 5' to 3' exoribonuclease","Transcription"
"bioplanet_1133","Messenger RNA capping","DNA repair"
"bioplanet_1133","Messenger RNA capping","Genetic Information Processing:Translation"
"bioplanet_1133","Messenger RNA capping","Nucleic acid metabolism"
"bioplanet_1133","Messenger RNA capping","RNA processing"
"bioplanet_1133","Messenger RNA capping","Transcription"
"bioplanet_1133","Messenger RNA capping","Transcriptional regulation"
"bioplanet_1134","Messenger RNA editing","Genetic Information Processing:Translation"
"bioplanet_1134","Messenger RNA editing","RNA processing"
"bioplanet_1134","Messenger RNA editing","Transcription"
"bioplanet_1134","Messenger RNA editing","Transcriptional regulation"
"bioplanet_1135","Messenger RNA splicing: minor pathway","Genetic Information Processing:Translation"
"bioplanet_1135","Messenger RNA splicing: minor pathway","RNA processing"
"bioplanet_1135","Messenger RNA splicing: minor pathway","Transcription"
"bioplanet_1135","Messenger RNA splicing: minor pathway","Transcriptional regulation"
"bioplanet_1136","","Genetic Information Processing:Folding, sorting and degradation"
"bioplanet_1137","Messenger RNA splicing: major pathway","Genetic Information Processing:Translation"
"bioplanet_1137","Messenger RNA splicing: major pathway","RNA processing"
"bioplanet_1137","Messenger RNA splicing: major pathway","Transcription"
"bioplanet_1137","Messenger RNA splicing: major pathway","Transcriptional regulation"
"bioplanet_1138","Messenger RNA processing","Genetic Information Processing:Translation"
"bioplanet_1138","Messenger RNA processing","RNA processing"
"bioplanet_1138","Messenger RNA processing","Transcription"
"bioplanet_1138","Messenger RNA processing","Transcriptional regulation"
"bioplanet_1139","MicroRNA regulation of DNA damage response","Cancer"
"bioplanet_1139","MicroRNA regulation of DNA damage response","Cell division"
"bioplanet_1139","MicroRNA regulation of DNA damage response","Cell proliferation"
"bioplanet_1139","MicroRNA regulation of DNA damage response","DNA repair"
"bioplanet_1139","MicroRNA regulation of DNA damage response","DNA replication"
"bioplanet_1139","MicroRNA regulation of DNA damage response","Genetic Information Processing:Replication and repair"
"bioplanet_1139","MicroRNA regulation of DNA damage response","Transcriptional regulation"
"bioplanet_114","EGF receptor transactivation by GPCRs in cardiac hypertrophy","Cardiovascular disease"
"bioplanet_114","EGF receptor transactivation by GPCRs in cardiac hypertrophy","Cell proliferation"
"bioplanet_114","EGF receptor transactivation by GPCRs in cardiac hypertrophy","CellSignaling"
"bioplanet_114","EGF receptor transactivation by GPCRs in cardiac hypertrophy","Endocrine and metabolic disease"
"bioplanet_114","EGF receptor transactivation by GPCRs in cardiac hypertrophy","G-protein coupled receptor"
"bioplanet_114","EGF receptor transactivation by GPCRs in cardiac hypertrophy","Immune system"
"bioplanet_114","EGF receptor transactivation by GPCRs in cardiac hypertrophy","Infectious disease"
"bioplanet_114","EGF receptor transactivation by GPCRs in cardiac hypertrophy","Nervous system"
"bioplanet_114","EGF receptor transactivation by GPCRs in cardiac hypertrophy","Protein modification"
"bioplanet_114","EGF receptor transactivation by GPCRs in cardiac hypertrophy","Stress response"
"bioplanet_114","EGF receptor transactivation by GPCRs in cardiac hypertrophy","Transcription"
"bioplanet_114","EGF receptor transactivation by GPCRs in cardiac hypertrophy","Transcriptional regulation"
"bioplanet_1140","","Genetic Information Processing:Replication and repair"
"bioplanet_1141","Diurnally regulated genes with circadian orthologs","Chronology"
"bioplanet_1141","Diurnally regulated genes with circadian orthologs","Organismal Systems:Environmental adaptation"
"bioplanet_1141","Diurnally regulated genes with circadian orthologs","Transcription"
"bioplanet_1141","Diurnally regulated genes with circadian orthologs","Transcriptional regulation"
"bioplanet_1141","Diurnally regulated genes with circadian orthologs","Translation"
"bioplanet_1142","Alternative complement activation","Genetic disease"
"bioplanet_1142","Alternative complement activation","Immune disease"
"bioplanet_1142","Alternative complement activation","Immune system"
"bioplanet_1142","Alternative complement activation","Infectious disease"
"bioplanet_1142","Alternative complement activation","Organismal Systems:Immune system"
"bioplanet_1143","Alternative NF-kappaB pathway","Cancer"
"bioplanet_1143","Alternative NF-kappaB pathway","Cell death"
"bioplanet_1143","Alternative NF-kappaB pathway","Cell differentiation"
"bioplanet_1143","Alternative NF-kappaB pathway","Immune system"
"bioplanet_1143","Alternative NF-kappaB pathway","Organismal Systems:Immune system"
"bioplanet_1143","Alternative NF-kappaB pathway","Stress response"
"bioplanet_1143","Alternative NF-kappaB pathway","Transcription"
"bioplanet_1143","Alternative NF-kappaB pathway","Transcriptional regulation"
"bioplanet_1144","MicroRNAs in cardiomyocyte hypertrophy","Cardiovascular disease"
"bioplanet_1144","MicroRNAs in cardiomyocyte hypertrophy","Cell proliferation"
"bioplanet_1144","MicroRNAs in cardiomyocyte hypertrophy","Circulatory system"
"bioplanet_1144","MicroRNAs in cardiomyocyte hypertrophy","Endocrine and metabolic disease"
"bioplanet_1144","MicroRNAs in cardiomyocyte hypertrophy","Organismal Systems:Circulatory system"
"bioplanet_1144","MicroRNAs in cardiomyocyte hypertrophy","Transcriptional regulation"
"bioplanet_1145","Viral dsRNA-TLR3-TRIF complex activation of RIP1","Human Diseases:Infectious diseases: Viral"
"bioplanet_1145","Viral dsRNA-TLR3-TRIF complex activation of RIP1","Immune system"
"bioplanet_1145","Viral dsRNA-TLR3-TRIF complex activation of RIP1","Infectious disease"
"bioplanet_1145","Viral dsRNA-TLR3-TRIF complex activation of RIP1","RNA processing"
"bioplanet_1147","ERBB1 internalization pathway","Cancer"
"bioplanet_1147","ERBB1 internalization pathway","Cell proliferation"
"bioplanet_1147","ERBB1 internalization pathway","Circulatory system"
"bioplanet_1147","ERBB1 internalization pathway","Genetic disease"
"bioplanet_1147","ERBB1 internalization pathway","Immune system"
"bioplanet_1147","ERBB1 internalization pathway","Signal transduction"
"bioplanet_1147","ERBB1 internalization pathway","Stress response"
"bioplanet_1147","ERBB1 internalization pathway","Transcription"
"bioplanet_1147","ERBB1 internalization pathway","Transport"
"bioplanet_1148","Regulatory RNA pathways","Genetic Information Processing: Transcription"
"bioplanet_1148","Regulatory RNA pathways","RNA processing"
"bioplanet_1148","Regulatory RNA pathways","Transcription"
"bioplanet_1148","Regulatory RNA pathways","Transcriptional regulation"
"bioplanet_1149","Cytosolic tRNA aminoacylation","Genetic Information Processing:Translation"
"bioplanet_1149","Cytosolic tRNA aminoacylation","Genetic disease"
"bioplanet_1149","Cytosolic tRNA aminoacylation","Translation"
"bioplanet_1149","Cytosolic tRNA aminoacylation","Transport"
"bioplanet_115","Bioactive peptide-induced signaling pathway","Cancer"
"bioplanet_115","Bioactive peptide-induced signaling pathway","Cardiovascular disease"
"bioplanet_115","Bioactive peptide-induced signaling pathway","Cell proliferation"
"bioplanet_115","Bioactive peptide-induced signaling pathway","CellSignaling"
"bioplanet_115","Bioactive peptide-induced signaling pathway","Circulatory system"
"bioplanet_115","Bioactive peptide-induced signaling pathway","Infectious disease"
"bioplanet_115","Bioactive peptide-induced signaling pathway","Lipid metabolism"
"bioplanet_115","Bioactive peptide-induced signaling pathway","Nervous system"
"bioplanet_115","Bioactive peptide-induced signaling pathway","Small molecule metabolism"
"bioplanet_115","Bioactive peptide-induced signaling pathway","Stress response"
"bioplanet_1150","Binding of RNA by insulin-like growth factor 2 mRNA binding proteins (IGF2BPs/IMPs/VICKZs)","Cancer"
"bioplanet_1150","Binding of RNA by insulin-like growth factor 2 mRNA binding proteins (IGF2BPs/IMPs/VICKZs)","Circulatory system"
"bioplanet_1150","Binding of RNA by insulin-like growth factor 2 mRNA binding proteins (IGF2BPs/IMPs/VICKZs)","Digestive system"
"bioplanet_1150","Binding of RNA by insulin-like growth factor 2 mRNA binding proteins (IGF2BPs/IMPs/VICKZs)","Endocrine system"
"bioplanet_1150","Binding of RNA by insulin-like growth factor 2 mRNA binding proteins (IGF2BPs/IMPs/VICKZs)","Genetic Information Processing:Translation"
"bioplanet_1150","Binding of RNA by insulin-like growth factor 2 mRNA binding proteins (IGF2BPs/IMPs/VICKZs)","Transcription"
"bioplanet_1150","Binding of RNA by insulin-like growth factor 2 mRNA binding proteins (IGF2BPs/IMPs/VICKZs)","Transcriptional regulation"
"bioplanet_1151","mRNA stability regulation by proteins that bind AU-rich elements","Genetic Information Processing:Translation"
"bioplanet_1151","mRNA stability regulation by proteins that bind AU-rich elements","Nucleic acid metabolism"
"bioplanet_1151","mRNA stability regulation by proteins that bind AU-rich elements","RNA processing"
"bioplanet_1151","mRNA stability regulation by proteins that bind AU-rich elements","Stress response"
"bioplanet_1151","mRNA stability regulation by proteins that bind AU-rich elements","Transcription"
"bioplanet_1151","mRNA stability regulation by proteins that bind AU-rich elements","Translation"
"bioplanet_1152","Mitochondrial tRNA aminoacylation","Genetic Information Processing:Translation"
"bioplanet_1152","Mitochondrial tRNA aminoacylation","RNA processing"
"bioplanet_1152","Mitochondrial tRNA aminoacylation","Translation"
"bioplanet_1153","Transcription factor regulation of microRNAs related to cardiac hypertrophy","Cardiovascular disease"
"bioplanet_1153","Transcription factor regulation of microRNAs related to cardiac hypertrophy","Circulatory system"
"bioplanet_1153","Transcription factor regulation of microRNAs related to cardiac hypertrophy","Genetic Information Processing:Translation"
"bioplanet_1153","Transcription factor regulation of microRNAs related to cardiac hypertrophy","Transcription"
"bioplanet_1153","Transcription factor regulation of microRNAs related to cardiac hypertrophy","Transcriptional regulation"
"bioplanet_1154","Deadenylation of mRNA","Genetic Information Processing:Translation"
"bioplanet_1154","Deadenylation of mRNA","Nucleic acid metabolism"
"bioplanet_1154","Deadenylation of mRNA","RNA processing"
"bioplanet_1154","Deadenylation of mRNA","Transcription"
"bioplanet_1154","Deadenylation of mRNA","Transcriptional regulation"
"bioplanet_1154","Deadenylation of mRNA","Translation"
"bioplanet_1154","Deadenylation of mRNA","Transport"
"bioplanet_1155","Small interfering RNA (siRNA) biogenesis","Endocrine and metabolic disease"
"bioplanet_1155","Small interfering RNA (siRNA) biogenesis","Genetic Information Processing:Translation"
"bioplanet_1155","Small interfering RNA (siRNA) biogenesis","RNA processing"
"bioplanet_1155","Small interfering RNA (siRNA) biogenesis","Stress response"
"bioplanet_1155","Small interfering RNA (siRNA) biogenesis","Transcription"
"bioplanet_1156","Stabilization of mRNA by HuR","Genetic Information Processing:Translation"
"bioplanet_1156","Stabilization of mRNA by HuR","Nucleic acid metabolism"
"bioplanet_1156","Stabilization of mRNA by HuR","RNA processing"
"bioplanet_1156","Stabilization of mRNA by HuR","Transcription"
"bioplanet_1157","Activation of mRNA upon binding of the cap-binding complex and eIFs, and subsequent binding to 43S","Cancer"
"bioplanet_1157","Activation of mRNA upon binding of the cap-binding complex and eIFs, and subsequent binding to 43S","Genetic Information Processing:Translation"
"bioplanet_1157","Activation of mRNA upon binding of the cap-binding complex and eIFs, and subsequent binding to 43S","Genetic disease"
"bioplanet_1157","Activation of mRNA upon binding of the cap-binding complex and eIFs, and subsequent binding to 43S","Transcription"
"bioplanet_1157","Activation of mRNA upon binding of the cap-binding complex and eIFs, and subsequent binding to 43S","Transcriptional regulation"
"bioplanet_1157","Activation of mRNA upon binding of the cap-binding complex and eIFs, and subsequent binding to 43S","Translation"
"bioplanet_1158","Eukaryotic translation initiation ternary complex and 43S complex formation","Genetic Information Processing: Transcription"
"bioplanet_1158","Eukaryotic translation initiation ternary complex and 43S complex formation","Protein folding, sorting and degradation"
"bioplanet_1158","Eukaryotic translation initiation ternary complex and 43S complex formation","Translation"
"bioplanet_1159","Destabilization of mRNA by AUF1 (hnRNP D0)","Cell death"
"bioplanet_1159","Destabilization of mRNA by AUF1 (hnRNP D0)","DNA replication"
"bioplanet_1159","Destabilization of mRNA by AUF1 (hnRNP D0)","Genetic Information Processing: Transcription"
"bioplanet_1159","Destabilization of mRNA by AUF1 (hnRNP D0)","Nucleic acid metabolism"
"bioplanet_1159","Destabilization of mRNA by AUF1 (hnRNP D0)","RNA processing"
"bioplanet_1159","Destabilization of mRNA by AUF1 (hnRNP D0)","Stress response"
"bioplanet_116","Presenilin action in Notch and Wnt signaling","Cancer"
"bioplanet_116","Presenilin action in Notch and Wnt signaling","CellSignaling"
"bioplanet_116","Presenilin action in Notch and Wnt signaling","Nervous system"
"bioplanet_116","Presenilin action in Notch and Wnt signaling","Neurological disease"
"bioplanet_116","Presenilin action in Notch and Wnt signaling","Protein modification"
"bioplanet_1160","Destabilization of mRNA by butyrate response factor 1 (BRF1)","Genetic Information Processing: Transcription"
"bioplanet_1160","Destabilization of mRNA by butyrate response factor 1 (BRF1)","Nucleic acid metabolism"
"bioplanet_1160","Destabilization of mRNA by butyrate response factor 1 (BRF1)","RNA processing"
"bioplanet_1160","Destabilization of mRNA by butyrate response factor 1 (BRF1)","Transcription"
"bioplanet_1160","Destabilization of mRNA by butyrate response factor 1 (BRF1)","Transcriptional regulation"
"bioplanet_1161","Destabilization of mRNA by KSRP","Genetic Information Processing: Transcription"
"bioplanet_1161","Destabilization of mRNA by KSRP","RNA processing"
"bioplanet_1161","Destabilization of mRNA by KSRP","Transcriptional regulation"
"bioplanet_1162","Deadenylation-dependent mRNA decay","Genetic Information Processing:Folding, sorting and degradation"
"bioplanet_1162","Deadenylation-dependent mRNA decay","Nucleic acid metabolism"
"bioplanet_1162","Deadenylation-dependent mRNA decay","RNA processing"
"bioplanet_1162","Deadenylation-dependent mRNA decay","Transcription"
"bioplanet_1162","Deadenylation-dependent mRNA decay","Transcriptional regulation"
"bioplanet_1162","Deadenylation-dependent mRNA decay","Translation"
"bioplanet_1162","Deadenylation-dependent mRNA decay","Transport"
"bioplanet_1163","Intronless pre-mRNA processing","Genetic Information Processing: Transcription"
"bioplanet_1163","Intronless pre-mRNA processing","RNA processing"
"bioplanet_1163","Intronless pre-mRNA processing","Transcriptional regulation"
"bioplanet_1164","Gene expression","Cancer"
"bioplanet_1164","Gene expression","Cell division"
"bioplanet_1164","Gene expression","Genetic Information Processing"
"bioplanet_1164","Gene expression","Protein folding, sorting and degradation"
"bioplanet_1164","Gene expression","Transcription"
"bioplanet_1164","Gene expression","Translation"
"bioplanet_1164","Gene expression","Transport"
"bioplanet_1165","Rev-mediated nuclear export of HIV-1 RNA","Human Diseases:Infectious diseases: Viral"
"bioplanet_1165","Rev-mediated nuclear export of HIV-1 RNA","Immune system"
"bioplanet_1165","Rev-mediated nuclear export of HIV-1 RNA","Infectious disease"
"bioplanet_1165","Rev-mediated nuclear export of HIV-1 RNA","RNA processing"
"bioplanet_1165","Rev-mediated nuclear export of HIV-1 RNA","Transport"
"bioplanet_1166","Post-transcriptional silencing by small RNAs","Genetic Information Processing:Translation"
"bioplanet_1166","Post-transcriptional silencing by small RNAs","RNA processing"
"bioplanet_1166","Post-transcriptional silencing by small RNAs","Transcriptional regulation"
"bioplanet_1167","Capped intron-containing pre-mRNA processing","Cell proliferation"
"bioplanet_1167","Capped intron-containing pre-mRNA processing","Genetic Information Processing:Translation"
"bioplanet_1167","Capped intron-containing pre-mRNA processing","RNA processing"
"bioplanet_1167","Capped intron-containing pre-mRNA processing","Transcription"
"bioplanet_1167","Capped intron-containing pre-mRNA processing","Translation"
"bioplanet_1167","Capped intron-containing pre-mRNA processing","Transport"
"bioplanet_1168","Post-elongation processing of intronless pre-mRNA","Genetic Information Processing:Translation"
"bioplanet_1168","Post-elongation processing of intronless pre-mRNA","RNA processing"
"bioplanet_1168","Post-elongation processing of intronless pre-mRNA","Transcription"
"bioplanet_1168","Post-elongation processing of intronless pre-mRNA","Transcriptional regulation"
"bioplanet_1169","HIV life cycle early phase","Cell division"
"bioplanet_1169","HIV life cycle early phase","DNA replication"
"bioplanet_1169","HIV life cycle early phase","Human Diseases:Infectious diseases: Viral"
"bioplanet_1169","HIV life cycle early phase","Immune disease"
"bioplanet_1169","HIV life cycle early phase","Infectious disease"
"bioplanet_117","mTOR signaling pathway","Cancer"
"bioplanet_117","mTOR signaling pathway","CellSignaling"
"bioplanet_117","mTOR signaling pathway","Circulatory system"
"bioplanet_117","mTOR signaling pathway","Endocrine system"
"bioplanet_117","mTOR signaling pathway","Immune system"
"bioplanet_117","mTOR signaling pathway","Nervous system"
"bioplanet_117","mTOR signaling pathway","Small molecule metabolism"
"bioplanet_117","mTOR signaling pathway","Translation"
"bioplanet_1170","SLBP-dependent processing of replication-dependent histone pre-mRNAs","Carbohydrate metabolism"
"bioplanet_1170","SLBP-dependent processing of replication-dependent histone pre-mRNAs","Genetic Information Processing: Transcription"
"bioplanet_1170","SLBP-dependent processing of replication-dependent histone pre-mRNAs","Transcription"
"bioplanet_1170","SLBP-dependent processing of replication-dependent histone pre-mRNAs","Transcriptional regulation"
"bioplanet_1171","DNA replication pre-Initiation","Cell death"
"bioplanet_1171","DNA replication pre-Initiation","Cell division"
"bioplanet_1171","DNA replication pre-Initiation","DNA repair"
"bioplanet_1171","DNA replication pre-Initiation","DNA replication"
"bioplanet_1171","DNA replication pre-Initiation","Genetic Information Processing:Replication and repair"
"bioplanet_1171","DNA replication pre-Initiation","Stress response"
"bioplanet_1172","DNA replication","Cancer"
"bioplanet_1172","DNA replication","DNA repair"
"bioplanet_1172","DNA replication","DNA replication"
"bioplanet_1172","DNA replication","Genetic Information Processing:Replication and repair"
"bioplanet_1172","DNA replication","Immune disease"
"bioplanet_1172","DNA replication","Nucleic acid metabolism"
"bioplanet_1173","DNA damage reversal","Cancer"
"bioplanet_1173","DNA damage reversal","DNA repair"
"bioplanet_1173","DNA damage reversal","Genetic Information Processing:Replication and repair"
"bioplanet_1174","DNA replication initiation","Cancer"
"bioplanet_1174","DNA replication initiation","Cell division"
"bioplanet_1174","DNA replication initiation","DNA replication"
"bioplanet_1174","DNA replication initiation","Genetic Information Processing:Replication and repair"
"bioplanet_1174","DNA replication initiation","Stress response"
"bioplanet_1175","DNA damage bypass","Cancer"
"bioplanet_1175","DNA damage bypass","DNA repair"
"bioplanet_1175","DNA damage bypass","DNA replication"
"bioplanet_1175","DNA damage bypass","Genetic Information Processing:Replication and repair"
"bioplanet_1175","DNA damage bypass","Nucleic acid metabolism"
"bioplanet_1176","DNA strand elongation","Cancer"
"bioplanet_1176","DNA strand elongation","DNA repair"
"bioplanet_1176","DNA strand elongation","DNA replication"
"bioplanet_1176","DNA strand elongation","Genetic Information Processing:Replication and repair"
"bioplanet_1176","DNA strand elongation","Nucleic acid metabolism"
"bioplanet_1177","DNA-PK pathway in nonhomologous end joining","Cancer"
"bioplanet_1177","DNA-PK pathway in nonhomologous end joining","DNA repair"
"bioplanet_1177","DNA-PK pathway in nonhomologous end joining","Genetic Information Processing:Replication and repair"
"bioplanet_1178","ATM-dependent DNA damage response","Cancer"
"bioplanet_1178","ATM-dependent DNA damage response","DNA repair"
"bioplanet_1178","ATM-dependent DNA damage response","Genetic Information Processing:Replication and repair"
"bioplanet_1178","ATM-dependent DNA damage response","Stress response"
"bioplanet_1179","G2/M DNA damage checkpoint","Cancer"
"bioplanet_1179","G2/M DNA damage checkpoint","Cell division"
"bioplanet_1179","G2/M DNA damage checkpoint","Cellular Processes:Cell growth and death:Cell Cycle"
"bioplanet_1179","G2/M DNA damage checkpoint","Circulatory system"
"bioplanet_1179","G2/M DNA damage checkpoint","DNA repair"
"bioplanet_1179","G2/M DNA damage checkpoint","Reproduction"
"bioplanet_118","Ceramide signaling pathway","Cancer"
"bioplanet_118","Ceramide signaling pathway","Cell death"
"bioplanet_118","Ceramide signaling pathway","Cell differentiation"
"bioplanet_118","Ceramide signaling pathway","Cell proliferation"
"bioplanet_118","Ceramide signaling pathway","CellSignaling"
"bioplanet_118","Ceramide signaling pathway","Immune system"
"bioplanet_118","Ceramide signaling pathway","Infectious disease"
"bioplanet_118","Ceramide signaling pathway","Nervous system"
"bioplanet_118","Ceramide signaling pathway","Stress response"
"bioplanet_1180","G2/M DNA replication checkpoint","Cancer"
"bioplanet_1180","G2/M DNA replication checkpoint","Cellular Processes:Cell growth and death:Cell Cycle"
"bioplanet_1180","G2/M DNA replication checkpoint","DNA replication"
"bioplanet_1180","G2/M DNA replication checkpoint","Reproduction"
"bioplanet_1181","Homologous DNA pairing and strand exchange","DNA repair"
"bioplanet_1181","Homologous DNA pairing and strand exchange","DNA replication"
"bioplanet_1181","Homologous DNA pairing and strand exchange","Genetic Information Processing:Replication and repair"
"bioplanet_1181","Homologous DNA pairing and strand exchange","Genetic disease"
"bioplanet_1181","Homologous DNA pairing and strand exchange","Nucleic acid metabolism"
"bioplanet_1181","Homologous DNA pairing and strand exchange","Stress response"
"bioplanet_1182","Unwinding of DNA","DNA repair"
"bioplanet_1182","Unwinding of DNA","DNA replication"
"bioplanet_1182","Unwinding of DNA","Genetic Information Processing:Replication and repair"
"bioplanet_1182","Unwinding of DNA","Transcription"
"bioplanet_1182","Unwinding of DNA","Transcriptional regulation"
"bioplanet_1183","Proteins and DNA sequences in cardicac structures","Cardiovascular disease"
"bioplanet_1183","Proteins and DNA sequences in cardicac structures","DNA replication"
"bioplanet_1183","Proteins and DNA sequences in cardicac structures","Organismal Systems:Circulatory system"
"bioplanet_1183","Proteins and DNA sequences in cardicac structures","Protein modification"
"bioplanet_1184","DNA end processing prior to end rejoining","Cell division"
"bioplanet_1184","DNA end processing prior to end rejoining","DNA repair"
"bioplanet_1184","DNA end processing prior to end rejoining","DNA replication"
"bioplanet_1184","DNA end processing prior to end rejoining","Genetic Information Processing:Replication and repair"
"bioplanet_1185","S phase","Cell division"
"bioplanet_1185","S phase","Cellular Processes:Cell growth and death:Cell Cycle"
"bioplanet_1185","S phase","DNA repair"
"bioplanet_1185","S phase","DNA replication"
"bioplanet_1186","G2/M checkpoints","Cell division"
"bioplanet_1186","G2/M checkpoints","Cellular Processes:Cell growth and death:Cell Cycle"
"bioplanet_1186","G2/M checkpoints","DNA repair"
"bioplanet_1186","G2/M checkpoints","DNA replication"
"bioplanet_1186","G2/M checkpoints","Genetic disease"
"bioplanet_1186","G2/M checkpoints","Physical disorder"
"bioplanet_1187","E2F-mediated regulation of DNA replication","Cell proliferation"
"bioplanet_1187","E2F-mediated regulation of DNA replication","Cellular Processes:Cell growth and death:Cell Cycle"
"bioplanet_1187","E2F-mediated regulation of DNA replication","DNA replication"
"bioplanet_1187","E2F-mediated regulation of DNA replication","Genetic disease"
"bioplanet_1187","E2F-mediated regulation of DNA replication","Stress response"
"bioplanet_1187","E2F-mediated regulation of DNA replication","Transcription"
"bioplanet_1187","E2F-mediated regulation of DNA replication","Transcriptional regulation"
"bioplanet_1188","Formation of viral DNA circles by autointegration","Genetic Information Processing:Replication and repair"
"bioplanet_1188","Formation of viral DNA circles by autointegration","Infectious disease"
"bioplanet_1188","Formation of viral DNA circles by autointegration","Transcriptional regulation"
"bioplanet_1189","Activation of the pre-replicative complex","Cell division"
"bioplanet_1189","Activation of the pre-replicative complex","DNA repair"
"bioplanet_1189","Activation of the pre-replicative complex","DNA replication"
"bioplanet_1189","Activation of the pre-replicative complex","Genetic Information Processing:Replication and repair"
"bioplanet_1189","Activation of the pre-replicative complex","Genetic disease"
"bioplanet_1189","Activation of the pre-replicative complex","Stress response"
"bioplanet_119","Signaling pathway from G-protein families","CellSignaling"
"bioplanet_119","Signaling pathway from G-protein families","Chronology"
"bioplanet_119","Signaling pathway from G-protein families","Circulatory system"
"bioplanet_119","Signaling pathway from G-protein families","CytokinesChemokines"
"bioplanet_119","Signaling pathway from G-protein families","G-protein coupled receptor"
"bioplanet_119","Signaling pathway from G-protein families","Nervous system"
"bioplanet_119","Signaling pathway from G-protein families","Stress response"
"bioplanet_119","Signaling pathway from G-protein families","Transport"
"bioplanet_1190","Cytosolic sensors of pathogen-associated DNA","Immune system"
"bioplanet_1190","Cytosolic sensors of pathogen-associated DNA","Infectious disease"
"bioplanet_1190","Cytosolic sensors of pathogen-associated DNA","Organismal Systems:Immune system"
"bioplanet_1190","Cytosolic sensors of pathogen-associated DNA","Stress response"
"bioplanet_1191","Mechanisms of transcriptional repression by DNA methylation","Genetic Information Processing: Transcription"
"bioplanet_1191","Mechanisms of transcriptional repression by DNA methylation","Transcription"
"bioplanet_1191","Mechanisms of transcriptional repression by DNA methylation","Transcriptional regulation"
"bioplanet_1192","","Genetic Information Processing:Replication and repair"
"bioplanet_1193","Inhibition of replication initiation of damaged DNA by RB1/E2F1","Cancer"
"bioplanet_1193","Inhibition of replication initiation of damaged DNA by RB1/E2F1","DNA repair"
"bioplanet_1193","Inhibition of replication initiation of damaged DNA by RB1/E2F1","DNA replication"
"bioplanet_1193","Inhibition of replication initiation of damaged DNA by RB1/E2F1","Genetic Information Processing:Replication and repair"
"bioplanet_1193","Inhibition of replication initiation of damaged DNA by RB1/E2F1","Nucleic acid metabolism"
"bioplanet_1194","Integration of provirus","DNA repair"
"bioplanet_1194","Integration of provirus","DNA replication"
"bioplanet_1194","Integration of provirus","Genetic Information Processing:Replication and repair"
"bioplanet_1194","Integration of provirus","Infectious disease"
"bioplanet_1194","Integration of provirus","Protein modification"
"bioplanet_1195","Chk1/Chk2(Cds1)-mediated inactivation of cyclin B-Cdk1 complex","Cell division"
"bioplanet_1195","Chk1/Chk2(Cds1)-mediated inactivation of cyclin B-Cdk1 complex","Cellular Processes:Cell growth and death:Cell Cycle"
"bioplanet_1195","Chk1/Chk2(Cds1)-mediated inactivation of cyclin B-Cdk1 complex","Reproduction"
"bioplanet_1196","Association of licensing factors with the pre-replicative complex","Cell division"
"bioplanet_1196","Association of licensing factors with the pre-replicative complex","Chronology"
"bioplanet_1196","Association of licensing factors with the pre-replicative complex","DNA repair"
"bioplanet_1196","Association of licensing factors with the pre-replicative complex","DNA replication"
"bioplanet_1196","Association of licensing factors with the pre-replicative complex","Genetic Information Processing:Replication and repair"
"bioplanet_1196","Association of licensing factors with the pre-replicative complex","Stress response"
"bioplanet_1196","Association of licensing factors with the pre-replicative complex","Transport"
"bioplanet_1197","E2F-enabled inhibition of pre-replication complex formation","Cell division"
"bioplanet_1197","E2F-enabled inhibition of pre-replication complex formation","DNA replication"
"bioplanet_1197","E2F-enabled inhibition of pre-replication complex formation","Genetic Information Processing:Replication and repair"
"bioplanet_1197","E2F-enabled inhibition of pre-replication complex formation","Genetic disease"
"bioplanet_1197","E2F-enabled inhibition of pre-replication complex formation","Transcription"
"bioplanet_1197","E2F-enabled inhibition of pre-replication complex formation","Transcriptional regulation"
"bioplanet_1198","Phase II of biological oxidations: conjugation","Genetic disease"
"bioplanet_1198","Phase II of biological oxidations: conjugation","Lipid metabolism"
"bioplanet_1198","Phase II of biological oxidations: conjugation","Metabolism"
"bioplanet_1198","Phase II of biological oxidations: conjugation","Small molecule metabolism"
"bioplanet_1198","Phase II of biological oxidations: conjugation","Xenobiotic metabolism"
"bioplanet_1199","Activation of BMF and translocation to mitochondria","Cell death"
"bioplanet_1199","Activation of BMF and translocation to mitochondria","Cellular Processes:Cell growth and death:Apoptosis"
"bioplanet_1199","Activation of BMF and translocation to mitochondria","Circulatory system"
"bioplanet_12","Granzyme A-mediated apoptosis pathway","Apoptosis"
"bioplanet_12","Granzyme A-mediated apoptosis pathway","Cell death"
"bioplanet_12","Granzyme A-mediated apoptosis pathway","Immune system"
"bioplanet_120","Cytokines and inflammatory response","Cell growth"
"bioplanet_120","Cytokines and inflammatory response","Cell motility"
"bioplanet_120","Cytokines and inflammatory response","Cell proliferation"
"bioplanet_120","Cytokines and inflammatory response","CellSignaling"
"bioplanet_120","Cytokines and inflammatory response","Circulatory system"
"bioplanet_120","Cytokines and inflammatory response","CytokinesChemokines"
"bioplanet_120","Cytokines and inflammatory response","Immune disease"
"bioplanet_120","Cytokines and inflammatory response","Immune system"
"bioplanet_120","Cytokines and inflammatory response","Infectious disease"
"bioplanet_1200","Activation of NOXA and translocation to mitochondria","Cancer"
"bioplanet_1200","Activation of NOXA and translocation to mitochondria","Cellular Processes:Cell growth and death:Apoptosis"
"bioplanet_1200","Activation of NOXA and translocation to mitochondria","Stress response"
"bioplanet_1201","Activation of BH3-only proteins","Cancer"
"bioplanet_1201","Activation of BH3-only proteins","Cellular Processes:Cell growth and death:Apoptosis"
"bioplanet_1201","Activation of BH3-only proteins","Nervous system"
"bioplanet_1201","Activation of BH3-only proteins","Stress response"
"bioplanet_1202","CREB phosphorylation through the activation of CaMKK","Cell differentiation"
"bioplanet_1202","CREB phosphorylation through the activation of CaMKK","Nervous system"
"bioplanet_1202","CREB phosphorylation through the activation of CaMKK","Neurological disease"
"bioplanet_1202","CREB phosphorylation through the activation of CaMKK","Organismal Systems:Nervous system"
"bioplanet_1202","CREB phosphorylation through the activation of CaMKK","Protein modification"
"bioplanet_1202","CREB phosphorylation through the activation of CaMKK","Small molecule metabolism"
"bioplanet_1202","CREB phosphorylation through the activation of CaMKK","Substance dependence"
"bioplanet_1203","Acetylcholine binding and downstream events","Nervous system"
"bioplanet_1203","Acetylcholine binding and downstream events","Neurological disease"
"bioplanet_1203","Acetylcholine binding and downstream events","Organismal Systems:Nervous system"
"bioplanet_1203","Acetylcholine binding and downstream events","Substance dependence"
"bioplanet_1203","Acetylcholine binding and downstream events","Transport"
"bioplanet_1204","Unblocking of NMDA receptor, glutamate binding and activation","Nervous system"
"bioplanet_1204","Unblocking of NMDA receptor, glutamate binding and activation","Neurological disease"
"bioplanet_1204","Unblocking of NMDA receptor, glutamate binding and activation","Organismal Systems:Nervous system"
"bioplanet_1204","Unblocking of NMDA receptor, glutamate binding and activation","Substance dependence"
"bioplanet_1204","Unblocking of NMDA receptor, glutamate binding and activation","Transcription"
"bioplanet_1204","Unblocking of NMDA receptor, glutamate binding and activation","Transport"
"bioplanet_1205","Immunoregulatory interactions between a lymphoid and a non-lymphoid cell","Cell proliferation"
"bioplanet_1205","Immunoregulatory interactions between a lymphoid and a non-lymphoid cell","Immune system"
"bioplanet_1205","Immunoregulatory interactions between a lymphoid and a non-lymphoid cell","Infectious disease"
"bioplanet_1205","Immunoregulatory interactions between a lymphoid and a non-lymphoid cell","Organismal Systems:Immune system"
"bioplanet_1206","MHC class II antigen presentation","Cell differentiation"
"bioplanet_1206","MHC class II antigen presentation","Immune disease"
"bioplanet_1206","MHC class II antigen presentation","Immune system"
"bioplanet_1206","MHC class II antigen presentation","Infectious disease"
"bioplanet_1206","MHC class II antigen presentation","Organismal Systems:Immune system"
"bioplanet_1206","MHC class II antigen presentation","Stress response"
"bioplanet_1207","Gene expression regulation in pancreatic beta cells","Carbohydrate metabolism"
"bioplanet_1207","Gene expression regulation in pancreatic beta cells","Endocrine and metabolic disease"
"bioplanet_1207","Gene expression regulation in pancreatic beta cells","Endocrine system"
"bioplanet_1207","Gene expression regulation in pancreatic beta cells","Genetic Information Processing:Translation"
"bioplanet_1207","Gene expression regulation in pancreatic beta cells","Small molecule metabolism"
"bioplanet_1207","Gene expression regulation in pancreatic beta cells","Transcription"
"bioplanet_1207","Gene expression regulation in pancreatic beta cells","Translation"
"bioplanet_1208","Defensins","Endocrine and metabolic disease"
"bioplanet_1208","Defensins","Immune system"
"bioplanet_1208","Defensins","Infectious disease"
"bioplanet_1208","Defensins","Organismal Systems:Immune system"
"bioplanet_1209","Serotonin receptors","G-protein coupled receptor"
"bioplanet_1209","Serotonin receptors","Neurological disease"
"bioplanet_1209","Serotonin receptors","Signal transduction:GPCRs"
"bioplanet_1209","Serotonin receptors","Substance dependence"
"bioplanet_121","PDGFA signaling pathway","Cell proliferation"
"bioplanet_121","PDGFA signaling pathway","CellSignaling"
"bioplanet_121","PDGFA signaling pathway","Circulatory system"
"bioplanet_121","PDGFA signaling pathway","CytokinesChemokines"
"bioplanet_121","PDGFA signaling pathway","Immune system"
"bioplanet_121","PDGFA signaling pathway","Infectious disease"
"bioplanet_121","PDGFA signaling pathway","Stress response"
"bioplanet_121","PDGFA signaling pathway","Transcription"
"bioplanet_1210","Dopamine receptors","Nervous system"
"bioplanet_1210","Dopamine receptors","Neurological disease"
"bioplanet_1210","Dopamine receptors","Signal transduction:GPCRs"
"bioplanet_1211","Histamine receptors","G-protein coupled receptor"
"bioplanet_1211","Histamine receptors","Nervous system"
"bioplanet_1211","Histamine receptors","Neurological disease"
"bioplanet_1211","Histamine receptors","Signal transduction:GPCRs"
"bioplanet_1212","Muscarinic acetylcholine receptors","G-protein coupled receptor"
"bioplanet_1212","Muscarinic acetylcholine receptors","Nervous system"
"bioplanet_1212","Muscarinic acetylcholine receptors","Signal transduction:GPCRs"
"bioplanet_1213","Adrenoceptors","Cardiovascular disease"
"bioplanet_1213","Adrenoceptors","Circulatory system"
"bioplanet_1213","Adrenoceptors","G-protein coupled receptor"
"bioplanet_1213","Adrenoceptors","Nervous system"
"bioplanet_1213","Adrenoceptors","Signal transduction:GPCRs"
"bioplanet_1214","Axonal growth stimulation","Cell differentiation"
"bioplanet_1214","Axonal growth stimulation","Cell growth"
"bioplanet_1214","Axonal growth stimulation","Cell proliferation"
"bioplanet_1214","Axonal growth stimulation","Nervous system"
"bioplanet_1214","Axonal growth stimulation","Neurological disease"
"bioplanet_1214","Axonal growth stimulation","Signal transduction"
"bioplanet_1215","NGF-independant TRKA activation","Nervous system"
"bioplanet_1215","NGF-independant TRKA activation","Neurological disease"
"bioplanet_1215","NGF-independant TRKA activation","Protein modification"
"bioplanet_1215","NGF-independant TRKA activation","Signal transduction"
"bioplanet_1216","Tachykinin receptors bind tachykinins","Cell death"
"bioplanet_1216","Tachykinin receptors bind tachykinins","Circulatory system"
"bioplanet_1216","Tachykinin receptors bind tachykinins","Nervous system"
"bioplanet_1216","Tachykinin receptors bind tachykinins","Signal transduction"
"bioplanet_1217","Transcriptional activity of SMAD2/SMAD3-SMAD4 heterotrimer","Chronology"
"bioplanet_1217","Transcriptional activity of SMAD2/SMAD3-SMAD4 heterotrimer","Signal transduction"
"bioplanet_1217","Transcriptional activity of SMAD2/SMAD3-SMAD4 heterotrimer","Small molecule metabolism"
"bioplanet_1217","Transcriptional activity of SMAD2/SMAD3-SMAD4 heterotrimer","Stress response"
"bioplanet_1217","Transcriptional activity of SMAD2/SMAD3-SMAD4 heterotrimer","Transcription"
"bioplanet_1217","Transcriptional activity of SMAD2/SMAD3-SMAD4 heterotrimer","Transcriptional regulation"
"bioplanet_1218","Arachidonate production from diacylglycerol","Circulatory system"
"bioplanet_1218","Arachidonate production from diacylglycerol","Lipid metabolism"
"bioplanet_1218","Arachidonate production from diacylglycerol","Musculoskeletal system"
"bioplanet_1218","Arachidonate production from diacylglycerol","Nervous system"
"bioplanet_1218","Arachidonate production from diacylglycerol","Signal transduction"
"bioplanet_1218","Arachidonate production from diacylglycerol","Small molecule metabolism"
"bioplanet_1219","Vasopressin-like receptors","Cardiovascular disease"
"bioplanet_1219","Vasopressin-like receptors","Circulatory system"
"bioplanet_1219","Vasopressin-like receptors","G-protein coupled receptor"
"bioplanet_1219","Vasopressin-like receptors","Nervous system"
"bioplanet_1219","Vasopressin-like receptors","Signal transduction"
"bioplanet_1219","Vasopressin-like receptors","Stress response"
"bioplanet_122","TNF/stress-related signaling","Cell death"
"bioplanet_122","TNF/stress-related signaling","Cell differentiation"
"bioplanet_122","TNF/stress-related signaling","CellSignaling"
"bioplanet_122","TNF/stress-related signaling","CytokinesChemokines"
"bioplanet_122","TNF/stress-related signaling","Immune system"
"bioplanet_122","TNF/stress-related signaling","Infectious disease"
"bioplanet_1220","Beta-klotho-mediated ligand binding","Immune system"
"bioplanet_1220","Beta-klotho-mediated ligand binding","Signal transduction"
"bioplanet_1221","Axonogenesis regulation by p75 neurotrophin receptor","Cell differentiation"
"bioplanet_1221","Axonogenesis regulation by p75 neurotrophin receptor","Nervous system"
"bioplanet_1221","Axonogenesis regulation by p75 neurotrophin receptor","Neurological disease"
"bioplanet_1221","Axonogenesis regulation by p75 neurotrophin receptor","Signal transduction"
"bioplanet_1222","CREB phosphorylation","Nervous system"
"bioplanet_1222","CREB phosphorylation","Neurological disease"
"bioplanet_1222","CREB phosphorylation","Protein modification"
"bioplanet_1222","CREB phosphorylation","Signal transduction"
"bioplanet_1222","CREB phosphorylation","Stress response"
"bioplanet_1222","CREB phosphorylation","Transcription"
"bioplanet_1222","CREB phosphorylation","Transcriptional regulation"
"bioplanet_1223","Calcitonin-like ligand receptors","Circulatory system"
"bioplanet_1223","Calcitonin-like ligand receptors","G-protein coupled receptor"
"bioplanet_1223","Calcitonin-like ligand receptors","Signal transduction"
"bioplanet_1224","Calmodulin activation of PDE 1","Circulatory system"
"bioplanet_1224","Calmodulin activation of PDE 1","Immune system"
"bioplanet_1224","Calmodulin activation of PDE 1","Neurological disease"
"bioplanet_1224","Calmodulin activation of PDE 1","Nucleic acid metabolism"
"bioplanet_1224","Calmodulin activation of PDE 1","Signal transduction"
"bioplanet_1225","Binding of chemokines to chemokine receptors","Cell motility"
"bioplanet_1225","Binding of chemokines to chemokine receptors","Immune disease"
"bioplanet_1225","Binding of chemokines to chemokine receptors","Immune system"
"bioplanet_1225","Binding of chemokines to chemokine receptors","Infectious disease"
"bioplanet_1225","Binding of chemokines to chemokine receptors","Signal transduction"
"bioplanet_1226","Class B GPCRs (secretin family receptors)","Cancer"
"bioplanet_1226","Class B GPCRs (secretin family receptors)","Circulatory system"
"bioplanet_1226","Class B GPCRs (secretin family receptors)","Digestive system"
"bioplanet_1226","Class B GPCRs (secretin family receptors)","Endocrine system"
"bioplanet_1226","Class B GPCRs (secretin family receptors)","G-protein coupled receptor"
"bioplanet_1226","Class B GPCRs (secretin family receptors)","Genetic disease"
"bioplanet_1226","Class B GPCRs (secretin family receptors)","Nervous system"
"bioplanet_1226","Class B GPCRs (secretin family receptors)","Sensory system"
"bioplanet_1226","Class B GPCRs (secretin family receptors)","Signal transduction"
"bioplanet_1227","","Signal transduction"
"bioplanet_1228","Downregulation of SMAD2/3-SMAD4 transcriptional activity","Chronology"
"bioplanet_1228","Downregulation of SMAD2/3-SMAD4 transcriptional activity","Genetic disease"
"bioplanet_1228","Downregulation of SMAD2/3-SMAD4 transcriptional activity","Signal transduction"
"bioplanet_1228","Downregulation of SMAD2/3-SMAD4 transcriptional activity","Stress response"
"bioplanet_1228","Downregulation of SMAD2/3-SMAD4 transcriptional activity","Transcription"
"bioplanet_1228","Downregulation of SMAD2/3-SMAD4 transcriptional activity","Transcriptional regulation"
"bioplanet_1228","Downregulation of SMAD2/3-SMAD4 transcriptional activity","Transport"
"bioplanet_1229","ERK activation","Cancer"
"bioplanet_1229","ERK activation","Cell division"
"bioplanet_1229","ERK activation","Immune system"
"bioplanet_1229","ERK activation","Infectious disease"
"bioplanet_1229","ERK activation","Signal transduction"
"bioplanet_123","TNFR2 signaling pathway","Cell death"
"bioplanet_123","TNFR2 signaling pathway","Cell differentiation"
"bioplanet_123","TNFR2 signaling pathway","CellSignaling"
"bioplanet_123","TNFR2 signaling pathway","Circulatory system"
"bioplanet_123","TNFR2 signaling pathway","CytokinesChemokines"
"bioplanet_123","TNFR2 signaling pathway","Immune system"
"bioplanet_123","TNFR2 signaling pathway","Infectious disease"
"bioplanet_1230","ERK1 activation","Cancer"
"bioplanet_1230","ERK1 activation","Immune system"
"bioplanet_1230","ERK1 activation","Infectious disease"
"bioplanet_1230","ERK1 activation","Reproduction"
"bioplanet_1230","ERK1 activation","Signal transduction"
"bioplanet_1230","ERK1 activation","Stress response"
"bioplanet_1231","ERK inactivation","Immune system"
"bioplanet_1231","ERK inactivation","Reproduction"
"bioplanet_1231","ERK inactivation","Signal transduction"
"bioplanet_1231","ERK inactivation","Stress response"
"bioplanet_1232","PIP2 hydrolysis","Carbohydrate metabolism"
"bioplanet_1232","PIP2 hydrolysis","Signal transduction"
"bioplanet_1232","PIP2 hydrolysis","Small molecule metabolism"
"bioplanet_1232","PIP2 hydrolysis","Transport"
"bioplanet_1233","Eicosanoid ligand-binding G-protein coupled receptors","G-protein coupled receptor"
"bioplanet_1233","Eicosanoid ligand-binding G-protein coupled receptors","Nervous system"
"bioplanet_1233","Eicosanoid ligand-binding G-protein coupled receptors","Signal transduction"
"bioplanet_1233","Eicosanoid ligand-binding G-protein coupled receptors","Stress response"
"bioplanet_1234","Energy-dependent regulation of mTOR by LKB1-AMPK","Cancer"
"bioplanet_1234","Energy-dependent regulation of mTOR by LKB1-AMPK","Cardiovascular disease"
"bioplanet_1234","Energy-dependent regulation of mTOR by LKB1-AMPK","Endocrine and metabolic disease"
"bioplanet_1234","Energy-dependent regulation of mTOR by LKB1-AMPK","Endocrine system"
"bioplanet_1234","Energy-dependent regulation of mTOR by LKB1-AMPK","Genetic disease"
"bioplanet_1234","Energy-dependent regulation of mTOR by LKB1-AMPK","Immune disease"
"bioplanet_1234","Energy-dependent regulation of mTOR by LKB1-AMPK","Lipid metabolism"
"bioplanet_1234","Energy-dependent regulation of mTOR by LKB1-AMPK","Signal transduction"
"bioplanet_1234","Energy-dependent regulation of mTOR by LKB1-AMPK","Stress response"
"bioplanet_1235","FGFR ligand binding and activation","Cancer"
"bioplanet_1235","FGFR ligand binding and activation","Cell proliferation"
"bioplanet_1235","FGFR ligand binding and activation","Circulatory system"
"bioplanet_1235","FGFR ligand binding and activation","Immune system"
"bioplanet_1235","FGFR ligand binding and activation","Musculoskeletal system"
"bioplanet_1235","FGFR ligand binding and activation","Nervous system"
"bioplanet_1235","FGFR ligand binding and activation","Protein modification"
"bioplanet_1235","FGFR ligand binding and activation","Reproduction"
"bioplanet_1235","FGFR ligand binding and activation","Signal transduction"
"bioplanet_1235","FGFR ligand binding and activation","Stress response"
"bioplanet_1236","FGFR1b ligand binding and activation","Cancer"
"bioplanet_1236","FGFR1b ligand binding and activation","Cell division"
"bioplanet_1236","FGFR1b ligand binding and activation","Circulatory system"
"bioplanet_1236","FGFR1b ligand binding and activation","Genetic disease"
"bioplanet_1236","FGFR1b ligand binding and activation","Immune system"
"bioplanet_1236","FGFR1b ligand binding and activation","Musculoskeletal system"
"bioplanet_1236","FGFR1b ligand binding and activation","Physical disorder"
"bioplanet_1236","FGFR1b ligand binding and activation","Signal transduction"
"bioplanet_1237","FGFR1c and klotho ligand binding and activation","Cell division"
"bioplanet_1237","FGFR1c and klotho ligand binding and activation","Genetic disease"
"bioplanet_1237","FGFR1c and klotho ligand binding and activation","Immune system"
"bioplanet_1237","FGFR1c and klotho ligand binding and activation","Signal transduction"
"bioplanet_1238","FGFR2b ligand binding and activation","Cancer"
"bioplanet_1238","FGFR2b ligand binding and activation","Genetic disease"
"bioplanet_1238","FGFR2b ligand binding and activation","Physical disorder"
"bioplanet_1238","FGFR2b ligand binding and activation","Signal transduction"
"bioplanet_1239","FGFR3 ligand binding and activation","Cancer"
"bioplanet_1239","FGFR3 ligand binding and activation","Genetic disease"
"bioplanet_1239","FGFR3 ligand binding and activation","Immune system"
"bioplanet_1239","FGFR3 ligand binding and activation","Physical disorder"
"bioplanet_1239","FGFR3 ligand binding and activation","Signal transduction"
"bioplanet_124","TPO signaling pathway","Cardiovascular disease"
"bioplanet_124","TPO signaling pathway","Cell proliferation"
"bioplanet_124","TPO signaling pathway","CellSignaling"
"bioplanet_124","TPO signaling pathway","Circulatory system"
"bioplanet_124","TPO signaling pathway","CytokinesChemokines"
"bioplanet_1240","FGFR3b ligand binding and activation","Cardiovascular disease"
"bioplanet_1240","FGFR3b ligand binding and activation","Cell division"
"bioplanet_1240","FGFR3b ligand binding and activation","Physical disorder"
"bioplanet_1240","FGFR3b ligand binding and activation","Signal transduction"
"bioplanet_1241","FGFR4 ligand binding and activation","Cancer"
"bioplanet_1241","FGFR4 ligand binding and activation","Cardiovascular disease"
"bioplanet_1241","FGFR4 ligand binding and activation","Circulatory system"
"bioplanet_1241","FGFR4 ligand binding and activation","Immune system"
"bioplanet_1241","FGFR4 ligand binding and activation","Signal transduction"
"bioplanet_1242","FRS2-mediated cascade","Cancer"
"bioplanet_1242","FRS2-mediated cascade","Cell proliferation"
"bioplanet_1242","FRS2-mediated cascade","Genetic disease"
"bioplanet_1242","FRS2-mediated cascade","Infectious disease"
"bioplanet_1242","FRS2-mediated cascade","Musculoskeletal system"
"bioplanet_1242","FRS2-mediated cascade","Physical disorder"
"bioplanet_1242","FRS2-mediated cascade","Reproduction"
"bioplanet_1242","FRS2-mediated cascade","Signal transduction"
"bioplanet_1243","Formyl peptide interaction with formyl peptide receptors","Cell motility"
"bioplanet_1243","Formyl peptide interaction with formyl peptide receptors","Endocrine and metabolic disease"
"bioplanet_1243","Formyl peptide interaction with formyl peptide receptors","G-protein coupled receptor"
"bioplanet_1243","Formyl peptide interaction with formyl peptide receptors","Signal transduction"
"bioplanet_1244","Free fatty acid G-protein coupled receptors","Cardiovascular disease"
"bioplanet_1244","Free fatty acid G-protein coupled receptors","G-protein coupled receptor"
"bioplanet_1244","Free fatty acid G-protein coupled receptors","Lipid metabolism"
"bioplanet_1244","Free fatty acid G-protein coupled receptors","Signal transduction"
"bioplanet_1245","FRS2-mediated activation","Cancer"
"bioplanet_1245","FRS2-mediated activation","Cell differentiation"
"bioplanet_1245","FRS2-mediated activation","Signal transduction"
"bioplanet_1246","G-protein-mediated events","Infectious disease"
"bioplanet_1246","G-protein-mediated events","Nervous system"
"bioplanet_1246","G-protein-mediated events","Neurological disease"
"bioplanet_1246","G-protein-mediated events","Signal transduction"
"bioplanet_1246","G-protein-mediated events","Transport"
"bioplanet_1247","GPCR ligand binding","Cardiovascular disease"
"bioplanet_1247","GPCR ligand binding","Circulatory system"
"bioplanet_1247","GPCR ligand binding","G-protein coupled receptor"
"bioplanet_1247","GPCR ligand binding","Immune system"
"bioplanet_1247","GPCR ligand binding","Nervous system"
"bioplanet_1247","GPCR ligand binding","Neurological disease"
"bioplanet_1247","GPCR ligand binding","Signal transduction"
"bioplanet_1248","Glucagon-type ligand receptors","Cancer"
"bioplanet_1248","Glucagon-type ligand receptors","Cardiovascular disease"
"bioplanet_1248","Glucagon-type ligand receptors","Digestive system"
"bioplanet_1248","Glucagon-type ligand receptors","Endocrine and metabolic disease"
"bioplanet_1248","Glucagon-type ligand receptors","Signal transduction"
"bioplanet_1248","Glucagon-type ligand receptors","Small molecule metabolism"
"bioplanet_1249","Hormone ligand-binding G-protein coupled receptors","Endocrine and metabolic disease"
"bioplanet_1249","Hormone ligand-binding G-protein coupled receptors","Endocrine system"
"bioplanet_1249","Hormone ligand-binding G-protein coupled receptors","G-protein coupled receptor"
"bioplanet_1249","Hormone ligand-binding G-protein coupled receptors","Signal transduction"
"bioplanet_1249","Hormone ligand-binding G-protein coupled receptors","Stress response"
"bioplanet_125","CARM1 transcriptional regulation by protein methylation","Cancer"
"bioplanet_125","CARM1 transcriptional regulation by protein methylation","Cell death"
"bioplanet_125","CARM1 transcriptional regulation by protein methylation","CellSignaling"
"bioplanet_125","CARM1 transcriptional regulation by protein methylation","CytokinesChemokines"
"bioplanet_125","CARM1 transcriptional regulation by protein methylation","Endocrine system"
"bioplanet_125","CARM1 transcriptional regulation by protein methylation","Immune system"
"bioplanet_125","CARM1 transcriptional regulation by protein methylation","Protein modification"
"bioplanet_125","CARM1 transcriptional regulation by protein methylation","Transcriptional regulation"
"bioplanet_125","CARM1 transcriptional regulation by protein methylation","Transport"
"bioplanet_125","CARM1 transcriptional regulation by protein methylation","expression"
"bioplanet_1250","Insulin receptor substrate (IRS) activation","Carbohydrate metabolism"
"bioplanet_1250","Insulin receptor substrate (IRS) activation","Endocrine and metabolic disease"
"bioplanet_1250","Insulin receptor substrate (IRS) activation","Endocrine system"
"bioplanet_1250","Insulin receptor substrate (IRS) activation","Signal transduction"
"bioplanet_1250","Insulin receptor substrate (IRS) activation","Small molecule metabolism"
"bioplanet_1250","Insulin receptor substrate (IRS) activation","Transport"
"bioplanet_1251","Klotho-mediated ligand binding","Cancer"
"bioplanet_1251","Klotho-mediated ligand binding","Immune system"
"bioplanet_1251","Klotho-mediated ligand binding","Signal transduction"
"bioplanet_1252","Leukotriene receptors","Cell motility"
"bioplanet_1252","Leukotriene receptors","G-protein coupled receptor"
"bioplanet_1252","Leukotriene receptors","Infectious disease"
"bioplanet_1252","Leukotriene receptors","Nervous system"
"bioplanet_1252","Leukotriene receptors","Neurological disease"
"bioplanet_1252","Leukotriene receptors","Signal transduction"
"bioplanet_1253","Lysosphingolipid and lysophosphatidic acid (LPA) G-protein coupled receptors","Cell proliferation"
"bioplanet_1253","Lysosphingolipid and lysophosphatidic acid (LPA) G-protein coupled receptors","Endocrine and metabolic disease"
"bioplanet_1253","Lysosphingolipid and lysophosphatidic acid (LPA) G-protein coupled receptors","G-protein coupled receptor"
"bioplanet_1253","Lysosphingolipid and lysophosphatidic acid (LPA) G-protein coupled receptors","Signal transduction"
"bioplanet_1254","MEK activation","Cancer"
"bioplanet_1254","MEK activation","Cardiovascular disease"
"bioplanet_1254","MEK activation","Cell death"
"bioplanet_1254","MEK activation","Cell proliferation"
"bioplanet_1254","MEK activation","Genetic disease"
"bioplanet_1254","MEK activation","Immune system"
"bioplanet_1254","MEK activation","Protein modification"
"bioplanet_1254","MEK activation","Signal transduction"
"bioplanet_1255","Activation of PKB","Digestive system"
"bioplanet_1255","Activation of PKB","Immune system"
"bioplanet_1255","Activation of PKB","Protein modification"
"bioplanet_1255","Activation of PKB","Signal transduction"
"bioplanet_1256","Activation of TRKA receptors","Genetic disease"
"bioplanet_1256","Activation of TRKA receptors","Nervous system"
"bioplanet_1256","Activation of TRKA receptors","Neurological disease"
"bioplanet_1256","Activation of TRKA receptors","Protein modification"
"bioplanet_1256","Activation of TRKA receptors","Signal transduction"
"bioplanet_1257","Nucleotide-like (purinergic) G-protein coupled receptors","G-protein coupled receptor"
"bioplanet_1257","Nucleotide-like (purinergic) G-protein coupled receptors","Immune disease"
"bioplanet_1257","Nucleotide-like (purinergic) G-protein coupled receptors","Infectious disease"
"bioplanet_1257","Nucleotide-like (purinergic) G-protein coupled receptors","Nervous system"
"bioplanet_1257","Nucleotide-like (purinergic) G-protein coupled receptors","Signal transduction"
"bioplanet_1258","Opsins","Chronology"
"bioplanet_1258","Opsins","G-protein coupled receptor"
"bioplanet_1258","Opsins","Nervous system"
"bioplanet_1258","Opsins","Neurological disease"
"bioplanet_1258","Opsins","Sensory system"
"bioplanet_1258","Opsins","Signal transduction"
"bioplanet_1259","Binding of orexin and neuropeptides FF and QRFP to their receptors","Chronology"
"bioplanet_1259","Binding of orexin and neuropeptides FF and QRFP to their receptors","Nervous system"
"bioplanet_1259","Binding of orexin and neuropeptides FF and QRFP to their receptors","Neurological disease"
"bioplanet_1259","Binding of orexin and neuropeptides FF and QRFP to their receptors","Signal transduction"
"bioplanet_126","","CellSignaling"
"bioplanet_126","","CytokinesChemokines"
"bioplanet_126","","Hematopoiesis"
"bioplanet_126","","Immunology"
"bioplanet_1260","Peptide G-protein coupled receptors","Cardiovascular disease"
"bioplanet_1260","Peptide G-protein coupled receptors","Circulatory system"
"bioplanet_1260","Peptide G-protein coupled receptors","Digestive system"
"bioplanet_1260","Peptide G-protein coupled receptors","Endocrine system"
"bioplanet_1260","Peptide G-protein coupled receptors","G-protein coupled receptor"
"bioplanet_1260","Peptide G-protein coupled receptors","Immune system"
"bioplanet_1260","Peptide G-protein coupled receptors","Infectious disease"
"bioplanet_1260","Peptide G-protein coupled receptors","Nervous system"
"bioplanet_1260","Peptide G-protein coupled receptors","Signal transduction"
"bioplanet_1261","Pre-NOTCH expression and processing","Cancer"
"bioplanet_1261","Pre-NOTCH expression and processing","Protein modification"
"bioplanet_1261","Pre-NOTCH expression and processing","Signal transduction"
"bioplanet_1261","Pre-NOTCH expression and processing","Stress response"
"bioplanet_1262","Pre-NOTCH processing in Golgi","Protein folding, sorting and degradation"
"bioplanet_1262","Pre-NOTCH processing in Golgi","Protein modification"
"bioplanet_1262","Pre-NOTCH processing in Golgi","Signal transduction"
"bioplanet_1262","Pre-NOTCH processing in Golgi","Stress response"
"bioplanet_1262","Pre-NOTCH processing in Golgi","Transport"
"bioplanet_1263","Pre-NOTCH Processing in the endoplasmic reticulum","Circulatory system"
"bioplanet_1263","Pre-NOTCH Processing in the endoplasmic reticulum","Protein folding, sorting and degradation"
"bioplanet_1263","Pre-NOTCH Processing in the endoplasmic reticulum","Protein modification"
"bioplanet_1263","Pre-NOTCH Processing in the endoplasmic reticulum","Signal transduction"
"bioplanet_1263","Pre-NOTCH Processing in the endoplasmic reticulum","Transcription"
"bioplanet_1263","Pre-NOTCH Processing in the endoplasmic reticulum","Transcriptional regulation"
"bioplanet_1264","Prostanoid ligand receptors","Immune disease"
"bioplanet_1264","Prostanoid ligand receptors","Immune system"
"bioplanet_1264","Prostanoid ligand receptors","Nervous system"
"bioplanet_1264","Prostanoid ligand receptors","Signal transduction"
"bioplanet_1265","Adenosine P1 receptors","Cardiovascular disease"
"bioplanet_1265","Adenosine P1 receptors","G-protein coupled receptor"
"bioplanet_1265","Adenosine P1 receptors","Nervous system"
"bioplanet_1265","Adenosine P1 receptors","Signal transduction"
"bioplanet_1266","Adenylate cyclase inhibitory pathway","Nervous system"
"bioplanet_1266","Adenylate cyclase inhibitory pathway","Neurological disease"
"bioplanet_1266","Adenylate cyclase inhibitory pathway","Signal transduction"
"bioplanet_1266","Adenylate cyclase inhibitory pathway","Small molecule metabolism"
"bioplanet_1266","Adenylate cyclase inhibitory pathway","Substance dependence"
"bioplanet_1266","Adenylate cyclase inhibitory pathway","Transport"
"bioplanet_1267","Rheb GTPase activity by AMPK regulation","Carbohydrate metabolism"
"bioplanet_1267","Rheb GTPase activity by AMPK regulation","Endocrine and metabolic disease"
"bioplanet_1267","Rheb GTPase activity by AMPK regulation","Energy metabolism"
"bioplanet_1267","Rheb GTPase activity by AMPK regulation","Lipid metabolism"
"bioplanet_1267","Rheb GTPase activity by AMPK regulation","Signal transduction"
"bioplanet_1268","Relaxin receptors","Circulatory system"
"bioplanet_1268","Relaxin receptors","G-protein coupled receptor"
"bioplanet_1268","Relaxin receptors","Reproduction"
"bioplanet_1268","Relaxin receptors","Signal transduction"
"bioplanet_1269","SHC activation","Cell proliferation"
"bioplanet_1269","SHC activation","Endocrine and metabolic disease"
"bioplanet_1269","SHC activation","Endocrine system"
"bioplanet_1269","SHC activation","Signal transduction"
"bioplanet_127","","CellSignaling"
"bioplanet_127","","CytokinesChemokines"
"bioplanet_127","","Hematopoiesis"
"bioplanet_127","","Immunology"
"bioplanet_1270","Amine ligand-binding G-protein coupled receptors","Cardiovascular disease"
"bioplanet_1270","Amine ligand-binding G-protein coupled receptors","Cell proliferation"
"bioplanet_1270","Amine ligand-binding G-protein coupled receptors","Chronology"
"bioplanet_1270","Amine ligand-binding G-protein coupled receptors","G-protein coupled receptor"
"bioplanet_1270","Amine ligand-binding G-protein coupled receptors","Nervous system"
"bioplanet_1270","Amine ligand-binding G-protein coupled receptors","Neurological disease"
"bioplanet_1270","Amine ligand-binding G-protein coupled receptors","Signal transduction:GPCRs"
"bioplanet_1270","Amine ligand-binding G-protein coupled receptors","Substance dependence"
"bioplanet_1271","VEGF, hypoxia, and angiogenesis","Cancer"
"bioplanet_1271","VEGF, hypoxia, and angiogenesis","Cell differentiation"
"bioplanet_1271","VEGF, hypoxia, and angiogenesis","Cell proliferation"
"bioplanet_1271","VEGF, hypoxia, and angiogenesis","CellSignaling"
"bioplanet_1271","VEGF, hypoxia, and angiogenesis","Circulatory system"
"bioplanet_1271","VEGF, hypoxia, and angiogenesis","Stress response"
"bioplanet_1271","VEGF, hypoxia, and angiogenesis","Translation"
"bioplanet_1272","Trefoil factor initiation of mucosal healing","Adhesion"
"bioplanet_1272","Trefoil factor initiation of mucosal healing","Apoptosis"
"bioplanet_1272","Trefoil factor initiation of mucosal healing","Cancer"
"bioplanet_1272","Trefoil factor initiation of mucosal healing","Cell death"
"bioplanet_1272","Trefoil factor initiation of mucosal healing","Cell proliferation"
"bioplanet_1272","Trefoil factor initiation of mucosal healing","CellSignaling"
"bioplanet_1272","Trefoil factor initiation of mucosal healing","Digestive system"
"bioplanet_1272","Trefoil factor initiation of mucosal healing","Stress response"
"bioplanet_1273","","CellCycleRegulation"
"bioplanet_1275","Bone remodeling","Cell differentiation"
"bioplanet_1275","Bone remodeling","CellSignaling"
"bioplanet_1275","Bone remodeling","DevelopmentalBiology"
"bioplanet_1275","Bone remodeling","Immune disease"
"bioplanet_1275","Bone remodeling","Immune system"
"bioplanet_1275","Bone remodeling","Musculoskeletal system"
"bioplanet_1276","Proteasome complex","Cell death"
"bioplanet_1276","Proteasome complex","DNA replication"
"bioplanet_1276","Proteasome complex","Immune system"
"bioplanet_1276","Proteasome complex","Metabolism"
"bioplanet_1276","Proteasome complex","Nucleic acid metabolism"
"bioplanet_1276","Proteasome complex","Protein folding, sorting and degradation"
"bioplanet_1276","Proteasome complex","Translation"
"bioplanet_1277","Mechanism of gene regulation by peroxisome proliferators via PPAR-alpha","Cancer"
"bioplanet_1277","Mechanism of gene regulation by peroxisome proliferators via PPAR-alpha","CellSignaling"
"bioplanet_1277","Mechanism of gene regulation by peroxisome proliferators via PPAR-alpha","Circulatory system"
"bioplanet_1277","Mechanism of gene regulation by peroxisome proliferators via PPAR-alpha","Lipid metabolism"
"bioplanet_1277","Mechanism of gene regulation by peroxisome proliferators via PPAR-alpha","Small molecule metabolism"
"bioplanet_1277","Mechanism of gene regulation by peroxisome proliferators via PPAR-alpha","Stress response"
"bioplanet_1277","Mechanism of gene regulation by peroxisome proliferators via PPAR-alpha","Transport"
"bioplanet_1277","Mechanism of gene regulation by peroxisome proliferators via PPAR-alpha","expression"
"bioplanet_1278","Interferon-beta enhancer pathway","Cancer"
"bioplanet_1278","Interferon-beta enhancer pathway","Cell proliferation"
"bioplanet_1278","Interferon-beta enhancer pathway","Immune system"
"bioplanet_1278","Interferon-beta enhancer pathway","Infectious disease"
"bioplanet_1278","Interferon-beta enhancer pathway","Lipid metabolism"
"bioplanet_1278","Interferon-beta enhancer pathway","expression"
"bioplanet_1279","","CellSignaling"
"bioplanet_1279","","Neuroscience"
"bioplanet_128","Interleukin-17 signaling pathway","Cell differentiation"
"bioplanet_128","Interleukin-17 signaling pathway","CellSignaling"
"bioplanet_128","Interleukin-17 signaling pathway","CytokinesChemokines"
"bioplanet_128","Interleukin-17 signaling pathway","Hematopoiesis"
"bioplanet_128","Interleukin-17 signaling pathway","Immune disease"
"bioplanet_128","Interleukin-17 signaling pathway","Immune system"
"bioplanet_128","Interleukin-17 signaling pathway","Immunology"
"bioplanet_128","Interleukin-17 signaling pathway","Infectious disease"
"bioplanet_1280","","CellActivation"
"bioplanet_1280","","CellSignaling"
"bioplanet_1280","","CytokinesChemokines"
"bioplanet_1280","","Immunology"
"bioplanet_1281","","CellSignaling"
"bioplanet_1281","","expression"
"bioplanet_1282","","CellSignaling"
"bioplanet_1283","Hypoxia-inducible factor in the cardivascular system","Cardiovascular disease"
"bioplanet_1283","Hypoxia-inducible factor in the cardivascular system","CellSignaling"
"bioplanet_1283","Hypoxia-inducible factor in the cardivascular system","Circulatory system"
"bioplanet_1283","Hypoxia-inducible factor in the cardivascular system","CytokinesChemokines"
"bioplanet_1283","Hypoxia-inducible factor in the cardivascular system","Stress response"
"bioplanet_1283","Hypoxia-inducible factor in the cardivascular system","expression"
"bioplanet_1284","","CellSignaling"
"bioplanet_1284","","DevelopmentalBiology"
"bioplanet_1285","","Neuroscience"
"bioplanet_1286","ERK5 role in neuronal survival pathway","Cell proliferation"
"bioplanet_1286","ERK5 role in neuronal survival pathway","CellSignaling"
"bioplanet_1286","ERK5 role in neuronal survival pathway","Chronology"
"bioplanet_1286","ERK5 role in neuronal survival pathway","Nervous system"
"bioplanet_1286","ERK5 role in neuronal survival pathway","Neurological disease"
"bioplanet_1286","ERK5 role in neuronal survival pathway","Neuroscience"
"bioplanet_1287","eIF4E and p70 S6 kinase regulation","Cancer"
"bioplanet_1287","eIF4E and p70 S6 kinase regulation","CellSignaling"
"bioplanet_1287","eIF4E and p70 S6 kinase regulation","Endocrine system"
"bioplanet_1287","eIF4E and p70 S6 kinase regulation","Immune system"
"bioplanet_1287","eIF4E and p70 S6 kinase regulation","Protein modification"
"bioplanet_1287","eIF4E and p70 S6 kinase regulation","Stress response"
"bioplanet_1287","eIF4E and p70 S6 kinase regulation","Transcription"
"bioplanet_1287","eIF4E and p70 S6 kinase regulation","Translation"
"bioplanet_1287","eIF4E and p70 S6 kinase regulation","expression"
"bioplanet_1289","BRCA1-dependent ubiquitin ligase activity","Cancer"
"bioplanet_1289","BRCA1-dependent ubiquitin ligase activity","DNA repair"
"bioplanet_1289","BRCA1-dependent ubiquitin ligase activity","DNA replication"
"bioplanet_1289","BRCA1-dependent ubiquitin ligase activity","DevelopmentalBiology"
"bioplanet_1289","BRCA1-dependent ubiquitin ligase activity","Endocrine and metabolic disease"
"bioplanet_1289","BRCA1-dependent ubiquitin ligase activity","Genetic disease"
"bioplanet_1289","BRCA1-dependent ubiquitin ligase activity","Protein modification"
"bioplanet_129","AHR signal transduction pathway","Cancer"
"bioplanet_129","AHR signal transduction pathway","CellSignaling"
"bioplanet_129","AHR signal transduction pathway","CytokinesChemokines"
"bioplanet_129","AHR signal transduction pathway","Hepatotoxicity"
"bioplanet_129","AHR signal transduction pathway","Immunology"
"bioplanet_129","AHR signal transduction pathway","Stress response"
"bioplanet_129","AHR signal transduction pathway","Transcription"
"bioplanet_1290","","CellActivation"
"bioplanet_1290","","CellSignaling"
"bioplanet_1290","","Immunology"
"bioplanet_1291","SMAD2/3 nuclear pathway","Cancer"
"bioplanet_1291","SMAD2/3 nuclear pathway","Immune system"
"bioplanet_1291","SMAD2/3 nuclear pathway","Nervous system"
"bioplanet_1291","SMAD2/3 nuclear pathway","Signal transduction"
"bioplanet_1291","SMAD2/3 nuclear pathway","Stress response"
"bioplanet_1291","SMAD2/3 nuclear pathway","Transcription"
"bioplanet_1292","Endothelins","Cardiovascular disease"
"bioplanet_1292","Endothelins","Cell proliferation"
"bioplanet_1292","Endothelins","Circulatory system"
"bioplanet_1292","Endothelins","Endocrine system"
"bioplanet_1292","Endothelins","Immune system"
"bioplanet_1292","Endothelins","Nervous system"
"bioplanet_1292","Endothelins","Signal transduction"
"bioplanet_1292","Endothelins","Stress response"
"bioplanet_1293","","Signal transduction"
"bioplanet_1294","LPA receptor mediated events","Cardiovascular disease"
"bioplanet_1294","LPA receptor mediated events","Circulatory system"
"bioplanet_1294","LPA receptor mediated events","Infectious disease"
"bioplanet_1294","LPA receptor mediated events","Lipid metabolism"
"bioplanet_1294","LPA receptor mediated events","Nervous system"
"bioplanet_1294","LPA receptor mediated events","Signal transduction"
"bioplanet_1294","LPA receptor mediated events","Stress response"
"bioplanet_1294","LPA receptor mediated events","Transport"
"bioplanet_1295","Beta-1 integrin cell surface interactions","Cardiovascular disease"
"bioplanet_1295","Beta-1 integrin cell surface interactions","Cell proliferation"
"bioplanet_1295","Beta-1 integrin cell surface interactions","Circulatory system"
"bioplanet_1295","Beta-1 integrin cell surface interactions","Nervous system"
"bioplanet_1295","Beta-1 integrin cell surface interactions","Signal transduction"
"bioplanet_1296","p73 transcription factor network","Cancer"
"bioplanet_1296","p73 transcription factor network","Cell division"
"bioplanet_1296","p73 transcription factor network","Nervous system"
"bioplanet_1296","p73 transcription factor network","Signal transduction"
"bioplanet_1296","p73 transcription factor network","Transcription"
"bioplanet_1296","p73 transcription factor network","Transcriptional regulation"
"bioplanet_1297","Atypical NF-kappaB pathway","Cancer"
"bioplanet_1297","Atypical NF-kappaB pathway","Circulatory system"
"bioplanet_1297","Atypical NF-kappaB pathway","Immune system"
"bioplanet_1297","Atypical NF-kappaB pathway","Infectious disease"
"bioplanet_1297","Atypical NF-kappaB pathway","Signal transduction"
"bioplanet_1297","Atypical NF-kappaB pathway","Stress response"
"bioplanet_1298","","Signal transduction"
"bioplanet_1299","E2F transcription factor network","Cancer"
"bioplanet_1299","E2F transcription factor network","Cell division"
"bioplanet_1299","E2F transcription factor network","DNA repair"
"bioplanet_1299","E2F transcription factor network","DNA replication"
"bioplanet_1299","E2F transcription factor network","Signal transduction"
"bioplanet_1299","E2F transcription factor network","Stress response"
"bioplanet_1299","E2F transcription factor network","Transcription"
"bioplanet_1299","E2F transcription factor network","Transcriptional regulation"
"bioplanet_13","Opposing roles of AIF in apoptosis and cell survival","Apoptosis"
"bioplanet_13","Opposing roles of AIF in apoptosis and cell survival","Cell death"
"bioplanet_13","Opposing roles of AIF in apoptosis and cell survival","Musculoskeletal system"
"bioplanet_13","Opposing roles of AIF in apoptosis and cell survival","Neurological disease"
"bioplanet_130","Anthrax toxin mechanism of action","Cardiovascular disease"
"bioplanet_130","Anthrax toxin mechanism of action","Cell death"
"bioplanet_130","Anthrax toxin mechanism of action","CellSignaling"
"bioplanet_130","Anthrax toxin mechanism of action","CytokinesChemokines"
"bioplanet_130","Anthrax toxin mechanism of action","Immune system"
"bioplanet_130","Anthrax toxin mechanism of action","Immunology"
"bioplanet_130","Anthrax toxin mechanism of action","Infectious disease"
"bioplanet_130","Anthrax toxin mechanism of action","Sepsis"
"bioplanet_1300","HIF-2-alpha transcription factor network","Cancer"
"bioplanet_1300","HIF-2-alpha transcription factor network","Cell differentiation"
"bioplanet_1300","HIF-2-alpha transcription factor network","Chronology"
"bioplanet_1300","HIF-2-alpha transcription factor network","Nervous system"
"bioplanet_1300","HIF-2-alpha transcription factor network","Signal transduction"
"bioplanet_1300","HIF-2-alpha transcription factor network","Stress response"
"bioplanet_1300","HIF-2-alpha transcription factor network","Transcription"
"bioplanet_1301","Integrin family cell surface interactions","Cancer"
"bioplanet_1301","Integrin family cell surface interactions","Cardiovascular disease"
"bioplanet_1301","Integrin family cell surface interactions","Circulatory system"
"bioplanet_1301","Integrin family cell surface interactions","Nervous system"
"bioplanet_1301","Integrin family cell surface interactions","Signal transduction"
"bioplanet_1302","Alpha-E beta-7 integrin cell surface interactions","Cell division"
"bioplanet_1302","Alpha-E beta-7 integrin cell surface interactions","Cell motility"
"bioplanet_1302","Alpha-E beta-7 integrin cell surface interactions","Immune system"
"bioplanet_1302","Alpha-E beta-7 integrin cell surface interactions","Signal transduction"
"bioplanet_1303","Beta-3 integrin cell surface interactions","Cancer"
"bioplanet_1303","Beta-3 integrin cell surface interactions","Cardiovascular disease"
"bioplanet_1303","Beta-3 integrin cell surface interactions","Circulatory system"
"bioplanet_1303","Beta-3 integrin cell surface interactions","Immune system"
"bioplanet_1303","Beta-3 integrin cell surface interactions","Infectious disease"
"bioplanet_1303","Beta-3 integrin cell surface interactions","Nervous system"
"bioplanet_1303","Beta-3 integrin cell surface interactions","Signal transduction"
"bioplanet_1304","S1P/S1P3 pathway","Cardiovascular disease"
"bioplanet_1304","S1P/S1P3 pathway","Cell differentiation"
"bioplanet_1304","S1P/S1P3 pathway","Cell proliferation"
"bioplanet_1304","S1P/S1P3 pathway","Circulatory system"
"bioplanet_1304","S1P/S1P3 pathway","RNA processing"
"bioplanet_1304","S1P/S1P3 pathway","Signal transduction"
"bioplanet_1304","S1P/S1P3 pathway","Stress response"
"bioplanet_1305","Androgen receptor proteolysis and transcription regulation","Cancer"
"bioplanet_1305","Androgen receptor proteolysis and transcription regulation","Cell proliferation"
"bioplanet_1305","Androgen receptor proteolysis and transcription regulation","Circulatory system"
"bioplanet_1305","Androgen receptor proteolysis and transcription regulation","Endocrine system"
"bioplanet_1305","Androgen receptor proteolysis and transcription regulation","Reproduction"
"bioplanet_1305","Androgen receptor proteolysis and transcription regulation","Signal transduction:NR"
"bioplanet_1305","Androgen receptor proteolysis and transcription regulation","Stress response"
"bioplanet_1305","Androgen receptor proteolysis and transcription regulation","Transcription"
"bioplanet_1305","Androgen receptor proteolysis and transcription regulation","Transcriptional regulation"
"bioplanet_1306","Regulation of NFAT transcription factors","Cancer"
"bioplanet_1306","Regulation of NFAT transcription factors","Immune disease"
"bioplanet_1306","Regulation of NFAT transcription factors","Immune system"
"bioplanet_1306","Regulation of NFAT transcription factors","Signal transduction"
"bioplanet_1306","Regulation of NFAT transcription factors","Stress response"
"bioplanet_1306","Regulation of NFAT transcription factors","Transcription"
"bioplanet_1306","Regulation of NFAT transcription factors","Transcriptional regulation"
"bioplanet_1306","Regulation of NFAT transcription factors","Translation"
"bioplanet_1307","","Signal transduction"
"bioplanet_1308","Ephrin receptor B forward pathway","Cell differentiation"
"bioplanet_1308","Ephrin receptor B forward pathway","Cell motility"
"bioplanet_1308","Ephrin receptor B forward pathway","Circulatory system"
"bioplanet_1308","Ephrin receptor B forward pathway","Nervous system"
"bioplanet_1308","Ephrin receptor B forward pathway","Sensory system"
"bioplanet_1308","Ephrin receptor B forward pathway","Signal transduction"
"bioplanet_1309","Alpha-V beta-3 integrin/OPN pathway","Cancer"
"bioplanet_1309","Alpha-V beta-3 integrin/OPN pathway","Cardiovascular disease"
"bioplanet_1309","Alpha-V beta-3 integrin/OPN pathway","Cell proliferation"
"bioplanet_1309","Alpha-V beta-3 integrin/OPN pathway","Circulatory system"
"bioplanet_1309","Alpha-V beta-3 integrin/OPN pathway","Immune system"
"bioplanet_1309","Alpha-V beta-3 integrin/OPN pathway","Infectious disease"
"bioplanet_1309","Alpha-V beta-3 integrin/OPN pathway","Nervous system"
"bioplanet_1309","Alpha-V beta-3 integrin/OPN pathway","Signal transduction"
"bioplanet_1309","Alpha-V beta-3 integrin/OPN pathway","Stress response"
"bioplanet_1309","Alpha-V beta-3 integrin/OPN pathway","Transcription"
"bioplanet_131","","CellSignaling"
"bioplanet_131","","CytokinesChemokines"
"bioplanet_131","","Immunology"
"bioplanet_1310","S1P/S1P4 pathway","Circulatory system"
"bioplanet_1310","S1P/S1P4 pathway","Immune system"
"bioplanet_1310","S1P/S1P4 pathway","Infectious disease"
"bioplanet_1310","S1P/S1P4 pathway","Nervous system"
"bioplanet_1310","S1P/S1P4 pathway","Signal transduction"
"bioplanet_1311","FRA pathway","Cancer"
"bioplanet_1311","FRA pathway","Cell differentiation"
"bioplanet_1311","FRA pathway","Circulatory system"
"bioplanet_1311","FRA pathway","Signal transduction:TF"
"bioplanet_1311","FRA pathway","Stress response"
"bioplanet_1312","Myc active pathway","Signal transduction"
"bioplanet_1312","Myc active pathway","Stress response"
"bioplanet_1312","Myc active pathway","Transport"
"bioplanet_1313","Arf6 integrin-mediated signaling pathway","Cardiovascular disease"
"bioplanet_1313","Arf6 integrin-mediated signaling pathway","Circulatory system"
"bioplanet_1313","Arf6 integrin-mediated signaling pathway","Infectious disease"
"bioplanet_1313","Arf6 integrin-mediated signaling pathway","Signal transduction"
"bioplanet_1313","Arf6 integrin-mediated signaling pathway","Transport"
"bioplanet_1314","RhoA activity regulation","Nervous system"
"bioplanet_1314","RhoA activity regulation","Signal transduction"
"bioplanet_1315","p38-alpha and p38-beta regulation","Cell differentiation"
"bioplanet_1315","p38-alpha and p38-beta regulation","Immune system"
"bioplanet_1315","p38-alpha and p38-beta regulation","Infectious disease"
"bioplanet_1315","p38-alpha and p38-beta regulation","Nervous system"
"bioplanet_1315","p38-alpha and p38-beta regulation","Protein modification"
"bioplanet_1315","p38-alpha and p38-beta regulation","Signal transduction"
"bioplanet_1315","p38-alpha and p38-beta regulation","Stress response"
"bioplanet_1316","CDC42 activity regulation","Cell motility"
"bioplanet_1316","CDC42 activity regulation","Circulatory system"
"bioplanet_1316","CDC42 activity regulation","Signal transduction"
"bioplanet_1317","ATM pathway","Apoptosis"
"bioplanet_1317","ATM pathway","Cancer"
"bioplanet_1317","ATM pathway","Cell division"
"bioplanet_1317","ATM pathway","Cell proliferation"
"bioplanet_1317","ATM pathway","CellSignaling"
"bioplanet_1317","ATM pathway","DNA repair"
"bioplanet_1317","ATM pathway","DNA replication"
"bioplanet_1317","ATM pathway","Nervous system"
"bioplanet_1317","ATM pathway","Reproduction"
"bioplanet_1317","ATM pathway","Stress response"
"bioplanet_1318","S1P/S1P1 pathway","Cancer"
"bioplanet_1318","S1P/S1P1 pathway","Circulatory system"
"bioplanet_1318","S1P/S1P1 pathway","Infectious disease"
"bioplanet_1318","S1P/S1P1 pathway","Signal transduction"
"bioplanet_1318","S1P/S1P1 pathway","Stress response"
"bioplanet_1319","Telomerase regulation","Cancer"
"bioplanet_1319","Telomerase regulation","Cell proliferation"
"bioplanet_1319","Telomerase regulation","Cellular Processes:Cell growth and death:Cell Cycle"
"bioplanet_1319","Telomerase regulation","DNA replication"
"bioplanet_1319","Telomerase regulation","Nucleic acid metabolism"
"bioplanet_1319","Telomerase regulation","Stress response"
"bioplanet_132","fMLP induced chemokine gene expression in HMC-1 cells","Cancer"
"bioplanet_132","fMLP induced chemokine gene expression in HMC-1 cells","Cell differentiation"
"bioplanet_132","fMLP induced chemokine gene expression in HMC-1 cells","Cell motility"
"bioplanet_132","fMLP induced chemokine gene expression in HMC-1 cells","Cell proliferation"
"bioplanet_132","fMLP induced chemokine gene expression in HMC-1 cells","CellSignaling"
"bioplanet_132","fMLP induced chemokine gene expression in HMC-1 cells","Circulatory system"
"bioplanet_132","fMLP induced chemokine gene expression in HMC-1 cells","CytokinesChemokines"
"bioplanet_132","fMLP induced chemokine gene expression in HMC-1 cells","Immune system"
"bioplanet_132","fMLP induced chemokine gene expression in HMC-1 cells","Immunology"
"bioplanet_132","fMLP induced chemokine gene expression in HMC-1 cells","Infectious disease"
"bioplanet_132","fMLP induced chemokine gene expression in HMC-1 cells","Nervous system"
"bioplanet_132","fMLP induced chemokine gene expression in HMC-1 cells","Stress response"
"bioplanet_1320","HNF3B pathway","Cancer"
"bioplanet_1320","HNF3B pathway","Signal transduction"
"bioplanet_1320","HNF3B pathway","Stress response"
"bioplanet_1320","HNF3B pathway","Transcription"
"bioplanet_1320","HNF3B pathway","Transcriptional regulation"
"bioplanet_1321","Regular glucocorticoid receptor pathway","Cancer"
"bioplanet_1321","Regular glucocorticoid receptor pathway","Chronology"
"bioplanet_1321","Regular glucocorticoid receptor pathway","Circulatory system"
"bioplanet_1321","Regular glucocorticoid receptor pathway","Immune system"
"bioplanet_1321","Regular glucocorticoid receptor pathway","Infectious disease"
"bioplanet_1321","Regular glucocorticoid receptor pathway","Nervous system"
"bioplanet_1321","Regular glucocorticoid receptor pathway","Signal transduction:NR"
"bioplanet_1321","Regular glucocorticoid receptor pathway","Small molecule metabolism"
"bioplanet_1321","Regular glucocorticoid receptor pathway","Transcription"
"bioplanet_1322","Alpha-9 beta-1 integrin pathway","Cancer"
"bioplanet_1322","Alpha-9 beta-1 integrin pathway","Cardiovascular disease"
"bioplanet_1322","Alpha-9 beta-1 integrin pathway","Cell differentiation"
"bioplanet_1322","Alpha-9 beta-1 integrin pathway","Cell division"
"bioplanet_1322","Alpha-9 beta-1 integrin pathway","Cell growth"
"bioplanet_1322","Alpha-9 beta-1 integrin pathway","Cell motility"
"bioplanet_1322","Alpha-9 beta-1 integrin pathway","Cell proliferation"
"bioplanet_1322","Alpha-9 beta-1 integrin pathway","Circulatory system"
"bioplanet_1322","Alpha-9 beta-1 integrin pathway","Signal transduction"
"bioplanet_1323","Validated nuclear estrogen receptor beta network","Endocrine system"
"bioplanet_1323","Validated nuclear estrogen receptor beta network","Excretory system"
"bioplanet_1323","Validated nuclear estrogen receptor beta network","Nervous system"
"bioplanet_1323","Validated nuclear estrogen receptor beta network","Organismal Systems:Endocrine system"
"bioplanet_1323","Validated nuclear estrogen receptor beta network","Reproduction"
"bioplanet_1324","Arf6 vesicle-mediated transport","Cancer"
"bioplanet_1324","Arf6 vesicle-mediated transport","Infectious disease"
"bioplanet_1324","Arf6 vesicle-mediated transport","Nervous system"
"bioplanet_1324","Arf6 vesicle-mediated transport","Signal transduction"
"bioplanet_1324","Arf6 vesicle-mediated transport","Transport"
"bioplanet_1325","PIK3C1/B pathway","Cancer"
"bioplanet_1325","PIK3C1/B pathway","Carbohydrate metabolism"
"bioplanet_1325","PIK3C1/B pathway","Endocrine system"
"bioplanet_1325","PIK3C1/B pathway","G-protein coupled receptor"
"bioplanet_1325","PIK3C1/B pathway","Immune disease"
"bioplanet_1325","PIK3C1/B pathway","Reproduction"
"bioplanet_1325","PIK3C1/B pathway","Signal transduction"
"bioplanet_1326","IGF1 pathway","Cancer"
"bioplanet_1326","IGF1 pathway","Cell death"
"bioplanet_1326","IGF1 pathway","Cell growth"
"bioplanet_1326","IGF1 pathway","Circulatory system"
"bioplanet_1326","IGF1 pathway","Endocrine system"
"bioplanet_1326","IGF1 pathway","Immune system"
"bioplanet_1326","IGF1 pathway","Musculoskeletal system"
"bioplanet_1326","IGF1 pathway","Signal transduction"
"bioplanet_1326","IGF1 pathway","Stress response"
"bioplanet_1327","Polo-like kinase 1 (PLK1) pathway","Cancer"
"bioplanet_1327","Polo-like kinase 1 (PLK1) pathway","Cell division"
"bioplanet_1327","Polo-like kinase 1 (PLK1) pathway","Cell motility"
"bioplanet_1327","Polo-like kinase 1 (PLK1) pathway","Cell proliferation"
"bioplanet_1327","Polo-like kinase 1 (PLK1) pathway","Cellular Processes:Cell growth and death:Cell Cycle"
"bioplanet_1327","Polo-like kinase 1 (PLK1) pathway","Protein modification"
"bioplanet_1327","Polo-like kinase 1 (PLK1) pathway","Reproduction"
"bioplanet_1328","T cell receptor/Ras pathway","Cancer"
"bioplanet_1328","T cell receptor/Ras pathway","Immune disease"
"bioplanet_1328","T cell receptor/Ras pathway","Immune system"
"bioplanet_1328","T cell receptor/Ras pathway","Infectious disease"
"bioplanet_1328","T cell receptor/Ras pathway","Organismal Systems:Immune system"
"bioplanet_1329","Rapid glucocorticoid receptor pathway","Cell proliferation"
"bioplanet_1329","Rapid glucocorticoid receptor pathway","Endocrine system"
"bioplanet_1329","Rapid glucocorticoid receptor pathway","Signal transduction:NR"
"bioplanet_1329","Rapid glucocorticoid receptor pathway","Stress response"
"bioplanet_1329","Rapid glucocorticoid receptor pathway","Transcription"
"bioplanet_133","Interferon-alpha signaling pathway","Cell proliferation"
"bioplanet_133","Interferon-alpha signaling pathway","CellSignaling"
"bioplanet_133","Interferon-alpha signaling pathway","CytokinesChemokines"
"bioplanet_133","Interferon-alpha signaling pathway","Immune system"
"bioplanet_133","Interferon-alpha signaling pathway","Immunology"
"bioplanet_133","Interferon-alpha signaling pathway","Infectious disease"
"bioplanet_1330","C-Myc pathway","Cancer"
"bioplanet_1330","C-Myc pathway","Cell death"
"bioplanet_1330","C-Myc pathway","Cell proliferation"
"bioplanet_1330","C-Myc pathway","DNA repair"
"bioplanet_1330","C-Myc pathway","Genetic disease"
"bioplanet_1330","C-Myc pathway","Signal transduction:TF"
"bioplanet_1330","C-Myc pathway","Transcription"
"bioplanet_1330","C-Myc pathway","Transcriptional regulation"
"bioplanet_1331","Interleukin-2/PI3K pathway","Cancer"
"bioplanet_1331","Interleukin-2/PI3K pathway","Cell proliferation"
"bioplanet_1331","Interleukin-2/PI3K pathway","Digestive system"
"bioplanet_1331","Interleukin-2/PI3K pathway","Immune system"
"bioplanet_1331","Interleukin-2/PI3K pathway","Infectious disease"
"bioplanet_1331","Interleukin-2/PI3K pathway","Reproduction"
"bioplanet_1331","Interleukin-2/PI3K pathway","Signal transduction"
"bioplanet_1332","p53 signaling pathway","Cancer"
"bioplanet_1332","p53 signaling pathway","Cell death"
"bioplanet_1332","p53 signaling pathway","Cell division"
"bioplanet_1332","p53 signaling pathway","Cellular Processes:Cell growth and death"
"bioplanet_1332","p53 signaling pathway","DNA repair"
"bioplanet_1332","p53 signaling pathway","Stress response"
"bioplanet_1333","Androgen receptor regulation of biosynthesis and transcription","Cancer"
"bioplanet_1333","Androgen receptor regulation of biosynthesis and transcription","Chronology"
"bioplanet_1333","Androgen receptor regulation of biosynthesis and transcription","Circulatory system"
"bioplanet_1333","Androgen receptor regulation of biosynthesis and transcription","Endocrine system"
"bioplanet_1333","Androgen receptor regulation of biosynthesis and transcription","Reproduction"
"bioplanet_1333","Androgen receptor regulation of biosynthesis and transcription","Signal transduction"
"bioplanet_1333","Androgen receptor regulation of biosynthesis and transcription","Small molecule metabolism"
"bioplanet_1333","Androgen receptor regulation of biosynthesis and transcription","Stress response"
"bioplanet_1333","Androgen receptor regulation of biosynthesis and transcription","Transcription"
"bioplanet_1334","E-cadherin nascent AJ-like junctions pathway","Cancer"
"bioplanet_1334","E-cadherin nascent AJ-like junctions pathway","Cell motility"
"bioplanet_1334","E-cadherin nascent AJ-like junctions pathway","Cell proliferation"
"bioplanet_1334","E-cadherin nascent AJ-like junctions pathway","Reproduction"
"bioplanet_1334","E-cadherin nascent AJ-like junctions pathway","Signal transduction"
"bioplanet_1334","E-cadherin nascent AJ-like junctions pathway","Stress response"
"bioplanet_1335","Integrin beta-4 pathway","Cell proliferation"
"bioplanet_1335","Integrin beta-4 pathway","Genetic disease"
"bioplanet_1335","Integrin beta-4 pathway","Signal transduction"
"bioplanet_1336","","Signal transduction"
"bioplanet_1337","Integrins in angiogenesis","Cardiovascular disease"
"bioplanet_1337","Integrins in angiogenesis","Cell proliferation"
"bioplanet_1337","Integrins in angiogenesis","Circulatory system"
"bioplanet_1337","Integrins in angiogenesis","Signal transduction"
"bioplanet_1337","Integrins in angiogenesis","Stress response"
"bioplanet_1338","","Signal transduction"
"bioplanet_1339","RXR/VDR pathway","Cancer"
"bioplanet_1339","RXR/VDR pathway","Lipid metabolism"
"bioplanet_1339","RXR/VDR pathway","Reproduction"
"bioplanet_1339","RXR/VDR pathway","Signal transduction"
"bioplanet_1339","RXR/VDR pathway","Small molecule metabolism"
"bioplanet_1339","RXR/VDR pathway","Vitamin and cofactor metabolism"
"bioplanet_134","","CellSignaling"
"bioplanet_134","","CytokinesChemokines"
"bioplanet_134","","Immunology"
"bioplanet_1340","ERBB1 downstream pathway","Cancer"
"bioplanet_1340","ERBB1 downstream pathway","Cell differentiation"
"bioplanet_1340","ERBB1 downstream pathway","Cell proliferation"
"bioplanet_1340","ERBB1 downstream pathway","Circulatory system"
"bioplanet_1340","ERBB1 downstream pathway","Immune system"
"bioplanet_1340","ERBB1 downstream pathway","Nervous system"
"bioplanet_1340","ERBB1 downstream pathway","Protein modification"
"bioplanet_1340","ERBB1 downstream pathway","Signal transduction"
"bioplanet_1340","ERBB1 downstream pathway","Transcription"
"bioplanet_1341","Syndecan 4 pathway","Cancer"
"bioplanet_1341","Syndecan 4 pathway","Circulatory system"
"bioplanet_1341","Syndecan 4 pathway","Signal transduction"
"bioplanet_1342","ATF2 transcription factor network","Cancer"
"bioplanet_1342","ATF2 transcription factor network","Cardiovascular disease"
"bioplanet_1342","ATF2 transcription factor network","Cell differentiation"
"bioplanet_1342","ATF2 transcription factor network","Cell division"
"bioplanet_1342","ATF2 transcription factor network","Endocrine system"
"bioplanet_1342","ATF2 transcription factor network","Immune system"
"bioplanet_1342","ATF2 transcription factor network","Infectious disease"
"bioplanet_1342","ATF2 transcription factor network","Signal transduction"
"bioplanet_1342","ATF2 transcription factor network","Stress response"
"bioplanet_1342","ATF2 transcription factor network","Transcription"
"bioplanet_1343","AP-1 transcription factor network","Cancer"
"bioplanet_1343","AP-1 transcription factor network","Immune system"
"bioplanet_1343","AP-1 transcription factor network","Infectious disease"
"bioplanet_1343","AP-1 transcription factor network","Signal transduction"
"bioplanet_1343","AP-1 transcription factor network","Stress response"
"bioplanet_1343","AP-1 transcription factor network","Transcription"
"bioplanet_1343","AP-1 transcription factor network","Transcriptional regulation"
"bioplanet_1344","Integrin beta-2 pathway","Cardiovascular disease"
"bioplanet_1344","Integrin beta-2 pathway","Circulatory system"
"bioplanet_1344","Integrin beta-2 pathway","Infectious disease"
"bioplanet_1344","Integrin beta-2 pathway","Signal transduction"
"bioplanet_1345","FOXM1 transcription factor network","Cancer"
"bioplanet_1345","FOXM1 transcription factor network","Cell differentiation"
"bioplanet_1345","FOXM1 transcription factor network","Cell proliferation"
"bioplanet_1345","FOXM1 transcription factor network","DNA repair"
"bioplanet_1345","FOXM1 transcription factor network","Reproduction"
"bioplanet_1345","FOXM1 transcription factor network","Signal transduction"
"bioplanet_1345","FOXM1 transcription factor network","Stress response"
"bioplanet_1345","FOXM1 transcription factor network","Transcription"
"bioplanet_1346","Ephrin receptor A forward pathway","Cell differentiation"
"bioplanet_1346","Ephrin receptor A forward pathway","Cell motility"
"bioplanet_1346","Ephrin receptor A forward pathway","Circulatory system"
"bioplanet_1346","Ephrin receptor A forward pathway","Nervous system"
"bioplanet_1346","Ephrin receptor A forward pathway","Sensory system"
"bioplanet_1346","Ephrin receptor A forward pathway","Signal transduction:TF"
"bioplanet_1347","Hypoxic and oxygen homeostasis regulation of HIF-1-alpha","Cancer"
"bioplanet_1347","Hypoxic and oxygen homeostasis regulation of HIF-1-alpha","Circulatory system"
"bioplanet_1347","Hypoxic and oxygen homeostasis regulation of HIF-1-alpha","Signal transduction:Stress Response"
"bioplanet_1347","Hypoxic and oxygen homeostasis regulation of HIF-1-alpha","Stress response"
"bioplanet_1347","Hypoxic and oxygen homeostasis regulation of HIF-1-alpha","Transcription"
"bioplanet_1347","Hypoxic and oxygen homeostasis regulation of HIF-1-alpha","Transcriptional regulation"
"bioplanet_1348","E-cadherin keratinocyte pathway","Cancer"
"bioplanet_1348","E-cadherin keratinocyte pathway","Cell proliferation"
"bioplanet_1348","E-cadherin keratinocyte pathway","Infectious disease"
"bioplanet_1348","E-cadherin keratinocyte pathway","Signal transduction"
"bioplanet_1348","E-cadherin keratinocyte pathway","Stress response"
"bioplanet_1349","ALK1 pathway","Cancer"
"bioplanet_1349","ALK1 pathway","Cardiovascular disease"
"bioplanet_1349","ALK1 pathway","Circulatory system"
"bioplanet_1349","ALK1 pathway","Immune system"
"bioplanet_1349","ALK1 pathway","Musculoskeletal system"
"bioplanet_1349","ALK1 pathway","Protein modification"
"bioplanet_1349","ALK1 pathway","Signal transduction"
"bioplanet_1349","ALK1 pathway","Stress response"
"bioplanet_135","IGF1 signaling pathway","Cancer"
"bioplanet_135","IGF1 signaling pathway","Cell death"
"bioplanet_135","IGF1 signaling pathway","Cell growth"
"bioplanet_135","IGF1 signaling pathway","CellSignaling"
"bioplanet_135","IGF1 signaling pathway","Circulatory system"
"bioplanet_135","IGF1 signaling pathway","CytokinesChemokines"
"bioplanet_135","IGF1 signaling pathway","Endocrine system"
"bioplanet_135","IGF1 signaling pathway","Immune system"
"bioplanet_135","IGF1 signaling pathway","Immunology"
"bioplanet_135","IGF1 signaling pathway","Musculoskeletal system"
"bioplanet_135","IGF1 signaling pathway","Stress response"
"bioplanet_1350","T cell receptor/JNK pathway","Cell proliferation"
"bioplanet_1350","T cell receptor/JNK pathway","Immune disease"
"bioplanet_1350","T cell receptor/JNK pathway","Immune system"
"bioplanet_1350","T cell receptor/JNK pathway","Infectious disease"
"bioplanet_1350","T cell receptor/JNK pathway","Organismal Systems:Immune system"
"bioplanet_1351","C-Myb transcription factor network","Cancer"
"bioplanet_1351","C-Myb transcription factor network","Circulatory system"
"bioplanet_1351","C-Myb transcription factor network","Signal transduction"
"bioplanet_1351","C-Myb transcription factor network","Transcription"
"bioplanet_1351","C-Myb transcription factor network","Transcriptional regulation"
"bioplanet_1352","Syndecan 1 pathway","Genetic disease"
"bioplanet_1352","Syndecan 1 pathway","Signal transduction"
"bioplanet_1353","p38 MK2 pathway","Cancer"
"bioplanet_1353","p38 MK2 pathway","Cell death"
"bioplanet_1353","p38 MK2 pathway","Nervous system"
"bioplanet_1353","p38 MK2 pathway","Signal transduction"
"bioplanet_1353","p38 MK2 pathway","Stress response"
"bioplanet_1354","Validated nuclear estrogen receptor alpha network","Chronology"
"bioplanet_1354","Validated nuclear estrogen receptor alpha network","Circulatory system"
"bioplanet_1354","Validated nuclear estrogen receptor alpha network","Endocrine system"
"bioplanet_1354","Validated nuclear estrogen receptor alpha network","Organismal Systems:Endocrine system"
"bioplanet_1354","Validated nuclear estrogen receptor alpha network","Reproduction"
"bioplanet_1354","Validated nuclear estrogen receptor alpha network","Small molecule metabolism"
"bioplanet_1355","ALK2 pathway","Cell differentiation"
"bioplanet_1355","ALK2 pathway","Genetic disease"
"bioplanet_1355","ALK2 pathway","Musculoskeletal system"
"bioplanet_1355","ALK2 pathway","Signal transduction"
"bioplanet_1356","","Signal transduction"
"bioplanet_1357","p38 gamma/delta MAPK pathway","Cell differentiation"
"bioplanet_1357","p38 gamma/delta MAPK pathway","Cell motility"
"bioplanet_1357","p38 gamma/delta MAPK pathway","Circulatory system"
"bioplanet_1357","p38 gamma/delta MAPK pathway","Signal transduction"
"bioplanet_1358","Integrin beta-5 pathway","Cancer"
"bioplanet_1358","Integrin beta-5 pathway","Circulatory system"
"bioplanet_1358","Integrin beta-5 pathway","Immune system"
"bioplanet_1358","Integrin beta-5 pathway","Physical disorder"
"bioplanet_1358","Integrin beta-5 pathway","Signal transduction"
"bioplanet_1359","VEGFR1 pathway","Cancer"
"bioplanet_1359","VEGFR1 pathway","Cell death"
"bioplanet_1359","VEGFR1 pathway","Circulatory system"
"bioplanet_1359","VEGFR1 pathway","Infectious disease"
"bioplanet_1359","VEGFR1 pathway","Signal transduction"
"bioplanet_136","Interleukin-10 anti-inflammatory signaling pathway","CellSignaling"
"bioplanet_136","Interleukin-10 anti-inflammatory signaling pathway","CytokinesChemokines"
"bioplanet_136","Interleukin-10 anti-inflammatory signaling pathway","Immune system"
"bioplanet_136","Interleukin-10 anti-inflammatory signaling pathway","Immunology"
"bioplanet_136","Interleukin-10 anti-inflammatory signaling pathway","Infectious disease"
"bioplanet_1360","p38 alpha/beta MAPK downstream pathway","Cancer"
"bioplanet_1360","p38 alpha/beta MAPK downstream pathway","Cell differentiation"
"bioplanet_1360","p38 alpha/beta MAPK downstream pathway","Circulatory system"
"bioplanet_1360","p38 alpha/beta MAPK downstream pathway","Infectious disease"
"bioplanet_1360","p38 alpha/beta MAPK downstream pathway","Nervous system"
"bioplanet_1360","p38 alpha/beta MAPK downstream pathway","Protein modification"
"bioplanet_1360","p38 alpha/beta MAPK downstream pathway","Signal transduction"
"bioplanet_1360","p38 alpha/beta MAPK downstream pathway","Stress response"
"bioplanet_1360","p38 alpha/beta MAPK downstream pathway","Transcription"
"bioplanet_1361","Interleukin-2/STAT5 pathway","Cancer"
"bioplanet_1361","Interleukin-2/STAT5 pathway","Cell division"
"bioplanet_1361","Interleukin-2/STAT5 pathway","Immune disease"
"bioplanet_1361","Interleukin-2/STAT5 pathway","Immune system"
"bioplanet_1361","Interleukin-2/STAT5 pathway","Infectious disease"
"bioplanet_1361","Interleukin-2/STAT5 pathway","Signal transduction"
"bioplanet_1362","T cell receptor calcium pathway","Immune disease"
"bioplanet_1362","T cell receptor calcium pathway","Immune system"
"bioplanet_1362","T cell receptor calcium pathway","Infectious disease"
"bioplanet_1362","T cell receptor calcium pathway","Organismal Systems:Immune system"
"bioplanet_1363","Delta Np63 pathway","Cancer"
"bioplanet_1363","Delta Np63 pathway","Cell differentiation"
"bioplanet_1363","Delta Np63 pathway","Cell proliferation"
"bioplanet_1363","Delta Np63 pathway","Immune system"
"bioplanet_1363","Delta Np63 pathway","Signal transduction:TF"
"bioplanet_1363","Delta Np63 pathway","Stress response"
"bioplanet_1364","FOXA transcription factor networks","Cancer"
"bioplanet_1364","FOXA transcription factor networks","Signal transduction"
"bioplanet_1364","FOXA transcription factor networks","Stress response"
"bioplanet_1364","FOXA transcription factor networks","Transcription"
"bioplanet_1364","FOXA transcription factor networks","Transcriptional regulation"
"bioplanet_1365","Syndecan 2 pathway","Cancer"
"bioplanet_1365","Syndecan 2 pathway","Circulatory system"
"bioplanet_1365","Syndecan 2 pathway","Signal transduction"
"bioplanet_1366","RAC1 activity regulation","Cancer"
"bioplanet_1366","RAC1 activity regulation","Infectious disease"
"bioplanet_1366","RAC1 activity regulation","Nervous system"
"bioplanet_1366","RAC1 activity regulation","Signal transduction"
"bioplanet_1367","Insulin regulation of blood glucose","Carbohydrate metabolism"
"bioplanet_1367","Insulin regulation of blood glucose","Circulatory system"
"bioplanet_1367","Insulin regulation of blood glucose","Endocrine and metabolic disease"
"bioplanet_1367","Insulin regulation of blood glucose","Endocrine system"
"bioplanet_1367","Insulin regulation of blood glucose","Signal transduction"
"bioplanet_1367","Insulin regulation of blood glucose","Small molecule metabolism"
"bioplanet_1367","Insulin regulation of blood glucose","Stress response"
"bioplanet_1367","Insulin regulation of blood glucose","Transport"
"bioplanet_1368","PIK3C1/AKT pathway","Cancer"
"bioplanet_1368","PIK3C1/AKT pathway","Cell death"
"bioplanet_1368","PIK3C1/AKT pathway","Cell proliferation"
"bioplanet_1368","PIK3C1/AKT pathway","Circulatory system"
"bioplanet_1368","PIK3C1/AKT pathway","G-protein coupled receptor"
"bioplanet_1368","PIK3C1/AKT pathway","Immune system"
"bioplanet_1368","PIK3C1/AKT pathway","Infectious disease"
"bioplanet_1368","PIK3C1/AKT pathway","Signal transduction"
"bioplanet_1368","PIK3C1/AKT pathway","Stress response"
"bioplanet_1369","Syndecan 3 pathway","Signal transduction"
"bioplanet_137","","CellSignaling"
"bioplanet_137","","CytokinesChemokines"
"bioplanet_137","","Immunology"
"bioplanet_1370","Myc repressed pathway","Signal transduction"
"bioplanet_1370","Myc repressed pathway","Stress response"
"bioplanet_1370","Myc repressed pathway","Transport"
"bioplanet_1371","HIF-1 transcriptional activity in hypoxia","Carbohydrate metabolism"
"bioplanet_1371","HIF-1 transcriptional activity in hypoxia","Chronology"
"bioplanet_1371","HIF-1 transcriptional activity in hypoxia","Circulatory system"
"bioplanet_1371","HIF-1 transcriptional activity in hypoxia","Energy metabolism"
"bioplanet_1371","HIF-1 transcriptional activity in hypoxia","Genetic disease"
"bioplanet_1371","HIF-1 transcriptional activity in hypoxia","Signal transduction"
"bioplanet_1371","HIF-1 transcriptional activity in hypoxia","Small molecule metabolism"
"bioplanet_1371","HIF-1 transcriptional activity in hypoxia","Stress response"
"bioplanet_1371","HIF-1 transcriptional activity in hypoxia","Transcription"
"bioplanet_1371","HIF-1 transcriptional activity in hypoxia","Transport"
"bioplanet_1372","TAp63 pathway","Cancer"
"bioplanet_1372","TAp63 pathway","Cell death"
"bioplanet_1372","TAp63 pathway","Cell proliferation"
"bioplanet_1372","TAp63 pathway","Signal transduction:TF"
"bioplanet_1372","TAp63 pathway","Transcription"
"bioplanet_1373","","Signal transduction"
"bioplanet_1374","Ras family activation regulation","Cancer"
"bioplanet_1374","Ras family activation regulation","Cell division"
"bioplanet_1374","Ras family activation regulation","Cell proliferation"
"bioplanet_1374","Ras family activation regulation","Signal transduction"
"bioplanet_1375","MAPK/TRK pathway","Cell proliferation"
"bioplanet_1375","MAPK/TRK pathway","Circulatory system"
"bioplanet_1375","MAPK/TRK pathway","Immune system"
"bioplanet_1375","MAPK/TRK pathway","Protein modification"
"bioplanet_1375","MAPK/TRK pathway","Signal transduction"
"bioplanet_1375","MAPK/TRK pathway","Stress response"
"bioplanet_1375","MAPK/TRK pathway","Transcription"
"bioplanet_1376","PI3K/PLC/TRK pathway","Carbohydrate metabolism"
"bioplanet_1376","PI3K/PLC/TRK pathway","Cell proliferation"
"bioplanet_1376","PI3K/PLC/TRK pathway","Circulatory system"
"bioplanet_1376","PI3K/PLC/TRK pathway","Endocrine system"
"bioplanet_1376","PI3K/PLC/TRK pathway","G-protein coupled receptor"
"bioplanet_1376","PI3K/PLC/TRK pathway","Infectious disease"
"bioplanet_1376","PI3K/PLC/TRK pathway","Signal transduction"
"bioplanet_1376","PI3K/PLC/TRK pathway","Stress response"
"bioplanet_1377","CD8/T cell receptor downstream pathway","Cell division"
"bioplanet_1377","CD8/T cell receptor downstream pathway","Immune system"
"bioplanet_1377","CD8/T cell receptor downstream pathway","Infectious disease"
"bioplanet_1377","CD8/T cell receptor downstream pathway","Signal transduction"
"bioplanet_1377","CD8/T cell receptor downstream pathway","Stress response"
"bioplanet_1378","Polo-like kinase 3 (PLK3) pathway","Cancer"
"bioplanet_1378","Polo-like kinase 3 (PLK3) pathway","Cellular Processes:Cell growth and death:Cell Cycle"
"bioplanet_1378","Polo-like kinase 3 (PLK3) pathway","Protein modification"
"bioplanet_1379","Rac1 cell motility signaling pathway","Cancer"
"bioplanet_1379","Rac1 cell motility signaling pathway","Cell motility"
"bioplanet_1379","Rac1 cell motility signaling pathway","Immune system"
"bioplanet_1379","Rac1 cell motility signaling pathway","Infectious disease"
"bioplanet_1379","Rac1 cell motility signaling pathway","Signal transduction"
"bioplanet_138","Interleukin-18 signaling pathway","Cell differentiation"
"bioplanet_138","Interleukin-18 signaling pathway","CellSignaling"
"bioplanet_138","Interleukin-18 signaling pathway","CytokinesChemokines"
"bioplanet_138","Interleukin-18 signaling pathway","Immune disease"
"bioplanet_138","Interleukin-18 signaling pathway","Immune system"
"bioplanet_138","Interleukin-18 signaling pathway","Immunology"
"bioplanet_138","Interleukin-18 signaling pathway","Infectious disease"
"bioplanet_1380","Retinoblastoma protein regulation","Cancer"
"bioplanet_1380","Retinoblastoma protein regulation","Cell proliferation"
"bioplanet_1380","Retinoblastoma protein regulation","Cellular Processes:Cell growth and death:Cell Cycle"
"bioplanet_1380","Retinoblastoma protein regulation","Protein modification"
"bioplanet_1380","Retinoblastoma protein regulation","Stress response"
"bioplanet_1380","Retinoblastoma protein regulation","Translation"
"bioplanet_1381","Glypican-3 pathway","Cell division"
"bioplanet_1381","Glypican-3 pathway","Cell growth"
"bioplanet_1381","Glypican-3 pathway","Circulatory system"
"bioplanet_1381","Glypican-3 pathway","Genetic disease"
"bioplanet_1381","Glypican-3 pathway","Signal transduction"
"bioplanet_1382","HNF3A pathway","Cancer"
"bioplanet_1382","HNF3A pathway","Signal transduction"
"bioplanet_1382","HNF3A pathway","Stress response"
"bioplanet_1382","HNF3A pathway","Transcription"
"bioplanet_1382","HNF3A pathway","Transcriptional regulation"
"bioplanet_1383","HES/HEY pathway","Cancer"
"bioplanet_1383","HES/HEY pathway","Cell differentiation"
"bioplanet_1383","HES/HEY pathway","Circulatory system"
"bioplanet_1383","HES/HEY pathway","Immune system"
"bioplanet_1383","HES/HEY pathway","Musculoskeletal system"
"bioplanet_1383","HES/HEY pathway","Reproduction"
"bioplanet_1383","HES/HEY pathway","Signal transduction"
"bioplanet_1383","HES/HEY pathway","Stress response"
"bioplanet_1384","Interleukin-12/STAT4 pathway","Circulatory system"
"bioplanet_1384","Interleukin-12/STAT4 pathway","Immune disease"
"bioplanet_1384","Interleukin-12/STAT4 pathway","Immune system"
"bioplanet_1384","Interleukin-12/STAT4 pathway","Infectious disease"
"bioplanet_1384","Interleukin-12/STAT4 pathway","Signal transduction"
"bioplanet_1384","Interleukin-12/STAT4 pathway","Stress response"
"bioplanet_1384","Interleukin-12/STAT4 pathway","Transcription"
"bioplanet_1385","Golgi-associated vesicle biogenesis","Cellular Processes:Transport and catabolism"
"bioplanet_1385","Golgi-associated vesicle biogenesis","Protein folding, sorting and degradation"
"bioplanet_1385","Golgi-associated vesicle biogenesis","Transport"
"bioplanet_1386","Maturation of Notch precursor via proteolytic cleavage","Cancer"
"bioplanet_1386","Maturation of Notch precursor via proteolytic cleavage","Cell differentiation"
"bioplanet_1386","Maturation of Notch precursor via proteolytic cleavage","Signal transduction"
"bioplanet_1386","Maturation of Notch precursor via proteolytic cleavage","Transcription"
"bioplanet_1386","Maturation of Notch precursor via proteolytic cleavage","Transcriptional regulation"
"bioplanet_1387","Presynaptic function of kainate receptors","Nervous system"
"bioplanet_1387","Presynaptic function of kainate receptors","Neurological disease"
"bioplanet_1387","Presynaptic function of kainate receptors","Organismal Systems:Nervous system"
"bioplanet_1388","Extrinsic pathway","Cardiovascular disease"
"bioplanet_1388","Extrinsic pathway","Circulatory system"
"bioplanet_1388","Extrinsic pathway","Hemostasis"
"bioplanet_1388","Extrinsic pathway","Immune system"
"bioplanet_1388","Extrinsic pathway","Infectious disease"
"bioplanet_1389","Coagulation intrinsic pathway","Cardiovascular disease"
"bioplanet_1389","Coagulation intrinsic pathway","Circulatory system"
"bioplanet_1389","Coagulation intrinsic pathway","Hemostasis"
"bioplanet_139","Interleukin-22 soluble receptor signaling pathway","CellSignaling"
"bioplanet_139","Interleukin-22 soluble receptor signaling pathway","CytokinesChemokines"
"bioplanet_139","Interleukin-22 soluble receptor signaling pathway","Immune disease"
"bioplanet_139","Interleukin-22 soluble receptor signaling pathway","Immune system"
"bioplanet_139","Interleukin-22 soluble receptor signaling pathway","Immunology"
"bioplanet_1390","ATR activation in response to replication stress","Cell division"
"bioplanet_1390","ATR activation in response to replication stress","Cellular Processes:Cell growth and death:Cell Cycle"
"bioplanet_1390","ATR activation in response to replication stress","DNA repair"
"bioplanet_1390","ATR activation in response to replication stress","DNA replication"
"bioplanet_1390","ATR activation in response to replication stress","Stress response"
"bioplanet_1391","APC/C activator regulation between G1/S and early anaphase","Cell division"
"bioplanet_1391","APC/C activator regulation between G1/S and early anaphase","Cellular Processes:Cell growth and death:Cell Cycle"
"bioplanet_1391","APC/C activator regulation between G1/S and early anaphase","DNA replication"
"bioplanet_1392","","Organismal Systems:Immune system"
"bioplanet_1394","Translocation of ZAP-70 to immunological synapse","Immune disease"
"bioplanet_1394","Translocation of ZAP-70 to immunological synapse","Immune system"
"bioplanet_1394","Translocation of ZAP-70 to immunological synapse","Organismal Systems:Immune system"
"bioplanet_1394","Translocation of ZAP-70 to immunological synapse","Small molecule metabolism"
"bioplanet_1395","Eukaryotic translation elongation","Genetic Information Processing:Translation"
"bioplanet_1395","Eukaryotic translation elongation","Protein folding, sorting and degradation"
"bioplanet_1395","Eukaryotic translation elongation","Stress response"
"bioplanet_1395","Eukaryotic translation elongation","Translation"
"bioplanet_1396","Flap intermediate removal from the telomere lagging strand (C-strand)","Cellular Processes:Cell growth and death:Cell Cycle"
"bioplanet_1396","Flap intermediate removal from the telomere lagging strand (C-strand)","DNA repair"
"bioplanet_1396","Flap intermediate removal from the telomere lagging strand (C-strand)","Nucleic acid metabolism"
"bioplanet_1396","Flap intermediate removal from the telomere lagging strand (C-strand)","Stress response"
"bioplanet_1397","2-LTR circle formation","DNA repair"
"bioplanet_1397","2-LTR circle formation","Human Diseases:Infectious diseases: Viral"
"bioplanet_1397","2-LTR circle formation","Infectious disease"
"bioplanet_1398","HIV-1 early elongation complex formation","Human Diseases:Infectious diseases: Viral"
"bioplanet_1398","HIV-1 early elongation complex formation","Infectious disease"
"bioplanet_1398","HIV-1 early elongation complex formation","Nucleic acid metabolism"
"bioplanet_1398","HIV-1 early elongation complex formation","Stress response"
"bioplanet_1399","HIV-1 elongation complex formation in the absence of HIV-1 Tat","Human Diseases:Infectious diseases: Viral"
"bioplanet_1399","HIV-1 elongation complex formation in the absence of HIV-1 Tat","Infectious disease"
"bioplanet_1399","HIV-1 elongation complex formation in the absence of HIV-1 Tat","Nucleic acid metabolism"
"bioplanet_1399","HIV-1 elongation complex formation in the absence of HIV-1 Tat","Transcription"
"bioplanet_14","Apoptotic signaling in response to DNA damage","Apoptosis"
"bioplanet_14","Apoptotic signaling in response to DNA damage","Cancer"
"bioplanet_14","Apoptotic signaling in response to DNA damage","Cardiovascular disease"
"bioplanet_14","Apoptotic signaling in response to DNA damage","Cell death"
"bioplanet_14","Apoptotic signaling in response to DNA damage","DNA repair"
"bioplanet_14","Apoptotic signaling in response to DNA damage","Nervous system"
"bioplanet_14","Apoptotic signaling in response to DNA damage","Neurological disease"
"bioplanet_14","Apoptotic signaling in response to DNA damage","Reproduction"
"bioplanet_14","Apoptotic signaling in response to DNA damage","Stress response"
"bioplanet_140","","CellSignaling"
"bioplanet_140","","CytokinesChemokines"
"bioplanet_140","","Immunology"
"bioplanet_1400","Nef-mediates down modulation of cell surface receptors by recruiting them to clathrin adapters","Human Diseases:Infectious diseases: Viral"
"bioplanet_1400","Nef-mediates down modulation of cell surface receptors by recruiting them to clathrin adapters","Immune disease"
"bioplanet_1400","Nef-mediates down modulation of cell surface receptors by recruiting them to clathrin adapters","Immune system"
"bioplanet_1400","Nef-mediates down modulation of cell surface receptors by recruiting them to clathrin adapters","Infectious disease"
"bioplanet_1401","Glycoprotein hormones","Endocrine system"
"bioplanet_1401","Glycoprotein hormones","Genetic Information Processing:Folding, sorting and degradation"
"bioplanet_1401","Glycoprotein hormones","Nervous system"
"bioplanet_1401","Glycoprotein hormones","Protein modification"
"bioplanet_1402","Beta-oxidation of lauroyl-CoA to decanoyl-CoA","Cardiovascular disease"
"bioplanet_1402","Beta-oxidation of lauroyl-CoA to decanoyl-CoA","Endocrine and metabolic disease"
"bioplanet_1402","Beta-oxidation of lauroyl-CoA to decanoyl-CoA","Lipid metabolism"
"bioplanet_1402","Beta-oxidation of lauroyl-CoA to decanoyl-CoA","Metabolism"
"bioplanet_1402","Beta-oxidation of lauroyl-CoA to decanoyl-CoA","Small molecule metabolism"
"bioplanet_1403","Mitotic metaphase/anaphase transition","Cell division"
"bioplanet_1403","Mitotic metaphase/anaphase transition","Cellular Processes:Cell growth and death:Cell Cycle"
"bioplanet_1403","Mitotic metaphase/anaphase transition","Genetic disease"
"bioplanet_1404","Cap-dependent translation initiation","Cancer"
"bioplanet_1404","Cap-dependent translation initiation","Genetic Information Processing:Translation"
"bioplanet_1404","Cap-dependent translation initiation","Nucleic acid metabolism"
"bioplanet_1404","Cap-dependent translation initiation","Translation"
"bioplanet_1404","Cap-dependent translation initiation","Transport"
"bioplanet_1405","Notch-HLH transcription pathway","Genetic Information Processing: Transcription"
"bioplanet_1405","Notch-HLH transcription pathway","Transcription"
"bioplanet_1405","Notch-HLH transcription pathway","Transcriptional regulation"
"bioplanet_1406","Tat-mediated elongation of the HIV-1 transcript","Human Diseases:Infectious diseases: Viral"
"bioplanet_1406","Tat-mediated elongation of the HIV-1 transcript","Immune disease"
"bioplanet_1406","Tat-mediated elongation of the HIV-1 transcript","Infectious disease"
"bioplanet_1406","Tat-mediated elongation of the HIV-1 transcript","Transcriptional regulation"
"bioplanet_1407","Tat-mediated HIV-1 elongation arrest and recovery","Human Diseases:Infectious diseases: Viral"
"bioplanet_1407","Tat-mediated HIV-1 elongation arrest and recovery","Immune disease"
"bioplanet_1407","Tat-mediated HIV-1 elongation arrest and recovery","Infectious disease"
"bioplanet_1407","Tat-mediated HIV-1 elongation arrest and recovery","Stress response"
"bioplanet_1407","Tat-mediated HIV-1 elongation arrest and recovery","Transcriptional regulation"
"bioplanet_1408","Licensing factor removal from origins","Cell death"
"bioplanet_1408","Licensing factor removal from origins","DNA replication"
"bioplanet_1408","Licensing factor removal from origins","Genetic Information Processing:Replication and repair"
"bioplanet_1408","Licensing factor removal from origins","Immune system"
"bioplanet_1408","Licensing factor removal from origins","RNA processing"
"bioplanet_1408","Licensing factor removal from origins","Small molecule metabolism"
"bioplanet_1408","Licensing factor removal from origins","Xenobiotic metabolism"
"bioplanet_1409","Mitotic prometaphase","Cell proliferation"
"bioplanet_1409","Mitotic prometaphase","Cellular Processes:Cell growth and death:Cell Cycle"
"bioplanet_1409","Mitotic prometaphase","Infectious disease"
"bioplanet_141","","CellSignaling"
"bioplanet_141","","CytokinesChemokines"
"bioplanet_141","","Immunology"
"bioplanet_1410","von Willebrand factor (vWF) interaction with collagen","Cardiovascular disease"
"bioplanet_1410","von Willebrand factor (vWF) interaction with collagen","Cell death"
"bioplanet_1410","von Willebrand factor (vWF) interaction with collagen","Genetic disease"
"bioplanet_1410","von Willebrand factor (vWF) interaction with collagen","Hemostasis"
"bioplanet_1410","von Willebrand factor (vWF) interaction with collagen","Immune system"
"bioplanet_1411","Activation of PUMA and translocation to mitochondria","Cancer"
"bioplanet_1411","Activation of PUMA and translocation to mitochondria","Cellular Processes:Cell growth and death:Apoptosis"
"bioplanet_1411","Activation of PUMA and translocation to mitochondria","Digestive system"
"bioplanet_1412","","Signal transduction"
"bioplanet_1413","T cell receptor regulation of apoptosis","Cell death"
"bioplanet_1413","T cell receptor regulation of apoptosis","Immune system"
"bioplanet_1413","T cell receptor regulation of apoptosis","Infectious disease"
"bioplanet_1413","T cell receptor regulation of apoptosis","Organismal Systems:Immune system"
"bioplanet_1413","T cell receptor regulation of apoptosis","Signal transduction"
"bioplanet_1413","T cell receptor regulation of apoptosis","Stress response"
"bioplanet_1414","Oncostatin M","Cancer"
"bioplanet_1414","Oncostatin M","Cell differentiation"
"bioplanet_1414","Oncostatin M","Cell division"
"bioplanet_1414","Oncostatin M","Cell growth"
"bioplanet_1414","Oncostatin M","Circulatory system"
"bioplanet_1414","Oncostatin M","Immune system"
"bioplanet_1414","Oncostatin M","Organismal Systems:Immune system"
"bioplanet_1414","Oncostatin M","Physical disorder"
"bioplanet_1414","Oncostatin M","Signal transduction"
"bioplanet_1415","Ghrelin pathway","Cancer"
"bioplanet_1415","Ghrelin pathway","Chronology"
"bioplanet_1415","Ghrelin pathway","Circulatory system"
"bioplanet_1415","Ghrelin pathway","Digestive system"
"bioplanet_1415","Ghrelin pathway","Endocrine and metabolic disease"
"bioplanet_1415","Ghrelin pathway","Endocrine system"
"bioplanet_1415","Ghrelin pathway","Lipid metabolism"
"bioplanet_1415","Ghrelin pathway","Signal transduction"
"bioplanet_1415","Ghrelin pathway","Small molecule metabolism"
"bioplanet_1415","Ghrelin pathway","Stress response"
"bioplanet_1416","","Organismal Systems:Immune system"
"bioplanet_1416","","Signal transduction"
"bioplanet_1417","Corticotropin releasing hormone pathway","Cancer"
"bioplanet_1417","Corticotropin releasing hormone pathway","Circulatory system"
"bioplanet_1417","Corticotropin releasing hormone pathway","Endocrine system"
"bioplanet_1417","Corticotropin releasing hormone pathway","Nervous system"
"bioplanet_1417","Corticotropin releasing hormone pathway","Neurological disease"
"bioplanet_1417","Corticotropin releasing hormone pathway","Organismal Systems:Endocrine system"
"bioplanet_1417","Corticotropin releasing hormone pathway","Reproduction"
"bioplanet_1417","Corticotropin releasing hormone pathway","Signal transduction"
"bioplanet_1417","Corticotropin releasing hormone pathway","Stress response"
"bioplanet_1418","Interleukin-1 regulation of extracellular matrix","Cancer"
"bioplanet_1418","Interleukin-1 regulation of extracellular matrix","Cell motility"
"bioplanet_1418","Interleukin-1 regulation of extracellular matrix","Circulatory system"
"bioplanet_1418","Interleukin-1 regulation of extracellular matrix","Immune system"
"bioplanet_1418","Interleukin-1 regulation of extracellular matrix","Organismal Systems:Immune system"
"bioplanet_1418","Interleukin-1 regulation of extracellular matrix","Physical disorder"
"bioplanet_1418","Interleukin-1 regulation of extracellular matrix","Signal transduction"
"bioplanet_1419","Fibroblast growth factor 1","Cancer"
"bioplanet_1419","Fibroblast growth factor 1","Cell proliferation"
"bioplanet_1419","Fibroblast growth factor 1","Circulatory system"
"bioplanet_1419","Fibroblast growth factor 1","Immune system"
"bioplanet_1419","Fibroblast growth factor 1","Musculoskeletal system"
"bioplanet_1419","Fibroblast growth factor 1","Nervous system"
"bioplanet_1419","Fibroblast growth factor 1","Protein modification"
"bioplanet_1419","Fibroblast growth factor 1","Reproduction"
"bioplanet_1419","Fibroblast growth factor 1","Signal transduction"
"bioplanet_1419","Fibroblast growth factor 1","Stress response"
"bioplanet_142","","CellSignaling"
"bioplanet_142","","CytokinesChemokines"
"bioplanet_142","","Immunology"
"bioplanet_1420","RAGE pathway","Cancer"
"bioplanet_1420","RAGE pathway","Cardiovascular disease"
"bioplanet_1420","RAGE pathway","Circulatory system"
"bioplanet_1420","RAGE pathway","Digestive system"
"bioplanet_1420","RAGE pathway","Immune system"
"bioplanet_1420","RAGE pathway","Infectious disease"
"bioplanet_1420","RAGE pathway","Signal transduction"
"bioplanet_1420","RAGE pathway","Stress response"
"bioplanet_1421","Interleukin-2 signaling pathway","Cell proliferation"
"bioplanet_1421","Interleukin-2 signaling pathway","Immune disease"
"bioplanet_1421","Interleukin-2 signaling pathway","Immune system"
"bioplanet_1421","Interleukin-2 signaling pathway","Infectious disease"
"bioplanet_1421","Interleukin-2 signaling pathway","Organismal Systems:Immune system"
"bioplanet_1421","Interleukin-2 signaling pathway","Signal transduction"
"bioplanet_1422","Interleukin-11 pathway","Cell motility"
"bioplanet_1422","Interleukin-11 pathway","Immune disease"
"bioplanet_1422","Interleukin-11 pathway","Immune system"
"bioplanet_1422","Interleukin-11 pathway","Infectious disease"
"bioplanet_1422","Interleukin-11 pathway","Organismal Systems:Immune system"
"bioplanet_1422","Interleukin-11 pathway","Reproduction"
"bioplanet_1422","Interleukin-11 pathway","Signal transduction"
"bioplanet_1423","Interleukin-3 regulation of hematopoietic cells","Cell death"
"bioplanet_1423","Interleukin-3 regulation of hematopoietic cells","Cell differentiation"
"bioplanet_1423","Interleukin-3 regulation of hematopoietic cells","Immune disease"
"bioplanet_1423","Interleukin-3 regulation of hematopoietic cells","Immune system"
"bioplanet_1423","Interleukin-3 regulation of hematopoietic cells","Infectious disease"
"bioplanet_1423","Interleukin-3 regulation of hematopoietic cells","Organismal Systems:Immune system"
"bioplanet_1423","Interleukin-3 regulation of hematopoietic cells","Signal transduction"
"bioplanet_1424","Gastrin pathway","Circulatory system"
"bioplanet_1424","Gastrin pathway","Digestive system"
"bioplanet_1424","Gastrin pathway","Excretory system"
"bioplanet_1424","Gastrin pathway","Immune system"
"bioplanet_1424","Gastrin pathway","Nervous system"
"bioplanet_1424","Gastrin pathway","Signal transduction"
"bioplanet_1424","Gastrin pathway","Stress response"
"bioplanet_1424","Gastrin pathway","Transport"
"bioplanet_1425","Interleukin-4 regulation of apoptosis","Cell death"
"bioplanet_1425","Interleukin-4 regulation of apoptosis","Circulatory system"
"bioplanet_1425","Interleukin-4 regulation of apoptosis","Immune disease"
"bioplanet_1425","Interleukin-4 regulation of apoptosis","Immune system"
"bioplanet_1425","Interleukin-4 regulation of apoptosis","Infectious disease"
"bioplanet_1425","Interleukin-4 regulation of apoptosis","Organismal Systems:Immune system"
"bioplanet_1425","Interleukin-4 regulation of apoptosis","Physical disorder"
"bioplanet_1425","Interleukin-4 regulation of apoptosis","Signal transduction"
"bioplanet_1426","Interleukin-5 regulation of apoptosis","Cancer"
"bioplanet_1426","Interleukin-5 regulation of apoptosis","Cell death"
"bioplanet_1426","Interleukin-5 regulation of apoptosis","Cell differentiation"
"bioplanet_1426","Interleukin-5 regulation of apoptosis","Circulatory system"
"bioplanet_1426","Interleukin-5 regulation of apoptosis","Immune disease"
"bioplanet_1426","Interleukin-5 regulation of apoptosis","Immune system"
"bioplanet_1426","Interleukin-5 regulation of apoptosis","Organismal Systems:Immune system"
"bioplanet_1426","Interleukin-5 regulation of apoptosis","Physical disorder"
"bioplanet_1426","Interleukin-5 regulation of apoptosis","Signal transduction"
"bioplanet_1426","Interleukin-5 regulation of apoptosis","Stress response"
"bioplanet_1427","Interleukin-6 regulation of target genes","Circulatory system"
"bioplanet_1427","Interleukin-6 regulation of target genes","Immune system"
"bioplanet_1427","Interleukin-6 regulation of target genes","Infectious disease"
"bioplanet_1427","Interleukin-6 regulation of target genes","Organismal Systems:Immune system"
"bioplanet_1427","Interleukin-6 regulation of target genes","Signal transduction"
"bioplanet_1427","Interleukin-6 regulation of target genes","Small molecule metabolism"
"bioplanet_1427","Interleukin-6 regulation of target genes","Transcription"
"bioplanet_1427","Interleukin-6 regulation of target genes","Transcriptional regulation"
"bioplanet_1427","Interleukin-6 regulation of target genes","Transport"
"bioplanet_1428","Interleukin-7 interactions in immune response","Cell differentiation"
"bioplanet_1428","Interleukin-7 interactions in immune response","Circulatory system"
"bioplanet_1428","Interleukin-7 interactions in immune response","Immune disease"
"bioplanet_1428","Interleukin-7 interactions in immune response","Immune system"
"bioplanet_1428","Interleukin-7 interactions in immune response","Infectious disease"
"bioplanet_1428","Interleukin-7 interactions in immune response","Organismal Systems:Immune system"
"bioplanet_1428","Interleukin-7 interactions in immune response","Signal transduction"
"bioplanet_1429","","Signal transduction:NR"
"bioplanet_143","","CellSignaling"
"bioplanet_143","","CytokinesChemokines"
"bioplanet_143","","Immunology"
"bioplanet_1430","Interleukin-9 regulation of target genes","Immune disease"
"bioplanet_1430","Interleukin-9 regulation of target genes","Immune system"
"bioplanet_1430","Interleukin-9 regulation of target genes","Organismal Systems:Immune system"
"bioplanet_1430","Interleukin-9 regulation of target genes","Signal transduction"
"bioplanet_1430","Interleukin-9 regulation of target genes","Transcription"
"bioplanet_1430","Interleukin-9 regulation of target genes","Transcriptional regulation"
"bioplanet_1430","Interleukin-9 regulation of target genes","Transport"
"bioplanet_1431","RANKL regulation of apoptosis and immune response","Cancer"
"bioplanet_1431","RANKL regulation of apoptosis and immune response","Cell death"
"bioplanet_1431","RANKL regulation of apoptosis and immune response","Circulatory system"
"bioplanet_1431","RANKL regulation of apoptosis and immune response","Immune system"
"bioplanet_1431","RANKL regulation of apoptosis and immune response","Signal transduction"
"bioplanet_1431","RANKL regulation of apoptosis and immune response","Transport"
"bioplanet_1432","Leptin influence on immune response","Circulatory system"
"bioplanet_1432","Leptin influence on immune response","Digestive system"
"bioplanet_1432","Leptin influence on immune response","Endocrine system"
"bioplanet_1432","Leptin influence on immune response","Immune system"
"bioplanet_1432","Leptin influence on immune response","Lipid metabolism"
"bioplanet_1432","Leptin influence on immune response","Signal transduction"
"bioplanet_1433","TSH regulation of gene expression","Energy metabolism"
"bioplanet_1433","TSH regulation of gene expression","Organismal Systems:Endocrine system"
"bioplanet_1433","TSH regulation of gene expression","Signal transduction"
"bioplanet_1433","TSH regulation of gene expression","Stress response"
"bioplanet_1433","TSH regulation of gene expression","Transcriptional regulation"
"bioplanet_1433","TSH regulation of gene expression","Translation"
"bioplanet_1434","Thymic stromal lymphopoietin (TSLP) pathway","Cell differentiation"
"bioplanet_1434","Thymic stromal lymphopoietin (TSLP) pathway","Cell proliferation"
"bioplanet_1434","Thymic stromal lymphopoietin (TSLP) pathway","Immune disease"
"bioplanet_1434","Thymic stromal lymphopoietin (TSLP) pathway","Immune system"
"bioplanet_1434","Thymic stromal lymphopoietin (TSLP) pathway","Infectious disease"
"bioplanet_1434","Thymic stromal lymphopoietin (TSLP) pathway","Signal transduction"
"bioplanet_1435","FSH regulation of apoptosis","Cancer"
"bioplanet_1435","FSH regulation of apoptosis","Cell death"
"bioplanet_1435","FSH regulation of apoptosis","Endocrine system"
"bioplanet_1435","FSH regulation of apoptosis","Genetic disease"
"bioplanet_1435","FSH regulation of apoptosis","Organismal Systems:Endocrine system"
"bioplanet_1435","FSH regulation of apoptosis","Reproduction"
"bioplanet_1435","FSH regulation of apoptosis","Signal transduction"
"bioplanet_1436","TWEAK regulation of gene expression","Cancer"
"bioplanet_1436","TWEAK regulation of gene expression","Cell differentiation"
"bioplanet_1436","TWEAK regulation of gene expression","Cell motility"
"bioplanet_1436","TWEAK regulation of gene expression","Immune system"
"bioplanet_1436","TWEAK regulation of gene expression","Musculoskeletal system"
"bioplanet_1436","TWEAK regulation of gene expression","Signal transduction"
"bioplanet_1436","TWEAK regulation of gene expression","Transcription"
"bioplanet_1436","TWEAK regulation of gene expression","Transcriptional regulation"
"bioplanet_1436","TWEAK regulation of gene expression","Translation"
"bioplanet_1436","TWEAK regulation of gene expression","Transport"
"bioplanet_1437","","Signal transduction"
"bioplanet_1438","EGFR1 pathway","Cancer"
"bioplanet_1438","EGFR1 pathway","Cell proliferation"
"bioplanet_1438","EGFR1 pathway","Signal transduction"
"bioplanet_1438","EGFR1 pathway","Stress response"
"bioplanet_1438","EGFR1 pathway","Transcriptional regulation"
"bioplanet_1439","ID regulation of gene expression","Cancer"
"bioplanet_1439","ID regulation of gene expression","Cell differentiation"
"bioplanet_1439","ID regulation of gene expression","Signal transduction"
"bioplanet_1439","ID regulation of gene expression","Stress response"
"bioplanet_1439","ID regulation of gene expression","Transcriptional regulation"
"bioplanet_144","","CellSignaling"
"bioplanet_144","","CytokinesChemokines"
"bioplanet_144","","Immunology"
"bioplanet_1440","Prolactin regulation of apoptosis","Cancer"
"bioplanet_1440","Prolactin regulation of apoptosis","Cell death"
"bioplanet_1440","Prolactin regulation of apoptosis","Immune system"
"bioplanet_1440","Prolactin regulation of apoptosis","Infectious disease"
"bioplanet_1440","Prolactin regulation of apoptosis","Protein folding, sorting and degradation"
"bioplanet_1440","Prolactin regulation of apoptosis","Signal transduction"
"bioplanet_1441","Kit receptor transcriptional targets","Cancer"
"bioplanet_1441","Kit receptor transcriptional targets","Signal transduction"
"bioplanet_1441","Kit receptor transcriptional targets","Transcription"
"bioplanet_1441","Kit receptor transcriptional targets","Transcriptional regulation"
"bioplanet_1442","TGF-beta regulation of extracellular matrix","Genetic disease"
"bioplanet_1442","TGF-beta regulation of extracellular matrix","Signal transduction"
"bioplanet_1443","BDNF signaling pathway","Cancer"
"bioplanet_1443","BDNF signaling pathway","Circulatory system"
"bioplanet_1443","BDNF signaling pathway","Immune system"
"bioplanet_1443","BDNF signaling pathway","Signal transduction"
"bioplanet_1444","Wnt interactions in lipid metabolism and immune response","Cancer"
"bioplanet_1444","Wnt interactions in lipid metabolism and immune response","Cell proliferation"
"bioplanet_1444","Wnt interactions in lipid metabolism and immune response","Circulatory system"
"bioplanet_1444","Wnt interactions in lipid metabolism and immune response","Immune system"
"bioplanet_1444","Wnt interactions in lipid metabolism and immune response","Infectious disease"
"bioplanet_1444","Wnt interactions in lipid metabolism and immune response","Lipid metabolism"
"bioplanet_1444","Wnt interactions in lipid metabolism and immune response","Signal transduction"
"bioplanet_1444","Wnt interactions in lipid metabolism and immune response","Stress response"
"bioplanet_1445","TNF-alpha effects on cytokine activity, cell motility, and apoptosis","Cancer"
"bioplanet_1445","TNF-alpha effects on cytokine activity, cell motility, and apoptosis","Cell death"
"bioplanet_1445","TNF-alpha effects on cytokine activity, cell motility, and apoptosis","Cell motility"
"bioplanet_1445","TNF-alpha effects on cytokine activity, cell motility, and apoptosis","Circulatory system"
"bioplanet_1445","TNF-alpha effects on cytokine activity, cell motility, and apoptosis","Immune system"
"bioplanet_1445","TNF-alpha effects on cytokine activity, cell motility, and apoptosis","Infectious disease"
"bioplanet_1445","TNF-alpha effects on cytokine activity, cell motility, and apoptosis","Signal transduction"
"bioplanet_1446","Amino acid conjugation","Metabolism"
"bioplanet_1446","Amino acid conjugation","Xenobiotic metabolism"
"bioplanet_1447","Smooth muscle contraction","Cardiovascular disease"
"bioplanet_1447","Smooth muscle contraction","Circulatory system"
"bioplanet_1447","Smooth muscle contraction","Digestive system"
"bioplanet_1447","Smooth muscle contraction","Endocrine and metabolic disease"
"bioplanet_1447","Smooth muscle contraction","Muscle Contraction"
"bioplanet_1447","Smooth muscle contraction","Musculoskeletal system"
"bioplanet_1448","","Organismal Systems:Immune system"
"bioplanet_1449","TAK1 activates NF-kappaB by phosphorylation and activation of IKK complex","Endocrine system"
"bioplanet_1449","TAK1 activates NF-kappaB by phosphorylation and activation of IKK complex","Infectious disease"
"bioplanet_1449","TAK1 activates NF-kappaB by phosphorylation and activation of IKK complex","Organismal Systems:Immune system"
"bioplanet_1449","TAK1 activates NF-kappaB by phosphorylation and activation of IKK complex","Protein modification"
"bioplanet_1449","TAK1 activates NF-kappaB by phosphorylation and activation of IKK complex","Stress response"
"bioplanet_145","","CellSignaling"
"bioplanet_145","","CytokinesChemokines"
"bioplanet_145","","Immunology"
"bioplanet_1450","TRAF3-dependent IRF activation pathway","Immune system"
"bioplanet_1450","TRAF3-dependent IRF activation pathway","Infectious disease"
"bioplanet_1450","TRAF3-dependent IRF activation pathway","Organismal Systems:Immune system"
"bioplanet_1450","TRAF3-dependent IRF activation pathway","Stress response"
"bioplanet_1450","TRAF3-dependent IRF activation pathway","Transcription"
"bioplanet_1450","TRAF3-dependent IRF activation pathway","Transcriptional regulation"
"bioplanet_1451","TRAF6-mediated IRF7 activation","Immune system"
"bioplanet_1451","TRAF6-mediated IRF7 activation","Infectious disease"
"bioplanet_1451","TRAF6-mediated IRF7 activation","Organismal Systems:Immune system"
"bioplanet_1451","TRAF6-mediated IRF7 activation","Stress response"
"bioplanet_1451","TRAF6-mediated IRF7 activation","Transcription"
"bioplanet_1451","TRAF6-mediated IRF7 activation","Transcriptional regulation"
"bioplanet_1452","Antigen processing: cross presentation","Immune disease"
"bioplanet_1452","Antigen processing: cross presentation","Immune system"
"bioplanet_1452","Antigen processing: cross presentation","Infectious disease"
"bioplanet_1452","Antigen processing: cross presentation","Organismal Systems:Immune system"
"bioplanet_1452","Antigen processing: cross presentation","Protein folding, sorting and degradation"
"bioplanet_1452","Antigen processing: cross presentation","Protein modification"
"bioplanet_1452","Antigen processing: cross presentation","Small molecule metabolism"
"bioplanet_1453","TRAF6 mediated NF-kB activation","Immune system"
"bioplanet_1453","TRAF6 mediated NF-kB activation","Infectious disease"
"bioplanet_1453","TRAF6 mediated NF-kB activation","Organismal Systems:Immune system"
"bioplanet_1453","TRAF6 mediated NF-kB activation","Transcription"
"bioplanet_1453","TRAF6 mediated NF-kB activation","Transcriptional regulation"
"bioplanet_1454","TWIK-related potassium channel (TREK) pathway","Carbohydrate metabolism"
"bioplanet_1454","TWIK-related potassium channel (TREK) pathway","Digestive system"
"bioplanet_1454","TWIK-related potassium channel (TREK) pathway","Nervous system"
"bioplanet_1454","TWIK-related potassium channel (TREK) pathway","Organismal Systems:Nervous system"
"bioplanet_1455","","Organismal Systems:Nervous system"
"bioplanet_1456","Tandem pore domain potassium channels","Cardiovascular disease"
"bioplanet_1456","Tandem pore domain potassium channels","Nervous system"
"bioplanet_1456","Tandem pore domain potassium channels","Organismal Systems:Nervous system"
"bioplanet_1456","Tandem pore domain potassium channels","Transport"
"bioplanet_1457","Telomere extension by telomerase","Cell proliferation"
"bioplanet_1457","Telomere extension by telomerase","Cellular Processes:Cell growth and death:Cell Cycle"
"bioplanet_1457","Telomere extension by telomerase","DNA repair"
"bioplanet_1457","Telomere extension by telomerase","DNA replication"
"bioplanet_1458","Antiviral mechanism by interferon-stimulated genes","Immune disease"
"bioplanet_1458","Antiviral mechanism by interferon-stimulated genes","Infectious disease"
"bioplanet_1458","Antiviral mechanism by interferon-stimulated genes","Organismal Systems:Immune system"
"bioplanet_1458","Antiviral mechanism by interferon-stimulated genes","Stress response"
"bioplanet_1458","Antiviral mechanism by interferon-stimulated genes","Translation"
"bioplanet_1458","Antiviral mechanism by interferon-stimulated genes","Transport"
"bioplanet_1459","Telomere maintenance","Cellular Processes:Cell growth and death:Cell Cycle"
"bioplanet_1459","Telomere maintenance","DNA repair"
"bioplanet_1459","Telomere maintenance","Nucleic acid metabolism"
"bioplanet_1459","Telomere maintenance","Stress response"
"bioplanet_146","Interleukin-2 receptor beta chain in T cell activation","Cancer"
"bioplanet_146","Interleukin-2 receptor beta chain in T cell activation","Cell division"
"bioplanet_146","Interleukin-2 receptor beta chain in T cell activation","Cell proliferation"
"bioplanet_146","Interleukin-2 receptor beta chain in T cell activation","CellSignaling"
"bioplanet_146","Interleukin-2 receptor beta chain in T cell activation","CytokinesChemokines"
"bioplanet_146","Interleukin-2 receptor beta chain in T cell activation","Immune system"
"bioplanet_146","Interleukin-2 receptor beta chain in T cell activation","Immunology"
"bioplanet_146","Interleukin-2 receptor beta chain in T cell activation","Infectious disease"
"bioplanet_146","Interleukin-2 receptor beta chain in T cell activation","Stress response"
"bioplanet_1460","Terminal pathway of complement","Genetic disease"
"bioplanet_1460","Terminal pathway of complement","Immune disease"
"bioplanet_1460","Terminal pathway of complement","Immune system"
"bioplanet_1460","Terminal pathway of complement","Organismal Systems:Immune system"
"bioplanet_1461","AIM2 inflammasome","Cell proliferation"
"bioplanet_1461","AIM2 inflammasome","Genetic disease"
"bioplanet_1461","AIM2 inflammasome","Immune system"
"bioplanet_1461","AIM2 inflammasome","Infectious disease"
"bioplanet_1461","AIM2 inflammasome","Organismal Systems:Immune system"
"bioplanet_1461","AIM2 inflammasome","Stress response"
"bioplanet_1462","NLRP1 inflammasome","Cell death"
"bioplanet_1462","NLRP1 inflammasome","Immune system"
"bioplanet_1462","NLRP1 inflammasome","Organismal Systems:Immune system"
"bioplanet_1462","NLRP1 inflammasome","Stress response"
"bioplanet_1463","Arylsulfatase activation","Genetic Information Processing:Folding, sorting and degradation"
"bioplanet_1463","Arylsulfatase activation","Genetic disease"
"bioplanet_1463","Arylsulfatase activation","Small molecule metabolism"
"bioplanet_1464","Toll receptor cascades","Cancer"
"bioplanet_1464","Toll receptor cascades","Immune disease"
"bioplanet_1464","Toll receptor cascades","Immune system"
"bioplanet_1464","Toll receptor cascades","Infectious disease"
"bioplanet_1464","Toll receptor cascades","Organismal Systems:Immune system"
"bioplanet_1464","Toll receptor cascades","Stress response"
"bioplanet_1465","Toll-like receptor endosomal trafficking and processing","Infectious disease"
"bioplanet_1465","Toll-like receptor endosomal trafficking and processing","Organismal Systems:Immune system"
"bioplanet_1465","Toll-like receptor endosomal trafficking and processing","Protein modification"
"bioplanet_1465","Toll-like receptor endosomal trafficking and processing","Stress response"
"bioplanet_1465","Toll-like receptor endosomal trafficking and processing","Transport"
"bioplanet_1466","GluR2-containing AMPA receptor trafficking","Nervous system"
"bioplanet_1466","GluR2-containing AMPA receptor trafficking","Neurological disease"
"bioplanet_1466","GluR2-containing AMPA receptor trafficking","Organismal Systems:Nervous system"
"bioplanet_1466","GluR2-containing AMPA receptor trafficking","Small molecule metabolism"
"bioplanet_1466","GluR2-containing AMPA receptor trafficking","Substance dependence"
"bioplanet_1466","GluR2-containing AMPA receptor trafficking","Transport"
"bioplanet_1467","Transcription","Genetic Information Processing: Transcription"
"bioplanet_1467","Transcription","Transcription"
"bioplanet_1467","Transcription","Transcriptional regulation"
"bioplanet_1467","Transcription","Translation"
"bioplanet_1468","Mitochondrial promoter transcription","Genetic Information Processing: Transcription"
"bioplanet_1468","Mitochondrial promoter transcription","Transcription"
"bioplanet_1468","Mitochondrial promoter transcription","Transcriptional regulation"
"bioplanet_1469","HIV genome transcription","Human Diseases:Infectious diseases: Viral"
"bioplanet_1469","HIV genome transcription","Infectious disease"
"bioplanet_1469","HIV genome transcription","RNA processing"
"bioplanet_1469","HIV genome transcription","Transcription"
"bioplanet_147","Signal transduction through IL-1R","Cell death"
"bioplanet_147","Signal transduction through IL-1R","Cell growth"
"bioplanet_147","Signal transduction through IL-1R","CellSignaling"
"bioplanet_147","Signal transduction through IL-1R","CytokinesChemokines"
"bioplanet_147","Signal transduction through IL-1R","Genetic disease"
"bioplanet_147","Signal transduction through IL-1R","Immune system"
"bioplanet_147","Signal transduction through IL-1R","Immunology"
"bioplanet_147","Signal transduction through IL-1R","Infectious disease"
"bioplanet_147","Signal transduction through IL-1R","Transcription"
"bioplanet_1470","Transcriptional regulation of white adipocyte differentiation","Chronology"
"bioplanet_1470","Transcriptional regulation of white adipocyte differentiation","Lipid metabolism"
"bioplanet_1470","Transcriptional regulation of white adipocyte differentiation","Organismal Systems:Development"
"bioplanet_1470","Transcriptional regulation of white adipocyte differentiation","Protein modification"
"bioplanet_1470","Transcriptional regulation of white adipocyte differentiation","Stress response"
"bioplanet_1470","Transcriptional regulation of white adipocyte differentiation","Transcriptional regulation"
"bioplanet_1471","Translation","Genetic Information Processing:Translation"
"bioplanet_1471","Translation","Translation"
"bioplanet_1472","Transmission across chemical synapses","Nervous system"
"bioplanet_1472","Transmission across chemical synapses","Neurological disease"
"bioplanet_1472","Transmission across chemical synapses","Organismal Systems:Nervous system"
"bioplanet_1472","Transmission across chemical synapses","Transport"
"bioplanet_1473","Unfolded protein response","Genetic Information Processing:Folding, sorting and degradation"
"bioplanet_1473","Unfolded protein response","Genetic disease"
"bioplanet_1473","Unfolded protein response","Protein folding, sorting and degradation"
"bioplanet_1473","Unfolded protein response","Protein modification"
"bioplanet_1473","Unfolded protein response","Stress response"
"bioplanet_1474","Vitamin A uptake in enterocytes","Digestive system"
"bioplanet_1474","Vitamin A uptake in enterocytes","Metabolism"
"bioplanet_1474","Vitamin A uptake in enterocytes","Transport"
"bioplanet_1474","Vitamin A uptake in enterocytes","Vitamin and cofactor metabolism"
"bioplanet_1475","Asparagine N-linked glycosylation","Carbohydrate metabolism"
"bioplanet_1475","Asparagine N-linked glycosylation","Endocrine and metabolic disease"
"bioplanet_1475","Asparagine N-linked glycosylation","Genetic Information Processing:Folding, sorting and degradation"
"bioplanet_1475","Asparagine N-linked glycosylation","Genetic disease"
"bioplanet_1475","Asparagine N-linked glycosylation","Protein modification"
"bioplanet_1475","Asparagine N-linked glycosylation","Small molecule metabolism"
"bioplanet_1476","Cytochrome P450 metabolism of vitamins","Genetic disease"
"bioplanet_1476","Cytochrome P450 metabolism of vitamins","Metabolism"
"bioplanet_1476","Cytochrome P450 metabolism of vitamins","Physical disorder"
"bioplanet_1476","Cytochrome P450 metabolism of vitamins","Vitamin and cofactor metabolism"
"bioplanet_1476","Cytochrome P450 metabolism of vitamins","Xenobiotic metabolism"
"bioplanet_1477","Voltage-gated potassium channels","Cardiovascular disease"
"bioplanet_1477","Voltage-gated potassium channels","Nervous system"
"bioplanet_1477","Voltage-gated potassium channels","Organismal Systems:Nervous system"
"bioplanet_1477","Voltage-gated potassium channels","Protein modification"
"bioplanet_1478","Cytochrome P450 metabolism of xenobiotics","Hepatotoxicity"
"bioplanet_1478","Cytochrome P450 metabolism of xenobiotics","Metabolism"
"bioplanet_1478","Cytochrome P450 metabolism of xenobiotics","Small molecule metabolism"
"bioplanet_1478","Cytochrome P450 metabolism of xenobiotics","Xenobiotic metabolism"
"bioplanet_1479","YAP1- and WWTR1 (TAZ)-stimulated gene expression","Cell death"
"bioplanet_1479","YAP1- and WWTR1 (TAZ)-stimulated gene expression","Cell proliferation"
"bioplanet_1479","YAP1- and WWTR1 (TAZ)-stimulated gene expression","Genetic Information Processing: Transcription"
"bioplanet_1479","YAP1- and WWTR1 (TAZ)-stimulated gene expression","Transcriptional regulation"
"bioplanet_1479","YAP1- and WWTR1 (TAZ)-stimulated gene expression","Translation"
"bioplanet_148","Erythropoietin-mediated neuroprotection through NF-kB","Cancer"
"bioplanet_148","Erythropoietin-mediated neuroprotection through NF-kB","CellSignaling"
"bioplanet_148","Erythropoietin-mediated neuroprotection through NF-kB","CytokinesChemokines"
"bioplanet_148","Erythropoietin-mediated neuroprotection through NF-kB","Nervous system"
"bioplanet_148","Erythropoietin-mediated neuroprotection through NF-kB","Neuroscience"
"bioplanet_148","Erythropoietin-mediated neuroprotection through NF-kB","Stress response"
"bioplanet_1480","TAK1-mediated activation of p38 MAPK","Cell differentiation"
"bioplanet_1480","TAK1-mediated activation of p38 MAPK","Immune system"
"bioplanet_1480","TAK1-mediated activation of p38 MAPK","Organismal Systems:Immune system"
"bioplanet_1480","TAK1-mediated activation of p38 MAPK","Protein modification"
"bioplanet_1480","TAK1-mediated activation of p38 MAPK","Stress response"
"bioplanet_1481","Endothelial NOS activation","Cancer"
"bioplanet_1481","Endothelial NOS activation","Circulatory system"
"bioplanet_1481","Endothelial NOS activation","Metabolism"
"bioplanet_1481","Endothelial NOS activation","Small molecule metabolism"
"bioplanet_1482","Mitochondrial beta-oxidation of saturated fatty acids","Endocrine and metabolic disease"
"bioplanet_1482","Mitochondrial beta-oxidation of saturated fatty acids","Energy metabolism"
"bioplanet_1482","Mitochondrial beta-oxidation of saturated fatty acids","Genetic disease"
"bioplanet_1482","Mitochondrial beta-oxidation of saturated fatty acids","Lipid metabolism"
"bioplanet_1482","Mitochondrial beta-oxidation of saturated fatty acids","Metabolism"
"bioplanet_1482","Mitochondrial beta-oxidation of saturated fatty acids","Small molecule metabolism"
"bioplanet_1483","Mitochondrial beta-oxidation of unsaturated fatty acids","Endocrine and metabolic disease"
"bioplanet_1483","Mitochondrial beta-oxidation of unsaturated fatty acids","Energy metabolism"
"bioplanet_1483","Mitochondrial beta-oxidation of unsaturated fatty acids","Genetic disease"
"bioplanet_1483","Mitochondrial beta-oxidation of unsaturated fatty acids","Lipid metabolism"
"bioplanet_1483","Mitochondrial beta-oxidation of unsaturated fatty acids","Metabolism"
"bioplanet_1483","Mitochondrial beta-oxidation of unsaturated fatty acids","Small molecule metabolism"
"bioplanet_1484","Attachment of GPI anchor to uPAR","Genetic Information Processing:Folding, sorting and degradation"
"bioplanet_1485","AKT-mediated inactivation of FOXO1A","Cancer"
"bioplanet_1485","AKT-mediated inactivation of FOXO1A","Carbohydrate metabolism"
"bioplanet_1485","AKT-mediated inactivation of FOXO1A","Endocrine and metabolic disease"
"bioplanet_1485","AKT-mediated inactivation of FOXO1A","Lipid metabolism"
"bioplanet_1485","AKT-mediated inactivation of FOXO1A","Organismal Systems:Development"
"bioplanet_1486","BMAL1-CLOCK/NPAS2 activates circadian expression","Cancer"
"bioplanet_1486","BMAL1-CLOCK/NPAS2 activates circadian expression","Chronology"
"bioplanet_1486","BMAL1-CLOCK/NPAS2 activates circadian expression","Circulatory system"
"bioplanet_1486","BMAL1-CLOCK/NPAS2 activates circadian expression","Endocrine system"
"bioplanet_1486","BMAL1-CLOCK/NPAS2 activates circadian expression","Lipid metabolism"
"bioplanet_1486","BMAL1-CLOCK/NPAS2 activates circadian expression","Organismal Systems:Environmental adaptation"
"bioplanet_1486","BMAL1-CLOCK/NPAS2 activates circadian expression","Stress response"
"bioplanet_1486","BMAL1-CLOCK/NPAS2 activates circadian expression","Transcriptional regulation"
"bioplanet_1487","Basigin interactions","Cancer"
"bioplanet_1487","Basigin interactions","Circulatory system"
"bioplanet_1487","Basigin interactions","Hemostasis"
"bioplanet_1487","Basigin interactions","Small molecule metabolism"
"bioplanet_1487","Basigin interactions","Transport"
"bioplanet_1488","Beta-oxidation of butanoyl-CoA to acetyl-CoA","Digestive system"
"bioplanet_1488","Beta-oxidation of butanoyl-CoA to acetyl-CoA","Endocrine and metabolic disease"
"bioplanet_1488","Beta-oxidation of butanoyl-CoA to acetyl-CoA","Lipid metabolism"
"bioplanet_1488","Beta-oxidation of butanoyl-CoA to acetyl-CoA","Metabolism"
"bioplanet_1488","Beta-oxidation of butanoyl-CoA to acetyl-CoA","Small molecule metabolism"
"bioplanet_1489","Beta-oxidation of myristoyl-CoA to lauroyl-CoA","Endocrine and metabolic disease"
"bioplanet_1489","Beta-oxidation of myristoyl-CoA to lauroyl-CoA","Genetic disease"
"bioplanet_1489","Beta-oxidation of myristoyl-CoA to lauroyl-CoA","Lipid metabolism"
"bioplanet_1489","Beta-oxidation of myristoyl-CoA to lauroyl-CoA","Metabolism"
"bioplanet_1489","Beta-oxidation of myristoyl-CoA to lauroyl-CoA","Small molecule metabolism"
"bioplanet_149","Melanocyte development and pigmentation pathway","Cancer"
"bioplanet_149","Melanocyte development and pigmentation pathway","Cell differentiation"
"bioplanet_149","Melanocyte development and pigmentation pathway","Cell proliferation"
"bioplanet_149","Melanocyte development and pigmentation pathway","CellSignaling"
"bioplanet_149","Melanocyte development and pigmentation pathway","DevelopmentalBiology"
"bioplanet_149","Melanocyte development and pigmentation pathway","Stress response"
"bioplanet_1490","Binding and entry of HIV virion","Human Diseases:Infectious diseases: Viral"
"bioplanet_1490","Binding and entry of HIV virion","Immune disease"
"bioplanet_1490","Binding and entry of HIV virion","Immune system"
"bioplanet_1490","Binding and entry of HIV virion","Infectious disease"
"bioplanet_1491","Biological oxidations","Energy metabolism"
"bioplanet_1491","Biological oxidations","Lipid metabolism"
"bioplanet_1491","Biological oxidations","Metabolism"
"bioplanet_1491","Biological oxidations","Small molecule metabolism"
"bioplanet_1491","Biological oxidations","Xenobiotic metabolism"
"bioplanet_1492","Botulinum neurotoxicity","Human Diseases"
"bioplanet_1492","Botulinum neurotoxicity","Infectious disease"
"bioplanet_1492","Botulinum neurotoxicity","Nervous system"
"bioplanet_1492","Botulinum neurotoxicity","Neurological disease"
"bioplanet_1492","Botulinum neurotoxicity","Neurotoxicity"
"bioplanet_1493","CD28-dependent Vav1 pathway","Immune disease"
"bioplanet_1493","CD28-dependent Vav1 pathway","Immune system"
"bioplanet_1493","CD28-dependent Vav1 pathway","Infectious disease"
"bioplanet_1493","CD28-dependent Vav1 pathway","Organismal Systems:Immune system"
"bioplanet_1493","CD28-dependent Vav1 pathway","Transcription"
"bioplanet_1494","CDO in myogenesis","Cancer"
"bioplanet_1494","CDO in myogenesis","Cell motility"
"bioplanet_1494","CDO in myogenesis","Immune system"
"bioplanet_1494","CDO in myogenesis","Infectious disease"
"bioplanet_1494","CDO in myogenesis","Musculoskeletal system"
"bioplanet_1494","CDO in myogenesis","Organismal Systems:Development"
"bioplanet_1495","CHL1 interactions","Cell differentiation"
"bioplanet_1495","CHL1 interactions","Nervous system"
"bioplanet_1495","CHL1 interactions","Neurological disease"
"bioplanet_1495","CHL1 interactions","Organismal Systems:Development"
"bioplanet_1496","CREB phosphorylation through the activation of adenylate cyclase","Nervous system"
"bioplanet_1496","CREB phosphorylation through the activation of adenylate cyclase","Neurological disease"
"bioplanet_1496","CREB phosphorylation through the activation of adenylate cyclase","Organismal Systems:Nervous system"
"bioplanet_1496","CREB phosphorylation through the activation of adenylate cyclase","Protein modification"
"bioplanet_1496","CREB phosphorylation through the activation of adenylate cyclase","Stress response"
"bioplanet_1496","CREB phosphorylation through the activation of adenylate cyclase","Transcription"
"bioplanet_1496","CREB phosphorylation through the activation of adenylate cyclase","Transcriptional regulation"
"bioplanet_1497","Calcium-activated potassium channels","Cardiovascular disease"
"bioplanet_1497","Calcium-activated potassium channels","Immune system"
"bioplanet_1497","Calcium-activated potassium channels","Nervous system"
"bioplanet_1497","Calcium-activated potassium channels","Organismal Systems:Nervous system"
"bioplanet_1497","Calcium-activated potassium channels","Transport"
"bioplanet_1498","Cell surface interactions at the vascular wall","Cardiovascular disease"
"bioplanet_1498","Cell surface interactions at the vascular wall","Circulatory system"
"bioplanet_1498","Cell surface interactions at the vascular wall","Hemostasis"
"bioplanet_1498","Cell surface interactions at the vascular wall","Immune disease"
"bioplanet_1498","Cell surface interactions at the vascular wall","Immune system"
"bioplanet_1498","Cell surface interactions at the vascular wall","Infectious disease"
"bioplanet_1499","Cell-extracellular matrix interactions","Cell motility"
"bioplanet_1499","Cell-extracellular matrix interactions","Cellular Processes:Cellular community"
"bioplanet_1499","Cell-extracellular matrix interactions","Infectious disease"
"bioplanet_1499","Cell-extracellular matrix interactions","Stress response"
"bioplanet_15","Induction of apoptosis through DR3 and DR4/5 death receptors","Apoptosis"
"bioplanet_15","Induction of apoptosis through DR3 and DR4/5 death receptors","Cancer"
"bioplanet_15","Induction of apoptosis through DR3 and DR4/5 death receptors","Cell death"
"bioplanet_15","Induction of apoptosis through DR3 and DR4/5 death receptors","Circulatory system"
"bioplanet_15","Induction of apoptosis through DR3 and DR4/5 death receptors","Immune system"
"bioplanet_15","Induction of apoptosis through DR3 and DR4/5 death receptors","Stress response"
"bioplanet_150","Calcineurin in effects in keratinocyte differentiation","Cell differentiation"
"bioplanet_150","Calcineurin in effects in keratinocyte differentiation","CellSignaling"
"bioplanet_150","Calcineurin in effects in keratinocyte differentiation","DevelopmentalBiology"
"bioplanet_150","Calcineurin in effects in keratinocyte differentiation","Immune system"
"bioplanet_150","Calcineurin in effects in keratinocyte differentiation","Nervous system"
"bioplanet_150","Calcineurin in effects in keratinocyte differentiation","Stress response"
"bioplanet_150","Calcineurin in effects in keratinocyte differentiation","Substance dependence"
"bioplanet_1500","Cellular response to hypoxia","Cancer"
"bioplanet_1500","Cellular response to hypoxia","Circulatory system"
"bioplanet_1500","Cellular response to hypoxia","DNA repair"
"bioplanet_1500","Cellular response to hypoxia","Immune system"
"bioplanet_1500","Cellular response to hypoxia","Infectious disease"
"bioplanet_1500","Cellular response to hypoxia","Signal transduction:Stress Response"
"bioplanet_1500","Cellular response to hypoxia","Stress response"
"bioplanet_1500","Cellular response to hypoxia","Transport"
"bioplanet_1501","Circadian rhythm","Cancer"
"bioplanet_1501","Circadian rhythm","Cardiovascular disease"
"bioplanet_1501","Circadian rhythm","Chronology"
"bioplanet_1501","Circadian rhythm","Circulatory system"
"bioplanet_1501","Circadian rhythm","Organismal Systems:Environmental adaptation"
"bioplanet_1501","Circadian rhythm","Small molecule metabolism"
"bioplanet_1501","Circadian rhythm","Stress response"
"bioplanet_1502","Classical Kir channels","Cardiovascular disease"
"bioplanet_1502","Classical Kir channels","Circulatory system"
"bioplanet_1502","Classical Kir channels","Endocrine system"
"bioplanet_1502","Classical Kir channels","Excretory system"
"bioplanet_1502","Classical Kir channels","Nervous system"
"bioplanet_1502","Classical Kir channels","Organismal Systems:Nervous system"
"bioplanet_1502","Classical Kir channels","Transport"
"bioplanet_1503","Clathrin derived vesicle budding","Cellular Processes:Transport and catabolism"
"bioplanet_1503","Clathrin derived vesicle budding","Circulatory system"
"bioplanet_1503","Clathrin derived vesicle budding","Immune system"
"bioplanet_1503","Clathrin derived vesicle budding","Infectious disease"
"bioplanet_1503","Clathrin derived vesicle budding","Transport"
"bioplanet_1504","Cleavage of growing transcript in the termination region","Genetic Information Processing: Transcription"
"bioplanet_1504","Cleavage of growing transcript in the termination region","Nucleic acid metabolism"
"bioplanet_1504","Cleavage of growing transcript in the termination region","RNA processing"
"bioplanet_1504","Cleavage of growing transcript in the termination region","Stress response"
"bioplanet_1504","Cleavage of growing transcript in the termination region","Transcription"
"bioplanet_1504","Cleavage of growing transcript in the termination region","Transcriptional regulation"
"bioplanet_1505","Cleavage of a damaged purine","DNA repair"
"bioplanet_1505","Cleavage of a damaged purine","Genetic Information Processing:Replication and repair"
"bioplanet_1505","Cleavage of a damaged purine","Nucleic acid metabolism"
"bioplanet_1505","Cleavage of a damaged purine","Stress response"
"bioplanet_1505","Cleavage of a damaged purine","Transport"
"bioplanet_1506","Cleavage of a damaged pyrimidine","DNA repair"
"bioplanet_1506","Cleavage of a damaged pyrimidine","Genetic Information Processing:Replication and repair"
"bioplanet_1506","Cleavage of a damaged pyrimidine","Nucleic acid metabolism"
"bioplanet_1506","Cleavage of a damaged pyrimidine","Stress response"
"bioplanet_1506","Cleavage of a damaged pyrimidine","Transport"
"bioplanet_1507","Coagulation common pathway","Cardiovascular disease"
"bioplanet_1507","Coagulation common pathway","Circulatory system"
"bioplanet_1507","Coagulation common pathway","Hemostasis"
"bioplanet_1508","Complement cascade","Genetic disease"
"bioplanet_1508","Complement cascade","Immune system"
"bioplanet_1508","Complement cascade","Infectious disease"
"bioplanet_1508","Complement cascade","Organismal Systems:Immune system"
"bioplanet_1509","Cooperation of prefoldin and TriC/CCT  in actin and tubulin folding","Cell division"
"bioplanet_1509","Cooperation of prefoldin and TriC/CCT  in actin and tubulin folding","Genetic Information Processing:Folding, sorting and degradation"
"bioplanet_1509","Cooperation of prefoldin and TriC/CCT  in actin and tubulin folding","Protein folding, sorting and degradation"
"bioplanet_1509","Cooperation of prefoldin and TriC/CCT  in actin and tubulin folding","Transport"
"bioplanet_151","Gamma-secretase-mediated ErbB4 signaling pathway","CellSignaling"
"bioplanet_151","Gamma-secretase-mediated ErbB4 signaling pathway","DevelopmentalBiology"
"bioplanet_151","Gamma-secretase-mediated ErbB4 signaling pathway","Neurological disease"
"bioplanet_1510","Cross-presentation of particulate exogenous antigens (phagosomes)","Genetic disease"
"bioplanet_1510","Cross-presentation of particulate exogenous antigens (phagosomes)","Immune disease"
"bioplanet_1510","Cross-presentation of particulate exogenous antigens (phagosomes)","Immune system"
"bioplanet_1510","Cross-presentation of particulate exogenous antigens (phagosomes)","Organismal Systems:Immune system"
"bioplanet_1511","Cyclin A/B1-associated events during G2/M transition","Cancer"
"bioplanet_1511","Cyclin A/B1-associated events during G2/M transition","Cell division"
"bioplanet_1511","Cyclin A/B1-associated events during G2/M transition","Cell proliferation"
"bioplanet_1511","Cyclin A/B1-associated events during G2/M transition","Cellular Processes:Cell growth and death:Cell Cycle"
"bioplanet_1511","Cyclin A/B1-associated events during G2/M transition","Immune disease"
"bioplanet_1512","ATP-sensitive potassium channels","Endocrine and metabolic disease"
"bioplanet_1512","ATP-sensitive potassium channels","Nervous system"
"bioplanet_1512","ATP-sensitive potassium channels","Organismal Systems:Nervous system"
"bioplanet_1512","ATP-sensitive potassium channels","Transport"
"bioplanet_1513","Cyclin B2-mediated events","Cell division"
"bioplanet_1513","Cyclin B2-mediated events","Cellular Processes:Cell growth and death:Cell Cycle"
"bioplanet_1513","Cyclin B2-mediated events","Reproduction"
"bioplanet_1514","Cyclin D-associated events in G1","Cancer"
"bioplanet_1514","Cyclin D-associated events in G1","Cell proliferation"
"bioplanet_1514","Cyclin D-associated events in G1","Cellular Processes:Cell growth and death:Cell Cycle"
"bioplanet_1514","Cyclin D-associated events in G1","DNA repair"
"bioplanet_1514","Cyclin D-associated events in G1","Small molecule metabolism"
"bioplanet_1514","Cyclin D-associated events in G1","Stress response"
"bioplanet_1514","Cyclin D-associated events in G1","Transport"
"bioplanet_1515","Down syndrome cell adhesion molecule (DSCAM) interactions","Cell differentiation"
"bioplanet_1515","Down syndrome cell adhesion molecule (DSCAM) interactions","Cellular Processes:Cellular community"
"bioplanet_1515","Down syndrome cell adhesion molecule (DSCAM) interactions","Nervous system"
"bioplanet_1515","Down syndrome cell adhesion molecule (DSCAM) interactions","Neurological disease"
"bioplanet_1516","Opening of calcium channels triggered by depolarization of the presynaptic terminal","Cardiovascular disease"
"bioplanet_1516","Opening of calcium channels triggered by depolarization of the presynaptic terminal","Nervous system"
"bioplanet_1516","Opening of calcium channels triggered by depolarization of the presynaptic terminal","Organismal Systems:Nervous system"
"bioplanet_1516","Opening of calcium channels triggered by depolarization of the presynaptic terminal","Transport"
"bioplanet_1517","Developmental biology","Cancer"
"bioplanet_1517","Developmental biology","Immune system"
"bioplanet_1517","Developmental biology","Infectious disease"
"bioplanet_1517","Developmental biology","Nervous system"
"bioplanet_1517","Developmental biology","Neurological disease"
"bioplanet_1517","Developmental biology","Organismal Systems:Development"
"bioplanet_1518","Diabetes pathways","Carbohydrate metabolism"
"bioplanet_1518","Diabetes pathways","Endocrine and metabolic disease"
"bioplanet_1518","Diabetes pathways","Endocrine system"
"bioplanet_1518","Diabetes pathways","Human Diseases:Endocrine and metabolic diseases"
"bioplanet_1518","Diabetes pathways","Lipid metabolism"
"bioplanet_1518","Diabetes pathways","Nervous system"
"bioplanet_1518","Diabetes pathways","Nucleic acid metabolism"
"bioplanet_1518","Diabetes pathways","RNA processing"
"bioplanet_1518","Diabetes pathways","Transcription"
"bioplanet_1518","Diabetes pathways","Translation"
"bioplanet_1519","Disinhibition of SNARE formation","Cardiovascular disease"
"bioplanet_1519","Disinhibition of SNARE formation","Circulatory system"
"bioplanet_1519","Disinhibition of SNARE formation","Hemostasis"
"bioplanet_1519","Disinhibition of SNARE formation","Infectious disease"
"bioplanet_1519","Disinhibition of SNARE formation","Transcriptional regulation"
"bioplanet_152","Skeletal myogenesis control by HDAC and calcium/calmodulin-dependent kinase (CaMK)","Cell differentiation"
"bioplanet_152","Skeletal myogenesis control by HDAC and calcium/calmodulin-dependent kinase (CaMK)","CellSignaling"
"bioplanet_152","Skeletal myogenesis control by HDAC and calcium/calmodulin-dependent kinase (CaMK)","Circulatory system"
"bioplanet_152","Skeletal myogenesis control by HDAC and calcium/calmodulin-dependent kinase (CaMK)","DevelopmentalBiology"
"bioplanet_152","Skeletal myogenesis control by HDAC and calcium/calmodulin-dependent kinase (CaMK)","Musculoskeletal system"
"bioplanet_1520","Dissolution of fibrin clot","Cardiovascular disease"
"bioplanet_1520","Dissolution of fibrin clot","Hemostasis"
"bioplanet_1521","Dopamine neurotransmitter release cycle","Nervous system"
"bioplanet_1521","Dopamine neurotransmitter release cycle","Neurological disease"
"bioplanet_1521","Dopamine neurotransmitter release cycle","Organismal Systems:Nervous system"
"bioplanet_1522","Dual incision reaction in GG-NER","Cancer"
"bioplanet_1522","Dual incision reaction in GG-NER","Cell proliferation"
"bioplanet_1522","Dual incision reaction in GG-NER","DNA repair"
"bioplanet_1522","Dual incision reaction in GG-NER","DNA replication"
"bioplanet_1522","Dual incision reaction in GG-NER","Genetic Information Processing:Replication and repair"
"bioplanet_1522","Dual incision reaction in GG-NER","Genetic disease"
"bioplanet_1522","Dual incision reaction in GG-NER","Nucleic acid metabolism"
"bioplanet_1522","Dual incision reaction in GG-NER","Stress response"
"bioplanet_1523","Dual incision reaction in TC-NER","Cancer"
"bioplanet_1523","Dual incision reaction in TC-NER","Cell proliferation"
"bioplanet_1523","Dual incision reaction in TC-NER","DNA repair"
"bioplanet_1523","Dual incision reaction in TC-NER","Genetic Information Processing:Replication and repair"
"bioplanet_1523","Dual incision reaction in TC-NER","Genetic disease"
"bioplanet_1523","Dual incision reaction in TC-NER","Nucleic acid metabolism"
"bioplanet_1523","Dual incision reaction in TC-NER","Stress response"
"bioplanet_1524","ER quality control compartment (ERQC)","Genetic Information Processing:Folding, sorting and degradation"
"bioplanet_1524","ER quality control compartment (ERQC)","Protein folding, sorting and degradation"
"bioplanet_1525","Cytochrome P450 metabolism of eicosanoids","Metabolism"
"bioplanet_1525","Cytochrome P450 metabolism of eicosanoids","Small molecule metabolism"
"bioplanet_1525","Cytochrome P450 metabolism of eicosanoids","Xenobiotic metabolism"
"bioplanet_1526","Acetylcholine neurotransmitter release cycle","Musculoskeletal system"
"bioplanet_1526","Acetylcholine neurotransmitter release cycle","Nervous system"
"bioplanet_1526","Acetylcholine neurotransmitter release cycle","Neurological disease"
"bioplanet_1526","Acetylcholine neurotransmitter release cycle","Organismal Systems:Nervous system"
"bioplanet_1526","Acetylcholine neurotransmitter release cycle","Small molecule metabolism"
"bioplanet_1526","Acetylcholine neurotransmitter release cycle","Transport"
"bioplanet_1527","Elevation of cytosolic calcium levels","Cardiovascular disease"
"bioplanet_1527","Elevation of cytosolic calcium levels","Circulatory system"
"bioplanet_1527","Elevation of cytosolic calcium levels","Hemostasis"
"bioplanet_1527","Elevation of cytosolic calcium levels","Nervous system"
"bioplanet_1527","Elevation of cytosolic calcium levels","Transport"
"bioplanet_1528","Cytochrome P450 metabolism of endogenous sterols","Endocrine and metabolic disease"
"bioplanet_1528","Cytochrome P450 metabolism of endogenous sterols","Metabolism"
"bioplanet_1528","Cytochrome P450 metabolism of endogenous sterols","Small molecule metabolism"
"bioplanet_1528","Cytochrome P450 metabolism of endogenous sterols","Xenobiotic metabolism"
"bioplanet_1529","Endosomal/vacuolar pathway","Immune disease"
"bioplanet_1529","Endosomal/vacuolar pathway","Immune system"
"bioplanet_1529","Endosomal/vacuolar pathway","Infectious disease"
"bioplanet_1529","Endosomal/vacuolar pathway","Organismal Systems:Immune system"
"bioplanet_1529","Endosomal/vacuolar pathway","Transport"
"bioplanet_153","Keratinocyte differentiation","Cell differentiation"
"bioplanet_153","Keratinocyte differentiation","CellSignaling"
"bioplanet_153","Keratinocyte differentiation","Circulatory system"
"bioplanet_153","Keratinocyte differentiation","DevelopmentalBiology"
"bioplanet_153","Keratinocyte differentiation","Physical disorder"
"bioplanet_153","Keratinocyte differentiation","Stress response"
"bioplanet_153","Keratinocyte differentiation","Transcription"
"bioplanet_1530","Entry of influenza virion into host cell via endocytosis","Human Diseases:Infectious diseases: Viral"
"bioplanet_1530","Entry of influenza virion into host cell via endocytosis","Immune system"
"bioplanet_1530","Entry of influenza virion into host cell via endocytosis","Infectious disease"
"bioplanet_1530","Entry of influenza virion into host cell via endocytosis","Transport"
"bioplanet_1531","Activated AMPK stimulation of fatty-acid oxidation in muscle","Endocrine and metabolic disease"
"bioplanet_1531","Activated AMPK stimulation of fatty-acid oxidation in muscle","Lipid metabolism"
"bioplanet_1531","Activated AMPK stimulation of fatty-acid oxidation in muscle","Metabolism"
"bioplanet_1531","Activated AMPK stimulation of fatty-acid oxidation in muscle","Musculoskeletal system"
"bioplanet_1531","Activated AMPK stimulation of fatty-acid oxidation in muscle","Small molecule metabolism"
"bioplanet_1532","Ethanol oxidation","Metabolism"
"bioplanet_1532","Ethanol oxidation","Small molecule metabolism"
"bioplanet_1532","Ethanol oxidation","Substance dependence"
"bioplanet_1532","Ethanol oxidation","Xenobiotic metabolism"
"bioplanet_1533","Extension of telomeres","Cell division"
"bioplanet_1533","Extension of telomeres","Cellular Processes:Cell growth and death:Cell Cycle"
"bioplanet_1533","Extension of telomeres","DNA repair"
"bioplanet_1533","Extension of telomeres","DNA replication"
"bioplanet_1533","Extension of telomeres","Nucleic acid metabolism"
"bioplanet_1534","Oxidation of nucleophiles by flaving-containing monooxygenase (FMO)","Genetic disease"
"bioplanet_1534","Oxidation of nucleophiles by flaving-containing monooxygenase (FMO)","Metabolism"
"bioplanet_1534","Oxidation of nucleophiles by flaving-containing monooxygenase (FMO)","Small molecule metabolism"
"bioplanet_1534","Oxidation of nucleophiles by flaving-containing monooxygenase (FMO)","Xenobiotic metabolism"
"bioplanet_1535","Factors involved in megakaryocyte development and platelet production","Cancer"
"bioplanet_1535","Factors involved in megakaryocyte development and platelet production","Cell division"
"bioplanet_1535","Factors involved in megakaryocyte development and platelet production","Circulatory system"
"bioplanet_1535","Factors involved in megakaryocyte development and platelet production","Hemostasis"
"bioplanet_1535","Factors involved in megakaryocyte development and platelet production","Immune disease"
"bioplanet_1535","Factors involved in megakaryocyte development and platelet production","Immune system"
"bioplanet_1535","Factors involved in megakaryocyte development and platelet production","Stress response"
"bioplanet_1536","Cytochrome P450 metabolism of fatty acids","Lipid metabolism"
"bioplanet_1536","Cytochrome P450 metabolism of fatty acids","Metabolism"
"bioplanet_1536","Cytochrome P450 metabolism of fatty acids","Small molecule metabolism"
"bioplanet_1536","Cytochrome P450 metabolism of fatty acids","Xenobiotic metabolism"
"bioplanet_1537","Folding of actin by CCT/TriC","Genetic Information Processing:Folding, sorting and degradation"
"bioplanet_1537","Folding of actin by CCT/TriC","Protein folding, sorting and degradation"
"bioplanet_1537","Folding of actin by CCT/TriC","Protein modification"
"bioplanet_1538","Fibrin clot formation (clotting cascade)","Circulatory system"
"bioplanet_1538","Fibrin clot formation (clotting cascade)","Hemostasis"
"bioplanet_1538","Fibrin clot formation (clotting cascade)","Immune system"
"bioplanet_1538","Fibrin clot formation (clotting cascade)","Stress response"
"bioplanet_1539","UDP-glucuronate active cofactor formation","Metabolism"
"bioplanet_1539","UDP-glucuronate active cofactor formation","Stress response"
"bioplanet_1539","UDP-glucuronate active cofactor formation","Vitamin and cofactor metabolism"
"bioplanet_1539","UDP-glucuronate active cofactor formation","Xenobiotic metabolism"
"bioplanet_154","Progesterone-initiated oocyte maturation","Cell division"
"bioplanet_154","Progesterone-initiated oocyte maturation","Cell proliferation"
"bioplanet_154","Progesterone-initiated oocyte maturation","CellSignaling"
"bioplanet_154","Progesterone-initiated oocyte maturation","DevelopmentalBiology"
"bioplanet_154","Progesterone-initiated oocyte maturation","Reproduction"
"bioplanet_1540","AMPA receptor activation","Nervous system"
"bioplanet_1540","AMPA receptor activation","Neurological disease"
"bioplanet_1540","AMPA receptor activation","Organismal Systems:Nervous system"
"bioplanet_1540","AMPA receptor activation","Substance dependence"
"bioplanet_1540","AMPA receptor activation","Transport"
"bioplanet_1541","G0 and early G1 pathway","Cell division"
"bioplanet_1541","G0 and early G1 pathway","Cellular Processes:Cell growth and death:Cell Cycle"
"bioplanet_1541","G0 and early G1 pathway","Stress response"
"bioplanet_1542","G1/S-specific transcription","Cancer"
"bioplanet_1542","G1/S-specific transcription","Cell proliferation"
"bioplanet_1542","G1/S-specific transcription","Cellular Processes:Cell growth and death:Cell Cycle"
"bioplanet_1542","G1/S-specific transcription","DNA replication"
"bioplanet_1542","G1/S-specific transcription","Genetic disease"
"bioplanet_1542","G1/S-specific transcription","Transcription"
"bioplanet_1543","G2 phase pathway","Cell division"
"bioplanet_1543","G2 phase pathway","Cellular Processes:Cell growth and death:Cell Cycle"
"bioplanet_1543","G2 phase pathway","Reproduction"
"bioplanet_1543","G2 phase pathway","Stress response"
"bioplanet_1544","GABA (A) rho receptor activation","Nervous system"
"bioplanet_1544","GABA (A) rho receptor activation","Neurological disease"
"bioplanet_1544","GABA (A) rho receptor activation","Organismal Systems:Nervous system"
"bioplanet_1544","GABA (A) rho receptor activation","Transport"
"bioplanet_1545","GABA (A) receptor activation","Nervous system"
"bioplanet_1545","GABA (A) receptor activation","Neurological disease"
"bioplanet_1545","GABA (A) receptor activation","Organismal Systems:Nervous system"
"bioplanet_1545","GABA (A) receptor activation","Transport"
"bioplanet_1546","BAD activation and translocation to mitochondria","Cancer"
"bioplanet_1546","BAD activation and translocation to mitochondria","Cardiovascular disease"
"bioplanet_1546","BAD activation and translocation to mitochondria","Cell death"
"bioplanet_1546","BAD activation and translocation to mitochondria","Cellular Processes:Cell growth and death:Apoptosis"
"bioplanet_1546","BAD activation and translocation to mitochondria","Neurological disease"
"bioplanet_1547","GABA A and B receptor activation","Neurological disease"
"bioplanet_1547","GABA A and B receptor activation","Organismal Systems:Nervous system"
"bioplanet_1547","GABA A and B receptor activation","Transport"
"bioplanet_1548","Activation of BIM and translocation to mitochondria","Cell death"
"bioplanet_1548","Activation of BIM and translocation to mitochondria","Cellular Processes:Cell growth and death:Apoptosis"
"bioplanet_1549","Generic transcription pathway","Genetic Information Processing: Transcription"
"bioplanet_1549","Generic transcription pathway","Transcription"
"bioplanet_1549","Generic transcription pathway","Transcriptional regulation"
"bioplanet_155","","CellSignaling"
"bioplanet_155","","DevelopmentalBiology"
"bioplanet_1550","Glutamate binding and activation of AMPA receptors and synaptic plasticity","Nervous system"
"bioplanet_1550","Glutamate binding and activation of AMPA receptors and synaptic plasticity","Neurological disease"
"bioplanet_1550","Glutamate binding and activation of AMPA receptors and synaptic plasticity","Organismal Systems:Nervous system"
"bioplanet_1550","Glutamate binding and activation of AMPA receptors and synaptic plasticity","Stress response"
"bioplanet_1550","Glutamate binding and activation of AMPA receptors and synaptic plasticity","Substance dependence"
"bioplanet_1551","Glutamate neurotransmitter release cycle","Nervous system"
"bioplanet_1551","Glutamate neurotransmitter release cycle","Neurological disease"
"bioplanet_1551","Glutamate neurotransmitter release cycle","Organismal Systems:Nervous system"
"bioplanet_1551","Glutamate neurotransmitter release cycle","Transport"
"bioplanet_1552","Glutathione conjugation","Hepatotoxicity"
"bioplanet_1552","Glutathione conjugation","Metabolism"
"bioplanet_1552","Glutathione conjugation","Small molecule metabolism"
"bioplanet_1552","Glutathione conjugation","Xenobiotic metabolism"
"bioplanet_1553","Activation of C3 and C5","Immune disease"
"bioplanet_1553","Activation of C3 and C5","Immune system"
"bioplanet_1553","Activation of C3 and C5","Infectious disease"
"bioplanet_1553","Activation of C3 and C5","Organismal Systems:Immune system"
"bioplanet_1554","Activation of calcium-permeable kainate receptor","Nervous system"
"bioplanet_1554","Activation of calcium-permeable kainate receptor","Neurological disease"
"bioplanet_1554","Activation of calcium-permeable kainate receptor","Organismal Systems:Nervous system"
"bioplanet_1554","Activation of calcium-permeable kainate receptor","Transport"
"bioplanet_1555","Hyperpolarization-activated cyclic nucleotide-gated (HCN) channels","Nervous system"
"bioplanet_1555","Hyperpolarization-activated cyclic nucleotide-gated (HCN) channels","Organismal Systems:Nervous system"
"bioplanet_1555","Hyperpolarization-activated cyclic nucleotide-gated (HCN) channels","Transport"
"bioplanet_1556","HIV life cycle","Cell division"
"bioplanet_1556","HIV life cycle","Human Diseases:Infectious diseases: Viral"
"bioplanet_1556","HIV life cycle","Immune system"
"bioplanet_1556","HIV life cycle","Infectious disease"
"bioplanet_1556","HIV life cycle","Transcription"
"bioplanet_1556","HIV life cycle","Transport"
"bioplanet_1557","HIV-1 transcription initiation","Human Diseases:Infectious diseases: Viral"
"bioplanet_1557","HIV-1 transcription initiation","Infectious disease"
"bioplanet_1557","HIV-1 transcription initiation","Nucleic acid metabolism"
"bioplanet_1557","HIV-1 transcription initiation","Transcription"
"bioplanet_1557","HIV-1 transcription initiation","Transcriptional regulation"
"bioplanet_1558","Hemostasis pathway","Cancer"
"bioplanet_1558","Hemostasis pathway","Cardiovascular disease"
"bioplanet_1558","Hemostasis pathway","Circulatory system"
"bioplanet_1558","Hemostasis pathway","Genetic disease"
"bioplanet_1558","Hemostasis pathway","Hemostasis"
"bioplanet_1558","Hemostasis pathway","Immune disease"
"bioplanet_1558","Hemostasis pathway","Immune system"
"bioplanet_1558","Hemostasis pathway","Infectious disease"
"bioplanet_1558","Hemostasis pathway","Transport"
"bioplanet_1559","Highly sodium permeable acetylcholine nicotinic receptors","G-protein coupled receptor"
"bioplanet_1559","Highly sodium permeable acetylcholine nicotinic receptors","Genetic disease"
"bioplanet_1559","Highly sodium permeable acetylcholine nicotinic receptors","Nervous system"
"bioplanet_1559","Highly sodium permeable acetylcholine nicotinic receptors","Neurological disease"
"bioplanet_1559","Highly sodium permeable acetylcholine nicotinic receptors","Organismal Systems:Nervous system"
"bioplanet_1559","Highly sodium permeable acetylcholine nicotinic receptors","Transport"
"bioplanet_156","Sonic Hedgehog (Shh) pathway","Cancer"
"bioplanet_156","Sonic Hedgehog (Shh) pathway","Cell differentiation"
"bioplanet_156","Sonic Hedgehog (Shh) pathway","Cell proliferation"
"bioplanet_156","Sonic Hedgehog (Shh) pathway","CellSignaling"
"bioplanet_156","Sonic Hedgehog (Shh) pathway","DevelopmentalBiology"
"bioplanet_156","Sonic Hedgehog (Shh) pathway","Genetic disease"
"bioplanet_156","Sonic Hedgehog (Shh) pathway","Musculoskeletal system"
"bioplanet_156","Sonic Hedgehog (Shh) pathway","Nervous system"
"bioplanet_1560","Notch receptor processing","Nervous system"
"bioplanet_1560","Notch receptor processing","Protein modification"
"bioplanet_1560","Notch receptor processing","Signal transduction"
"bioplanet_1560","Notch receptor processing","Transcriptional regulation"
"bioplanet_1561","IKK complex recruitment by IRAK1","Cancer"
"bioplanet_1561","IKK complex recruitment by IRAK1","Immune system"
"bioplanet_1561","IKK complex recruitment by IRAK1","Infectious disease"
"bioplanet_1561","IKK complex recruitment by IRAK1","Organismal Systems:Immune system"
"bioplanet_1562","IRAK2-mediated activation of TAK1 complex","Cancer"
"bioplanet_1562","IRAK2-mediated activation of TAK1 complex","Carbohydrate metabolism"
"bioplanet_1562","IRAK2-mediated activation of TAK1 complex","Chronology"
"bioplanet_1562","IRAK2-mediated activation of TAK1 complex","Immune system"
"bioplanet_1562","IRAK2-mediated activation of TAK1 complex","Infectious disease"
"bioplanet_1562","IRAK2-mediated activation of TAK1 complex","Organismal Systems:Immune system"
"bioplanet_1562","IRAK2-mediated activation of TAK1 complex","Stress response"
"bioplanet_1562","IRAK2-mediated activation of TAK1 complex","Transport"
"bioplanet_1563","IRF3-mediated activation of type 1 interferon","Immune system"
"bioplanet_1563","IRF3-mediated activation of type 1 interferon","Infectious disease"
"bioplanet_1563","IRF3-mediated activation of type 1 interferon","Organismal Systems:Immune system"
"bioplanet_1564","Activation of chaperones by ATF6 alpha","Cancer"
"bioplanet_1564","Activation of chaperones by ATF6 alpha","Lipid metabolism"
"bioplanet_1564","Activation of chaperones by ATF6 alpha","Metabolism of proteins"
"bioplanet_1564","Activation of chaperones by ATF6 alpha","Protein folding, sorting and degradation"
"bioplanet_1564","Activation of chaperones by ATF6 alpha","Small molecule metabolism"
"bioplanet_1564","Activation of chaperones by ATF6 alpha","Stress response"
"bioplanet_1565","Inactivation of APC/C via direct inhibition of the APC/C complex","Cancer"
"bioplanet_1565","Inactivation of APC/C via direct inhibition of the APC/C complex","Cell division"
"bioplanet_1565","Inactivation of APC/C via direct inhibition of the APC/C complex","Cellular Processes:Cell growth and death:Cell Cycle"
"bioplanet_1565","Inactivation of APC/C via direct inhibition of the APC/C complex","Immune system"
"bioplanet_1565","Inactivation of APC/C via direct inhibition of the APC/C complex","Reproduction"
"bioplanet_1565","Inactivation of APC/C via direct inhibition of the APC/C complex","Stress response"
"bioplanet_1566","Inflammasomes","Cell death"
"bioplanet_1566","Inflammasomes","Immune disease"
"bioplanet_1566","Inflammasomes","Immune system"
"bioplanet_1566","Inflammasomes","Infectious disease"
"bioplanet_1566","Inflammasomes","Organismal Systems:Immune system"
"bioplanet_1566","Inflammasomes","Stress response"
"bioplanet_1567","Activation of chaperones by IRE1 alpha","Metabolism of proteins"
"bioplanet_1567","Activation of chaperones by IRE1 alpha","Neurological disease"
"bioplanet_1567","Activation of chaperones by IRE1 alpha","Protein folding, sorting and degradation"
"bioplanet_1567","Activation of chaperones by IRE1 alpha","Stress response"
"bioplanet_1568","Inhibition of insulin secretion by adrenaline/noradrenaline","Cardiovascular disease"
"bioplanet_1568","Inhibition of insulin secretion by adrenaline/noradrenaline","Endocrine system"
"bioplanet_1568","Inhibition of insulin secretion by adrenaline/noradrenaline","Metabolism"
"bioplanet_1568","Inhibition of insulin secretion by adrenaline/noradrenaline","Nervous system"
"bioplanet_1568","Inhibition of insulin secretion by adrenaline/noradrenaline","Small molecule metabolism"
"bioplanet_1568","Inhibition of insulin secretion by adrenaline/noradrenaline","Transport"
"bioplanet_1569","Integrin cell surface interactions","Cancer"
"bioplanet_1569","Integrin cell surface interactions","Cardiovascular disease"
"bioplanet_1569","Integrin cell surface interactions","Cellular Processes:Cellular community"
"bioplanet_1569","Integrin cell surface interactions","Circulatory system"
"bioplanet_1569","Integrin cell surface interactions","Nervous system"
"bioplanet_157","Agrin in postsynaptic differentiation","Cancer"
"bioplanet_157","Agrin in postsynaptic differentiation","Cell proliferation"
"bioplanet_157","Agrin in postsynaptic differentiation","CellSignaling"
"bioplanet_157","Agrin in postsynaptic differentiation","Circulatory system"
"bioplanet_157","Agrin in postsynaptic differentiation","DevelopmentalBiology"
"bioplanet_157","Agrin in postsynaptic differentiation","Genetic disease"
"bioplanet_157","Agrin in postsynaptic differentiation","Musculoskeletal system"
"bioplanet_157","Agrin in postsynaptic differentiation","Nervous system"
"bioplanet_157","Agrin in postsynaptic differentiation","Protein modification"
"bioplanet_157","Agrin in postsynaptic differentiation","Reproduction"
"bioplanet_157","Agrin in postsynaptic differentiation","Stress response"
"bioplanet_1570","Interaction between L1-type proteins and ankyrins","Circulatory system"
"bioplanet_1570","Interaction between L1-type proteins and ankyrins","Nervous system"
"bioplanet_1570","Interaction between L1-type proteins and ankyrins","Organismal Systems:Development"
"bioplanet_1571","Interactions of HIV Tat protein with host cellular proteins","Human Diseases:Infectious diseases: Viral"
"bioplanet_1571","Interactions of HIV Tat protein with host cellular proteins","Immune disease"
"bioplanet_1571","Interactions of HIV Tat protein with host cellular proteins","Immune system"
"bioplanet_1571","Interactions of HIV Tat protein with host cellular proteins","Infectious disease"
"bioplanet_1571","Interactions of HIV Tat protein with host cellular proteins","Protein modification"
"bioplanet_1571","Interactions of HIV Tat protein with host cellular proteins","Transcription"
"bioplanet_1572","Interactions of HIV Vpr protein with host cellular proteins","Cell division"
"bioplanet_1572","Interactions of HIV Vpr protein with host cellular proteins","Human Diseases:Infectious diseases: Viral"
"bioplanet_1572","Interactions of HIV Vpr protein with host cellular proteins","Immune disease"
"bioplanet_1572","Interactions of HIV Vpr protein with host cellular proteins","Immune system"
"bioplanet_1572","Interactions of HIV Vpr protein with host cellular proteins","Infectious disease"
"bioplanet_1572","Interactions of HIV Vpr protein with host cellular proteins","Transport"
"bioplanet_1573","Inwardly rectifying potassium channels","Cardiovascular disease"
"bioplanet_1573","Inwardly rectifying potassium channels","Nervous system"
"bioplanet_1573","Inwardly rectifying potassium channels","Organismal Systems:Nervous system"
"bioplanet_1573","Inwardly rectifying potassium channels","Small molecule metabolism"
"bioplanet_1573","Inwardly rectifying potassium channels","Transport"
"bioplanet_1574","JNK (c-Jun kinases) phosphorylation and  activation mediated by activated human TAK1","Cell differentiation"
"bioplanet_1574","JNK (c-Jun kinases) phosphorylation and  activation mediated by activated human TAK1","Circulatory system"
"bioplanet_1574","JNK (c-Jun kinases) phosphorylation and  activation mediated by activated human TAK1","Immune system"
"bioplanet_1574","JNK (c-Jun kinases) phosphorylation and  activation mediated by activated human TAK1","Organismal Systems:Immune system"
"bioplanet_1574","JNK (c-Jun kinases) phosphorylation and  activation mediated by activated human TAK1","Protein modification"
"bioplanet_1574","JNK (c-Jun kinases) phosphorylation and  activation mediated by activated human TAK1","Stress response"
"bioplanet_1575","Kinesins","Cell division"
"bioplanet_1575","Kinesins","Circulatory system"
"bioplanet_1575","Kinesins","Hemostasis"
"bioplanet_1576","L1CAM interactions","Immune system"
"bioplanet_1576","L1CAM interactions","Infectious disease"
"bioplanet_1576","L1CAM interactions","Nervous system"
"bioplanet_1576","L1CAM interactions","Neurological disease"
"bioplanet_1576","L1CAM interactions","Organismal Systems:Development"
"bioplanet_1577","Activation of kainate receptors upon glutamate binding","Circulatory system"
"bioplanet_1577","Activation of kainate receptors upon glutamate binding","Nervous system"
"bioplanet_1577","Activation of kainate receptors upon glutamate binding","Neurological disease"
"bioplanet_1577","Activation of kainate receptors upon glutamate binding","Nucleic acid metabolism"
"bioplanet_1577","Activation of kainate receptors upon glutamate binding","Organismal Systems:Nervous system"
"bioplanet_1577","Activation of kainate receptors upon glutamate binding","Transport"
"bioplanet_1578","","Organismal Systems:Immune system"
"bioplanet_1579","Lysosome vesicle biogenesis","Cellular Processes:Transport and catabolism"
"bioplanet_1579","Lysosome vesicle biogenesis","RNA processing"
"bioplanet_1579","Lysosome vesicle biogenesis","Transport"
"bioplanet_158","Spermatogenesis regulation by CREM","Cell differentiation"
"bioplanet_158","Spermatogenesis regulation by CREM","Cell division"
"bioplanet_158","Spermatogenesis regulation by CREM","CellSignaling"
"bioplanet_158","Spermatogenesis regulation by CREM","DevelopmentalBiology"
"bioplanet_158","Spermatogenesis regulation by CREM","Reproduction"
"bioplanet_158","Spermatogenesis regulation by CREM","Transcription"
"bioplanet_158","Spermatogenesis regulation by CREM","Transcriptional regulation"
"bioplanet_158","Spermatogenesis regulation by CREM","Transport"
"bioplanet_158","Spermatogenesis regulation by CREM","expression"
"bioplanet_1580","M phase pathway","Cell division"
"bioplanet_1580","M phase pathway","Cellular Processes:Cell growth and death:Cell Cycle"
"bioplanet_1581","Nuclear events mediated by MAP kinases","Cancer"
"bioplanet_1581","Nuclear events mediated by MAP kinases","Cardiovascular disease"
"bioplanet_1581","Nuclear events mediated by MAP kinases","Immune system"
"bioplanet_1581","Nuclear events mediated by MAP kinases","Infectious disease"
"bioplanet_1581","Nuclear events mediated by MAP kinases","Organismal Systems:Immune system"
"bioplanet_1581","Nuclear events mediated by MAP kinases","Stress response"
"bioplanet_1581","Nuclear events mediated by MAP kinases","Transcription"
"bioplanet_1581","Nuclear events mediated by MAP kinases","Transport"
"bioplanet_1582","Meiosis","Cell division"
"bioplanet_1582","Meiosis","Cellular Processes:Cell growth and death:Cell Cycle"
"bioplanet_1582","Meiosis","DNA repair"
"bioplanet_1582","Meiosis","DNA replication"
"bioplanet_1582","Meiosis","Reproduction"
"bioplanet_1583","Meiotic recombination","Cellular Processes:Cell growth and death:Cell Cycle"
"bioplanet_1583","Meiotic recombination","DNA repair"
"bioplanet_1583","Meiotic recombination","DNA replication"
"bioplanet_1583","Meiotic recombination","Reproduction"
"bioplanet_1584","Meiotic synapsis","Cell division"
"bioplanet_1584","Meiotic synapsis","Cellular Processes:Cell growth and death:Cell Cycle"
"bioplanet_1584","Meiotic synapsis","DNA repair"
"bioplanet_1584","Meiotic synapsis","DNA replication"
"bioplanet_1584","Meiotic synapsis","Reproduction"
"bioplanet_1585","Membrane trafficking","Cellular Processes:Cellular community"
"bioplanet_1585","Membrane trafficking","Genetic disease"
"bioplanet_1585","Membrane trafficking","Transcriptional regulation"
"bioplanet_1585","Membrane trafficking","Transport"
"bioplanet_1586","Activation of NMDA receptor upon glutamate binding and postsynaptic events","Nervous system"
"bioplanet_1586","Activation of NMDA receptor upon glutamate binding and postsynaptic events","Neurological disease"
"bioplanet_1586","Activation of NMDA receptor upon glutamate binding and postsynaptic events","Organismal Systems:Nervous system"
"bioplanet_1586","Activation of NMDA receptor upon glutamate binding and postsynaptic events","Stress response"
"bioplanet_1586","Activation of NMDA receptor upon glutamate binding and postsynaptic events","Transport"
"bioplanet_1587","Methylation","Metabolism"
"bioplanet_1587","Methylation","Nucleic acid metabolism"
"bioplanet_1587","Methylation","Small molecule metabolism"
"bioplanet_1587","Methylation","Stress response"
"bioplanet_1587","Methylation","Xenobiotic metabolism"
"bioplanet_1588","Cytochrome P450 metabolism of miscellaneous substrates","Cancer"
"bioplanet_1588","Cytochrome P450 metabolism of miscellaneous substrates","Metabolism"
"bioplanet_1588","Cytochrome P450 metabolism of miscellaneous substrates","Small molecule metabolism"
"bioplanet_1588","Cytochrome P450 metabolism of miscellaneous substrates","Xenobiotic metabolism"
"bioplanet_1589","","Metabolism"
"bioplanet_159","Signal-dependent regulation of myogenesis by corepressor MITR","CellSignaling"
"bioplanet_159","Signal-dependent regulation of myogenesis by corepressor MITR","DevelopmentalBiology"
"bioplanet_159","Signal-dependent regulation of myogenesis by corepressor MITR","Musculoskeletal system"
"bioplanet_159","Signal-dependent regulation of myogenesis by corepressor MITR","Stress response"
"bioplanet_159","Signal-dependent regulation of myogenesis by corepressor MITR","expression"
"bioplanet_1590","Mitochondrial uncoupling proteins","Cell division"
"bioplanet_1590","Mitochondrial uncoupling proteins","Endocrine and metabolic disease"
"bioplanet_1590","Mitochondrial uncoupling proteins","Energy metabolism"
"bioplanet_1590","Mitochondrial uncoupling proteins","Environmental adaptation"
"bioplanet_1590","Mitochondrial uncoupling proteins","Metabolism"
"bioplanet_1590","Mitochondrial uncoupling proteins","Protein folding, sorting and degradation"
"bioplanet_1590","Mitochondrial uncoupling proteins","Protein modification"
"bioplanet_1590","Mitochondrial uncoupling proteins","Stress response"
"bioplanet_1590","Mitochondrial uncoupling proteins","Transport"
"bioplanet_1591","Mitotic G1-G1/S phases","Cell division"
"bioplanet_1591","Mitotic G1-G1/S phases","Cellular Processes:Cell growth and death:Cell Cycle"
"bioplanet_1591","Mitotic G1-G1/S phases","DNA repair"
"bioplanet_1591","Mitotic G1-G1/S phases","DNA replication"
"bioplanet_1591","Mitotic G1-G1/S phases","Stress response"
"bioplanet_1592","Mitotic G2-G2/M phases","Cell division"
"bioplanet_1592","Mitotic G2-G2/M phases","Cellular Processes:Cell growth and death:Cell Cycle"
"bioplanet_1592","Mitotic G2-G2/M phases","DNA repair"
"bioplanet_1592","Mitotic G2-G2/M phases","Genetic disease"
"bioplanet_1594","Muscle contraction","Muscle Contraction"
"bioplanet_1594","Muscle contraction","Musculoskeletal system"
"bioplanet_1594","Muscle contraction","Nervous system"
"bioplanet_1595","N-glycan antennae elongation in the medial/trans-Golgi","Carbohydrate metabolism"
"bioplanet_1595","N-glycan antennae elongation in the medial/trans-Golgi","Genetic Information Processing:Folding, sorting and degradation"
"bioplanet_1595","N-glycan antennae elongation in the medial/trans-Golgi","Protein modification"
"bioplanet_1595","N-glycan antennae elongation in the medial/trans-Golgi","Small molecule metabolism"
"bioplanet_1596","N-glycan trimming and elongation in the cis-Golgi","Carbohydrate metabolism"
"bioplanet_1596","N-glycan trimming and elongation in the cis-Golgi","Genetic Information Processing:Folding, sorting and degradation"
"bioplanet_1597","N-glycan trimming in the ER and calnexin/calreticulin cycle","Carbohydrate metabolism"
"bioplanet_1597","N-glycan trimming in the ER and calnexin/calreticulin cycle","Genetic Information Processing:Folding, sorting and degradation"
"bioplanet_1597","N-glycan trimming in the ER and calnexin/calreticulin cycle","Nucleic acid metabolism"
"bioplanet_1598","NF-kappaB activation through FADD/RIP-1 pathway","Cell death"
"bioplanet_1598","NF-kappaB activation through FADD/RIP-1 pathway","Immune system"
"bioplanet_1598","NF-kappaB activation through FADD/RIP-1 pathway","Infectious disease"
"bioplanet_1598","NF-kappaB activation through FADD/RIP-1 pathway","Organismal Systems:Immune system"
"bioplanet_1599","Activation of pro-caspase 8","Cancer"
"bioplanet_1599","Activation of pro-caspase 8","Cell death"
"bioplanet_1599","Activation of pro-caspase 8","Cellular Processes:Cell growth and death:Apoptosis"
"bioplanet_1599","Activation of pro-caspase 8","Stress response"
"bioplanet_16","Apoptotic DNA fragmentation and tissue homeostasis","Apoptosis"
"bioplanet_16","Apoptotic DNA fragmentation and tissue homeostasis","Cancer"
"bioplanet_16","Apoptotic DNA fragmentation and tissue homeostasis","Cell death"
"bioplanet_16","Apoptotic DNA fragmentation and tissue homeostasis","Nucleic acid metabolism"
"bioplanet_160","ALK in cardiac myocytes","Cancer"
"bioplanet_160","ALK in cardiac myocytes","Cardiotoxicity"
"bioplanet_160","ALK in cardiac myocytes","Cell growth"
"bioplanet_160","ALK in cardiac myocytes","CellSignaling"
"bioplanet_160","ALK in cardiac myocytes","Circulatory system"
"bioplanet_160","ALK in cardiac myocytes","DevelopmentalBiology"
"bioplanet_160","ALK in cardiac myocytes","Genetic disease"
"bioplanet_160","ALK in cardiac myocytes","Hematopoiesis"
"bioplanet_160","ALK in cardiac myocytes","Immune system"
"bioplanet_160","ALK in cardiac myocytes","Protein modification"
"bioplanet_160","ALK in cardiac myocytes","Stress response"
"bioplanet_1600","NICD trafficking to the nucleus","Cancer"
"bioplanet_1600","NICD trafficking to the nucleus","Cell differentiation"
"bioplanet_1600","NICD trafficking to the nucleus","Cell division"
"bioplanet_1600","NICD trafficking to the nucleus","Genetic Information Processing: Transcription"
"bioplanet_1600","NICD trafficking to the nucleus","Transcription"
"bioplanet_1601","NOSTRIN-mediated endothelial NOS trafficking","Cardiovascular disease"
"bioplanet_1601","NOSTRIN-mediated endothelial NOS trafficking","Immune system"
"bioplanet_1601","NOSTRIN-mediated endothelial NOS trafficking","Metabolism"
"bioplanet_1601","NOSTRIN-mediated endothelial NOS trafficking","Small molecule metabolism"
"bioplanet_1601","NOSTRIN-mediated endothelial NOS trafficking","Stress response"
"bioplanet_1602","Influenza NS1-mediated effects on host pathways","Human Diseases:Infectious diseases: Viral"
"bioplanet_1602","Influenza NS1-mediated effects on host pathways","Infectious disease"
"bioplanet_1602","Influenza NS1-mediated effects on host pathways","RNA processing"
"bioplanet_1603","Nef-mediated CD4 downregulation","Human Diseases:Infectious diseases: Viral"
"bioplanet_1603","Nef-mediated CD4 downregulation","Immune disease"
"bioplanet_1603","Nef-mediated CD4 downregulation","Immune system"
"bioplanet_1603","Nef-mediated CD4 downregulation","Infectious disease"
"bioplanet_1604","Nef-mediated CD8 downregulation","Human Diseases:Infectious diseases: Viral"
"bioplanet_1604","Nef-mediated CD8 downregulation","Immune disease"
"bioplanet_1604","Nef-mediated CD8 downregulation","Immune system"
"bioplanet_1604","Nef-mediated CD8 downregulation","Infectious disease"
"bioplanet_1605","Nef-mediated downregulation of MHC class I complex cell surface expression","Human Diseases:Infectious diseases: Viral"
"bioplanet_1605","Nef-mediated downregulation of MHC class I complex cell surface expression","Immune disease"
"bioplanet_1605","Nef-mediated downregulation of MHC class I complex cell surface expression","Immune system"
"bioplanet_1605","Nef-mediated downregulation of MHC class I complex cell surface expression","Infectious disease"
"bioplanet_1606","Nephrin interactions","Cellular Processes:Cellular community"
"bioplanet_1606","Nephrin interactions","Excretory system"
"bioplanet_1606","Nephrin interactions","Genetic disease"
"bioplanet_1607","Neurofascin interactions","Nervous system"
"bioplanet_1607","Neurofascin interactions","Organismal Systems:Development"
"bioplanet_1608","Neuronal system","Cell growth"
"bioplanet_1608","Neuronal system","Nervous system"
"bioplanet_1608","Neuronal system","Organismal Systems:Nervous system"
"bioplanet_1608","Neuronal system","Transport"
"bioplanet_1609","Neurotransmitter clearance in the synaptic cleft","Nervous system"
"bioplanet_1609","Neurotransmitter clearance in the synaptic cleft","Organismal Systems:Nervous system"
"bioplanet_1609","Neurotransmitter clearance in the synaptic cleft","Small molecule metabolism"
"bioplanet_161","Proteolysis and signaling pathway of Notch","Cell differentiation"
"bioplanet_161","Proteolysis and signaling pathway of Notch","Cell division"
"bioplanet_161","Proteolysis and signaling pathway of Notch","Cell proliferation"
"bioplanet_161","Proteolysis and signaling pathway of Notch","CellSignaling"
"bioplanet_161","Proteolysis and signaling pathway of Notch","DevelopmentalBiology"
"bioplanet_161","Proteolysis and signaling pathway of Notch","Immunology"
"bioplanet_161","Proteolysis and signaling pathway of Notch","Neurological disease"
"bioplanet_161","Proteolysis and signaling pathway of Notch","Neuroscience"
"bioplanet_161","Proteolysis and signaling pathway of Notch","Protein modification"
"bioplanet_1610","Nitric oxide stimulation of guanylate cyclase","Circulatory system"
"bioplanet_1610","Nitric oxide stimulation of guanylate cyclase","Hemostasis"
"bioplanet_1610","Nitric oxide stimulation of guanylate cyclase","Transport"
"bioplanet_1611","Norepinephrine neurotransmitter release cycle","Cell differentiation"
"bioplanet_1611","Norepinephrine neurotransmitter release cycle","Nervous system"
"bioplanet_1611","Norepinephrine neurotransmitter release cycle","Neurological disease"
"bioplanet_1611","Norepinephrine neurotransmitter release cycle","Organismal Systems:Nervous system"
"bioplanet_1611","Norepinephrine neurotransmitter release cycle","Small molecule metabolism"
"bioplanet_1612","NrCAM interactions","Nervous system"
"bioplanet_1612","NrCAM interactions","Neurological disease"
"bioplanet_1612","NrCAM interactions","Organismal Systems:Development"
"bioplanet_1613","Nuclear receptor transcription pathway","Cancer"
"bioplanet_1613","Nuclear receptor transcription pathway","Environmental adaptation"
"bioplanet_1613","Nuclear receptor transcription pathway","Genetic Information Processing: Transcription"
"bioplanet_1613","Nuclear receptor transcription pathway","Nuclear receptor"
"bioplanet_1613","Nuclear receptor transcription pathway","Transcription"
"bioplanet_1613","Nuclear receptor transcription pathway","Transcriptional regulation"
"bioplanet_1613","Nuclear receptor transcription pathway","Transport"
"bioplanet_1614","Activation of the AP-1 family of transcription factors","Cancer"
"bioplanet_1614","Activation of the AP-1 family of transcription factors","Immune system"
"bioplanet_1614","Activation of the AP-1 family of transcription factors","Infectious disease"
"bioplanet_1614","Activation of the AP-1 family of transcription factors","Organismal Systems:Immune system"
"bioplanet_1614","Activation of the AP-1 family of transcription factors","Stress response"
"bioplanet_1614","Activation of the AP-1 family of transcription factors","Transcription"
"bioplanet_1615","Oxygen/carbon dioxide exchange in erythrocytes","Circulatory system"
"bioplanet_1615","Oxygen/carbon dioxide exchange in erythrocytes","Metabolism"
"bioplanet_1615","Oxygen/carbon dioxide exchange in erythrocytes","Small molecule metabolism"
"bioplanet_1616","Other semaphorin interactions","Nervous system"
"bioplanet_1616","Other semaphorin interactions","Organismal Systems:Development"
"bioplanet_1617","Oxygen-dependent asparagine hydroxylation of hypoxia-inducible factor 1 alpha (HIF1-alpha)","Cell division"
"bioplanet_1617","Oxygen-dependent asparagine hydroxylation of hypoxia-inducible factor 1 alpha (HIF1-alpha)","Protein modification"
"bioplanet_1617","Oxygen-dependent asparagine hydroxylation of hypoxia-inducible factor 1 alpha (HIF1-alpha)","Signal transduction:Stress Response"
"bioplanet_1617","Oxygen-dependent asparagine hydroxylation of hypoxia-inducible factor 1 alpha (HIF1-alpha)","Stress response"
"bioplanet_1617","Oxygen-dependent asparagine hydroxylation of hypoxia-inducible factor 1 alpha (HIF1-alpha)","Transcription"
"bioplanet_1617","Oxygen-dependent asparagine hydroxylation of hypoxia-inducible factor 1 alpha (HIF1-alpha)","Transcriptional regulation"
"bioplanet_1618","Platelet endothelial cell adhesion molecule 1 (PECAM1) interactions","Cardiovascular disease"
"bioplanet_1618","Platelet endothelial cell adhesion molecule 1 (PECAM1) interactions","Circulatory system"
"bioplanet_1618","Platelet endothelial cell adhesion molecule 1 (PECAM1) interactions","Hemostasis"
"bioplanet_1618","Platelet endothelial cell adhesion molecule 1 (PECAM1) interactions","Immune system"
"bioplanet_1619","PERK-regulated gene expression","Cancer"
"bioplanet_1619","PERK-regulated gene expression","Genetic Information Processing:Translation"
"bioplanet_1619","PERK-regulated gene expression","RNA processing"
"bioplanet_1619","PERK-regulated gene expression","Stress response"
"bioplanet_1619","PERK-regulated gene expression","Transcription"
"bioplanet_1619","PERK-regulated gene expression","Transcriptional regulation"
"bioplanet_162","Basic mechanism of action of PPAR-alpha, PPAR-beta(d), and PPAR-gamma and their effects on gene expression","Cancer"
"bioplanet_162","Basic mechanism of action of PPAR-alpha, PPAR-beta(d), and PPAR-gamma and their effects on gene expression","CellSignaling"
"bioplanet_162","Basic mechanism of action of PPAR-alpha, PPAR-beta(d), and PPAR-gamma and their effects on gene expression","Endocrine and metabolic disease"
"bioplanet_162","Basic mechanism of action of PPAR-alpha, PPAR-beta(d), and PPAR-gamma and their effects on gene expression","Lipid metabolism"
"bioplanet_162","Basic mechanism of action of PPAR-alpha, PPAR-beta(d), and PPAR-gamma and their effects on gene expression","expression"
"bioplanet_1620","Packaging of telomere ends","Cell division"
"bioplanet_1620","Packaging of telomere ends","Cellular Processes:Cell growth and death:Cell Cycle"
"bioplanet_1620","Packaging of telomere ends","DNA repair"
"bioplanet_1620","Packaging of telomere ends","DNA replication"
"bioplanet_1620","Packaging of telomere ends","Stress response"
"bioplanet_1621","Phase I of biological oxidations: functionalization of compounds","Endocrine system"
"bioplanet_1621","Phase I of biological oxidations: functionalization of compounds","Metabolism"
"bioplanet_1621","Phase I of biological oxidations: functionalization of compounds","Small molecule metabolism"
"bioplanet_1621","Phase I of biological oxidations: functionalization of compounds","Xenobiotic metabolism"
"bioplanet_1622","Phosphorylation of Emi1","Cellular Processes:Cell growth and death:Cell Cycle"
"bioplanet_1622","Phosphorylation of Emi1","DNA replication"
"bioplanet_1622","Phosphorylation of Emi1","Immune disease"
"bioplanet_1622","Phosphorylation of Emi1","Immune system"
"bioplanet_1622","Phosphorylation of Emi1","Protein modification"
"bioplanet_1622","Phosphorylation of Emi1","Reproduction"
"bioplanet_1623","Phosphorylation of proteins involved in G1/S transition by active cyclin E-Cdk2 complexes","Cancer"
"bioplanet_1623","Phosphorylation of proteins involved in G1/S transition by active cyclin E-Cdk2 complexes","Cellular Processes:Cell growth and death:Cell Cycle"
"bioplanet_1623","Phosphorylation of proteins involved in G1/S transition by active cyclin E-Cdk2 complexes","DNA replication"
"bioplanet_1623","Phosphorylation of proteins involved in G1/S transition by active cyclin E-Cdk2 complexes","Protein modification"
"bioplanet_1623","Phosphorylation of proteins involved in G1/S transition by active cyclin E-Cdk2 complexes","Reproduction"
"bioplanet_1624","Phosphorylation of proteins involved in the G2/M transition by cyclin A-Cdc2 complexes","Cell division"
"bioplanet_1624","Phosphorylation of proteins involved in the G2/M transition by cyclin A-Cdc2 complexes","Cellular Processes:Cell growth and death:Cell Cycle"
"bioplanet_1624","Phosphorylation of proteins involved in the G2/M transition by cyclin A-Cdc2 complexes","Stress response"
"bioplanet_1625","Platelet calcium homeostasis","Circulatory system"
"bioplanet_1625","Platelet calcium homeostasis","Hemostasis"
"bioplanet_1625","Platelet calcium homeostasis","Transport"
"bioplanet_1626","Platelet homeostasis","Cardiovascular disease"
"bioplanet_1626","Platelet homeostasis","Circulatory system"
"bioplanet_1626","Platelet homeostasis","Hemostasis"
"bioplanet_1627","Platelet sensitization by LDL","Cardiovascular disease"
"bioplanet_1627","Platelet sensitization by LDL","Circulatory system"
"bioplanet_1627","Platelet sensitization by LDL","Hemostasis"
"bioplanet_1627","Platelet sensitization by LDL","Lipid metabolism"
"bioplanet_1627","Platelet sensitization by LDL","Transport"
"bioplanet_1628","Polo-like kinase-mediated events","Cellular Processes:Cell growth and death:Cell Cycle"
"bioplanet_1628","Polo-like kinase-mediated events","Protein modification"
"bioplanet_1628","Polo-like kinase-mediated events","Reproduction"
"bioplanet_1629","Post-chaperonin tubulin folding pathway","Genetic Information Processing:Folding, sorting and degradation"
"bioplanet_1629","Post-chaperonin tubulin folding pathway","Protein folding, sorting and degradation"
"bioplanet_1629","Post-chaperonin tubulin folding pathway","Protein modification"
"bioplanet_1629","Post-chaperonin tubulin folding pathway","Transport"
"bioplanet_163","Oxidative stress-induced gene expression via Nrf2","Cardiovascular disease"
"bioplanet_163","Oxidative stress-induced gene expression via Nrf2","CellSignaling"
"bioplanet_163","Oxidative stress-induced gene expression via Nrf2","Circulatory system"
"bioplanet_163","Oxidative stress-induced gene expression via Nrf2","Environmental adaptation"
"bioplanet_163","Oxidative stress-induced gene expression via Nrf2","Small molecule metabolism"
"bioplanet_163","Oxidative stress-induced gene expression via Nrf2","Stress response"
"bioplanet_163","Oxidative stress-induced gene expression via Nrf2","Transcription"
"bioplanet_163","Oxidative stress-induced gene expression via Nrf2","Xenobiotic metabolism"
"bioplanet_163","Oxidative stress-induced gene expression via Nrf2","expression"
"bioplanet_1630","Post-translational protein modification","Genetic Information Processing:Folding, sorting and degradation"
"bioplanet_1630","Post-translational protein modification","Protein folding, sorting and degradation"
"bioplanet_1630","Post-translational protein modification","Protein modification"
"bioplanet_1631","Potassium channels","Cardiovascular disease"
"bioplanet_1631","Potassium channels","Circulatory system"
"bioplanet_1631","Potassium channels","Nervous system"
"bioplanet_1631","Potassium channels","Organismal Systems:Nervous system"
"bioplanet_1631","Potassium channels","Protein modification"
"bioplanet_1631","Potassium channels","Transport"
"bioplanet_1632","Progressive trimming of alpha-1,2-linked mannose residues from Man(9,8,7)GlcNAc(2) to produce Man(5)GlcNAc(2)","Carbohydrate metabolism"
"bioplanet_1632","Progressive trimming of alpha-1,2-linked mannose residues from Man(9,8,7)GlcNAc(2) to produce Man(5)GlcNAc(2)","Genetic Information Processing:Folding, sorting and degradation"
"bioplanet_1633","Propionyl-CoA catabolism","G-protein coupled receptor"
"bioplanet_1633","Propionyl-CoA catabolism","Genetic disease"
"bioplanet_1633","Propionyl-CoA catabolism","Lipid metabolism"
"bioplanet_1633","Propionyl-CoA catabolism","Metabolism"
"bioplanet_1633","Propionyl-CoA catabolism","Small molecule metabolism"
"bioplanet_1634","Protein folding","Genetic Information Processing:Folding, sorting and degradation"
"bioplanet_1634","Protein folding","Protein folding, sorting and degradation"
"bioplanet_1634","Protein folding","Protein modification"
"bioplanet_1635","RIG-I/MDA5-mediated induction of interferon-alpha/beta pathways","Immune disease"
"bioplanet_1635","RIG-I/MDA5-mediated induction of interferon-alpha/beta pathways","Immune system"
"bioplanet_1635","RIG-I/MDA5-mediated induction of interferon-alpha/beta pathways","Infectious disease"
"bioplanet_1635","RIG-I/MDA5-mediated induction of interferon-alpha/beta pathways","Organismal Systems:Immune system"
"bioplanet_1635","RIG-I/MDA5-mediated induction of interferon-alpha/beta pathways","Stress response"
"bioplanet_1635","RIG-I/MDA5-mediated induction of interferon-alpha/beta pathways","Transcriptional regulation"
"bioplanet_1636","RORA activates circadian expression","Chronology"
"bioplanet_1636","RORA activates circadian expression","Genetic Information Processing:Translation"
"bioplanet_1636","RORA activates circadian expression","Lipid metabolism"
"bioplanet_1636","RORA activates circadian expression","Stress response"
"bioplanet_1636","RORA activates circadian expression","Transcriptional regulation"
"bioplanet_1636","RORA activates circadian expression","Transport"
"bioplanet_1637","RSK activation","DNA repair"
"bioplanet_1637","RSK activation","Nervous system"
"bioplanet_1637","RSK activation","Organismal Systems:Nervous system"
"bioplanet_1637","RSK activation","Reproduction"
"bioplanet_1637","RSK activation","Stress response"
"bioplanet_1638","Ras activation upon calcium influx through NMDA receptor","Nervous system"
"bioplanet_1638","Ras activation upon calcium influx through NMDA receptor","Neurological disease"
"bioplanet_1638","Ras activation upon calcium influx through NMDA receptor","Organismal Systems:Nervous system"
"bioplanet_1638","Ras activation upon calcium influx through NMDA receptor","Substance dependence"
"bioplanet_1638","Ras activation upon calcium influx through NMDA receptor","Transport"
"bioplanet_1639","Initiation of the second proteolytic cleavage of Notch receptor by receptor-ligand binding","Cancer"
"bioplanet_1639","Initiation of the second proteolytic cleavage of Notch receptor by receptor-ligand binding","Cell death"
"bioplanet_1639","Initiation of the second proteolytic cleavage of Notch receptor by receptor-ligand binding","Cell differentiation"
"bioplanet_1639","Initiation of the second proteolytic cleavage of Notch receptor by receptor-ligand binding","Chronology"
"bioplanet_1639","Initiation of the second proteolytic cleavage of Notch receptor by receptor-ligand binding","Signal transduction"
"bioplanet_1639","Initiation of the second proteolytic cleavage of Notch receptor by receptor-ligand binding","Stress response"
"bioplanet_1639","Initiation of the second proteolytic cleavage of Notch receptor by receptor-ligand binding","Transport"
"bioplanet_164","CARM1 and regulation of the estrogen receptor","Cancer"
"bioplanet_164","CARM1 and regulation of the estrogen receptor","CellSignaling"
"bioplanet_164","CARM1 and regulation of the estrogen receptor","Endocrine system"
"bioplanet_164","CARM1 and regulation of the estrogen receptor","Stress response"
"bioplanet_164","CARM1 and regulation of the estrogen receptor","Transcriptional regulation"
"bioplanet_164","CARM1 and regulation of the estrogen receptor","expression"
"bioplanet_1640","Recruitment of NuMA to mitotic centrosomes","Cell division"
"bioplanet_1640","Recruitment of NuMA to mitotic centrosomes","Cellular Processes:Cell growth and death:Cell Cycle"
"bioplanet_1640","Recruitment of NuMA to mitotic centrosomes","Reproduction"
"bioplanet_1640","Recruitment of NuMA to mitotic centrosomes","Transport"
"bioplanet_1641","Recycling of eIF2-GDP complex","Genetic Information Processing:Folding, sorting and degradation"
"bioplanet_1641","Recycling of eIF2-GDP complex","RNA processing"
"bioplanet_1641","Recycling of eIF2-GDP complex","Transcription"
"bioplanet_1641","Recycling of eIF2-GDP complex","Transcriptional regulation"
"bioplanet_1641","Recycling of eIF2-GDP complex","Translation"
"bioplanet_1641","Recycling of eIF2-GDP complex","Transport"
"bioplanet_1642","Recycling pathway of cell adhesion molecule L1","Immune system"
"bioplanet_1642","Recycling pathway of cell adhesion molecule L1","Infectious disease"
"bioplanet_1642","Recycling pathway of cell adhesion molecule L1","Organismal Systems:Development"
"bioplanet_1642","Recycling pathway of cell adhesion molecule L1","Stress response"
"bioplanet_1643","Reduction of cytosolic calcium levels","Circulatory system"
"bioplanet_1643","Reduction of cytosolic calcium levels","Hemostasis"
"bioplanet_1643","Reduction of cytosolic calcium levels","Stress response"
"bioplanet_1643","Reduction of cytosolic calcium levels","Transport"
"bioplanet_1644","Complement cascade regulation","Genetic disease"
"bioplanet_1644","Complement cascade regulation","Immune system"
"bioplanet_1644","Complement cascade regulation","Infectious disease"
"bioplanet_1644","Complement cascade regulation","Organismal Systems:Immune system"
"bioplanet_1645","Gene expression regulation by hypoxia-inducible factor","Circulatory system"
"bioplanet_1645","Gene expression regulation by hypoxia-inducible factor","Signal transduction:Stress Response"
"bioplanet_1645","Gene expression regulation by hypoxia-inducible factor","Stress response"
"bioplanet_1645","Gene expression regulation by hypoxia-inducible factor","Transcription"
"bioplanet_1645","Gene expression regulation by hypoxia-inducible factor","Translation"
"bioplanet_1646","Insulin secretion regulation by acetylcholine","Carbohydrate metabolism"
"bioplanet_1646","Insulin secretion regulation by acetylcholine","Endocrine system"
"bioplanet_1646","Insulin secretion regulation by acetylcholine","Metabolism"
"bioplanet_1646","Insulin secretion regulation by acetylcholine","Nervous system"
"bioplanet_1646","Insulin secretion regulation by acetylcholine","Stress response"
"bioplanet_1646","Insulin secretion regulation by acetylcholine","Transport"
"bioplanet_1647","Insulin secretion regulation by fatty acids bound to GPR40 (FFAR1)","Cardiovascular disease"
"bioplanet_1647","Insulin secretion regulation by fatty acids bound to GPR40 (FFAR1)","Endocrine system"
"bioplanet_1647","Insulin secretion regulation by fatty acids bound to GPR40 (FFAR1)","Lipid metabolism"
"bioplanet_1647","Insulin secretion regulation by fatty acids bound to GPR40 (FFAR1)","Metabolism"
"bioplanet_1647","Insulin secretion regulation by fatty acids bound to GPR40 (FFAR1)","Small molecule metabolism"
"bioplanet_1647","Insulin secretion regulation by fatty acids bound to GPR40 (FFAR1)","Transport"
"bioplanet_1648","Insulin secretion regulation by glucagon-like peptide-1","Carbohydrate metabolism"
"bioplanet_1648","Insulin secretion regulation by glucagon-like peptide-1","Cell proliferation"
"bioplanet_1648","Insulin secretion regulation by glucagon-like peptide-1","Endocrine and metabolic disease"
"bioplanet_1648","Insulin secretion regulation by glucagon-like peptide-1","Endocrine system"
"bioplanet_1648","Insulin secretion regulation by glucagon-like peptide-1","Metabolism"
"bioplanet_1648","Insulin secretion regulation by glucagon-like peptide-1","Nervous system"
"bioplanet_1648","Insulin secretion regulation by glucagon-like peptide-1","Small molecule metabolism"
"bioplanet_1649","Insulin-like growth factor (IGF) activity regulation by insulin-like growth factor binding proteins (IGFBPs)","Cancer"
"bioplanet_1649","Insulin-like growth factor (IGF) activity regulation by insulin-like growth factor binding proteins (IGFBPs)","Circulatory system"
"bioplanet_1649","Insulin-like growth factor (IGF) activity regulation by insulin-like growth factor binding proteins (IGFBPs)","Metabolism"
"bioplanet_1649","Insulin-like growth factor (IGF) activity regulation by insulin-like growth factor binding proteins (IGFBPs)","Stress response"
"bioplanet_165","MAP kinase inactivation of SMRT corepressor","Cell proliferation"
"bioplanet_165","MAP kinase inactivation of SMRT corepressor","CellSignaling"
"bioplanet_165","MAP kinase inactivation of SMRT corepressor","Immune system"
"bioplanet_165","MAP kinase inactivation of SMRT corepressor","Infectious disease"
"bioplanet_165","MAP kinase inactivation of SMRT corepressor","Protein modification"
"bioplanet_165","MAP kinase inactivation of SMRT corepressor","expression"
"bioplanet_1650","Pancreatic beta-cell development regulation","Cell differentiation"
"bioplanet_1650","Pancreatic beta-cell development regulation","Endocrine and metabolic disease"
"bioplanet_1650","Pancreatic beta-cell development regulation","Endocrine system"
"bioplanet_1650","Pancreatic beta-cell development regulation","Lipid metabolism"
"bioplanet_1650","Pancreatic beta-cell development regulation","Organismal Systems:Development"
"bioplanet_1651","Cytoskeletal remodeling regulation and cell spreading by IPP complex components","Cell growth"
"bioplanet_1651","Cytoskeletal remodeling regulation and cell spreading by IPP complex components","Cell motility"
"bioplanet_1651","Cytoskeletal remodeling regulation and cell spreading by IPP complex components","Cellular Processes:Cellular community"
"bioplanet_1652","Gene expression regulation in early pancreatic precursor cells","Endocrine and metabolic disease"
"bioplanet_1652","Gene expression regulation in early pancreatic precursor cells","Endocrine system"
"bioplanet_1652","Gene expression regulation in early pancreatic precursor cells","Organismal Systems:Development"
"bioplanet_1652","Gene expression regulation in early pancreatic precursor cells","Transcription"
"bioplanet_1652","Gene expression regulation in early pancreatic precursor cells","Translation"
"bioplanet_1653","Gene expression regulation in endocrine-committed (NEUROG3+) progenitor cells","Digestive system"
"bioplanet_1653","Gene expression regulation in endocrine-committed (NEUROG3+) progenitor cells","Endocrine and metabolic disease"
"bioplanet_1653","Gene expression regulation in endocrine-committed (NEUROG3+) progenitor cells","Endocrine system"
"bioplanet_1653","Gene expression regulation in endocrine-committed (NEUROG3+) progenitor cells","Organismal Systems:Development"
"bioplanet_1653","Gene expression regulation in endocrine-committed (NEUROG3+) progenitor cells","Transcription"
"bioplanet_1653","Gene expression regulation in endocrine-committed (NEUROG3+) progenitor cells","Translation"
"bioplanet_1654","Gene expression regulation in late stage pancreatic bud precursor cells","Cancer"
"bioplanet_1654","Gene expression regulation in late stage pancreatic bud precursor cells","Endocrine system"
"bioplanet_1654","Gene expression regulation in late stage pancreatic bud precursor cells","Excretory system"
"bioplanet_1654","Gene expression regulation in late stage pancreatic bud precursor cells","Nervous system"
"bioplanet_1654","Gene expression regulation in late stage pancreatic bud precursor cells","Organismal Systems:Development"
"bioplanet_1654","Gene expression regulation in late stage pancreatic bud precursor cells","Transcription"
"bioplanet_1654","Gene expression regulation in late stage pancreatic bud precursor cells","Translation"
"bioplanet_1655","Alpha defensins","Immune system"
"bioplanet_1655","Alpha defensins","Infectious disease"
"bioplanet_1655","Alpha defensins","Organismal Systems:Immune system"
"bioplanet_1656","Fanconi anemia pathway regulation","Circulatory system"
"bioplanet_1656","Fanconi anemia pathway regulation","DNA repair"
"bioplanet_1656","Fanconi anemia pathway regulation","Genetic Information Processing:Replication and repair"
"bioplanet_1656","Fanconi anemia pathway regulation","Genetic disease"
"bioplanet_1656","Fanconi anemia pathway regulation","Transport"
"bioplanet_1657","Resolution of AP sites via the single-nucleotide replacement pathway","DNA repair"
"bioplanet_1657","Resolution of AP sites via the single-nucleotide replacement pathway","DNA replication"
"bioplanet_1657","Resolution of AP sites via the single-nucleotide replacement pathway","Genetic Information Processing:Replication and repair"
"bioplanet_1657","Resolution of AP sites via the single-nucleotide replacement pathway","Nucleic acid metabolism"
"bioplanet_1658","Resolution of abasic sites (AP sites)","DNA repair"
"bioplanet_1658","Resolution of abasic sites (AP sites)","DNA replication"
"bioplanet_1658","Resolution of abasic sites (AP sites)","Genetic Information Processing:Replication and repair"
"bioplanet_1658","Resolution of abasic sites (AP sites)","Nucleic acid metabolism"
"bioplanet_1659","Response of Mycobacterium tuberculosis to phagocytosis","Cell division"
"bioplanet_1659","Response of Mycobacterium tuberculosis to phagocytosis","Human Diseases:Infectious diseases: Bacterial"
"bioplanet_1659","Response of Mycobacterium tuberculosis to phagocytosis","Immune system"
"bioplanet_1659","Response of Mycobacterium tuberculosis to phagocytosis","Infectious disease"
"bioplanet_166","eIF2 regulation","Cancer"
"bioplanet_166","eIF2 regulation","CellSignaling"
"bioplanet_166","eIF2 regulation","Neurological disease"
"bioplanet_166","eIF2 regulation","Protein modification"
"bioplanet_166","eIF2 regulation","Transcription"
"bioplanet_166","eIF2 regulation","Translation"
"bioplanet_166","eIF2 regulation","Transport"
"bioplanet_166","eIF2 regulation","expression"
"bioplanet_1660","Response to elevated platelet cytosolic calcium","Cardiovascular disease"
"bioplanet_1660","Response to elevated platelet cytosolic calcium","Circulatory system"
"bioplanet_1660","Response to elevated platelet cytosolic calcium","Hemostasis"
"bioplanet_1660","Response to elevated platelet cytosolic calcium","Infectious disease"
"bioplanet_1661","Amine oxidase reactions","Genetic disease"
"bioplanet_1661","Amine oxidase reactions","Metabolism"
"bioplanet_1661","Amine oxidase reactions","Neurological disease"
"bioplanet_1661","Amine oxidase reactions","Small molecule metabolism"
"bioplanet_1661","Amine oxidase reactions","Xenobiotic metabolism"
"bioplanet_1662","Sema3A/PAK-dependent axon repulsion","Cell motility"
"bioplanet_1662","Sema3A/PAK-dependent axon repulsion","Nervous system"
"bioplanet_1662","Sema3A/PAK-dependent axon repulsion","Organismal Systems:Development"
"bioplanet_1663","ERK1/ERK2 MAPK pathway","Cancer"
"bioplanet_1663","ERK1/ERK2 MAPK pathway","Cell proliferation"
"bioplanet_1663","ERK1/ERK2 MAPK pathway","CellSignaling"
"bioplanet_1663","ERK1/ERK2 MAPK pathway","Circulatory system"
"bioplanet_1663","ERK1/ERK2 MAPK pathway","Immune system"
"bioplanet_1663","ERK1/ERK2 MAPK pathway","Infectious disease"
"bioplanet_1663","ERK1/ERK2 MAPK pathway","Nervous system"
"bioplanet_1663","ERK1/ERK2 MAPK pathway","Reproduction"
"bioplanet_1664","JNK/MAPK pathway","Cancer"
"bioplanet_1664","JNK/MAPK pathway","Cell differentiation"
"bioplanet_1664","JNK/MAPK pathway","Cell proliferation"
"bioplanet_1664","JNK/MAPK pathway","CellSignaling"
"bioplanet_1664","JNK/MAPK pathway","Circulatory system"
"bioplanet_1664","JNK/MAPK pathway","Immune system"
"bioplanet_1664","JNK/MAPK pathway","Protein modification"
"bioplanet_1664","JNK/MAPK pathway","Stress response"
"bioplanet_1665","","CellSignaling"
"bioplanet_1666","cAMP receptor, G-protein-independent pathways inferred from amoeba model","Cancer"
"bioplanet_1666","cAMP receptor, G-protein-independent pathways inferred from amoeba model","Immune system"
"bioplanet_1666","cAMP receptor, G-protein-independent pathways inferred from amoeba model","Infectious disease"
"bioplanet_1666","cAMP receptor, G-protein-independent pathways inferred from amoeba model","Signal transduction"
"bioplanet_1667","Granule cell survival pathway","Cancer"
"bioplanet_1667","Granule cell survival pathway","Circulatory system"
"bioplanet_1667","Granule cell survival pathway","Endocrine system"
"bioplanet_1667","Granule cell survival pathway","Genetic disease"
"bioplanet_1667","Granule cell survival pathway","Nervous system"
"bioplanet_1667","Granule cell survival pathway","Signal transduction"
"bioplanet_1667","Granule cell survival pathway","Stress response"
"bioplanet_1668","Wnt/calcium/cyclic GMP pathway","Cancer"
"bioplanet_1668","Wnt/calcium/cyclic GMP pathway","Cell differentiation"
"bioplanet_1668","Wnt/calcium/cyclic GMP pathway","Nervous system"
"bioplanet_1668","Wnt/calcium/cyclic GMP pathway","Signal transduction"
"bioplanet_1668","Wnt/calcium/cyclic GMP pathway","Stress response"
"bioplanet_1669","Epidermal growth factor receptor (EGFR) pathway","Cancer"
"bioplanet_1669","Epidermal growth factor receptor (EGFR) pathway","Circulatory system"
"bioplanet_1669","Epidermal growth factor receptor (EGFR) pathway","Immune system"
"bioplanet_1669","Epidermal growth factor receptor (EGFR) pathway","Nervous system"
"bioplanet_1669","Epidermal growth factor receptor (EGFR) pathway","Signal transduction"
"bioplanet_1669","Epidermal growth factor receptor (EGFR) pathway","Stress response"
"bioplanet_167","Eukaryotic protein translation","CellSignaling"
"bioplanet_167","Eukaryotic protein translation","Translation"
"bioplanet_167","Eukaryotic protein translation","Transport"
"bioplanet_167","Eukaryotic protein translation","expression"
"bioplanet_1670","Fibroblast growth factor receptor pathway","Cancer"
"bioplanet_1670","Fibroblast growth factor receptor pathway","Cell proliferation"
"bioplanet_1670","Fibroblast growth factor receptor pathway","Circulatory system"
"bioplanet_1670","Fibroblast growth factor receptor pathway","Immune system"
"bioplanet_1670","Fibroblast growth factor receptor pathway","Musculoskeletal system"
"bioplanet_1670","Fibroblast growth factor receptor pathway","Nervous system"
"bioplanet_1670","Fibroblast growth factor receptor pathway","Protein modification"
"bioplanet_1670","Fibroblast growth factor receptor pathway","Reproduction"
"bioplanet_1670","Fibroblast growth factor receptor pathway","Signal transduction"
"bioplanet_1670","Fibroblast growth factor receptor pathway","Stress response"
"bioplanet_1671","HIF-1 degradation in normoxia","Cell death"
"bioplanet_1671","HIF-1 degradation in normoxia","Circulatory system"
"bioplanet_1671","HIF-1 degradation in normoxia","Signal transduction"
"bioplanet_1671","HIF-1 degradation in normoxia","Stress response"
"bioplanet_1671","HIF-1 degradation in normoxia","Transcriptional regulation"
"bioplanet_1672","PI3K class IB pathway","Cancer"
"bioplanet_1672","PI3K class IB pathway","Circulatory system"
"bioplanet_1672","PI3K class IB pathway","G-protein coupled receptor"
"bioplanet_1672","PI3K class IB pathway","Signal transduction"
"bioplanet_1673","PI3K class IB pathway in neutrophils","Cell differentiation"
"bioplanet_1673","PI3K class IB pathway in neutrophils","Cell proliferation"
"bioplanet_1673","PI3K class IB pathway in neutrophils","Circulatory system"
"bioplanet_1673","PI3K class IB pathway in neutrophils","G-protein coupled receptor"
"bioplanet_1673","PI3K class IB pathway in neutrophils","Immune system"
"bioplanet_1673","PI3K class IB pathway in neutrophils","Infectious disease"
"bioplanet_1673","PI3K class IB pathway in neutrophils","Signal transduction"
"bioplanet_1674","Cell differentiation by G alpha (i/o) pathway inferred from mouse Neuro2A model","Cell differentiation"
"bioplanet_1674","Cell differentiation by G alpha (i/o) pathway inferred from mouse Neuro2A model","Circulatory system"
"bioplanet_1674","Cell differentiation by G alpha (i/o) pathway inferred from mouse Neuro2A model","G-protein coupled receptor"
"bioplanet_1674","Cell differentiation by G alpha (i/o) pathway inferred from mouse Neuro2A model","Genetic disease"
"bioplanet_1674","Cell differentiation by G alpha (i/o) pathway inferred from mouse Neuro2A model","Immune system"
"bioplanet_1674","Cell differentiation by G alpha (i/o) pathway inferred from mouse Neuro2A model","Nervous system"
"bioplanet_1674","Cell differentiation by G alpha (i/o) pathway inferred from mouse Neuro2A model","Signal transduction"
"bioplanet_1674","Cell differentiation by G alpha (i/o) pathway inferred from mouse Neuro2A model","Stress response"
"bioplanet_1675","Interleukin-1 signaling pathway","Cardiovascular disease"
"bioplanet_1675","Interleukin-1 signaling pathway","Cell differentiation"
"bioplanet_1675","Interleukin-1 signaling pathway","Cell motility"
"bioplanet_1675","Interleukin-1 signaling pathway","Cell proliferation"
"bioplanet_1675","Interleukin-1 signaling pathway","Immune system"
"bioplanet_1675","Interleukin-1 signaling pathway","Infectious disease"
"bioplanet_1675","Interleukin-1 signaling pathway","Organismal Systems:Immune system"
"bioplanet_1675","Interleukin-1 signaling pathway","Signal transduction"
"bioplanet_1675","Interleukin-1 signaling pathway","Stress response"
"bioplanet_1676","Interleukin-1-beta (IL-1b) processing pathway","Cell death"
"bioplanet_1676","Interleukin-1-beta (IL-1b) processing pathway","Cell motility"
"bioplanet_1676","Interleukin-1-beta (IL-1b) processing pathway","Immune disease"
"bioplanet_1676","Interleukin-1-beta (IL-1b) processing pathway","Immune system"
"bioplanet_1676","Interleukin-1-beta (IL-1b) processing pathway","Organismal Systems:Immune system"
"bioplanet_1676","Interleukin-1-beta (IL-1b) processing pathway","Signal transduction"
"bioplanet_1677","","Signal transduction"
"bioplanet_1678","PI3K pathway","Cancer"
"bioplanet_1678","PI3K pathway","Cell differentiation"
"bioplanet_1678","PI3K pathway","Cell growth"
"bioplanet_1678","PI3K pathway","Cell motility"
"bioplanet_1678","PI3K pathway","Cell proliferation"
"bioplanet_1678","PI3K pathway","G-protein coupled receptor"
"bioplanet_1678","PI3K pathway","Signal transduction"
"bioplanet_1678","PI3K pathway","Transport"
"bioplanet_1679","G alpha s pathway","Cancer"
"bioplanet_1679","G alpha s pathway","Cardiovascular disease"
"bioplanet_1679","G alpha s pathway","Circulatory system"
"bioplanet_1679","G alpha s pathway","G-protein coupled receptor"
"bioplanet_1679","G alpha s pathway","Genetic disease"
"bioplanet_1679","G alpha s pathway","Infectious disease"
"bioplanet_1679","G alpha s pathway","Signal transduction:GPCRs"
"bioplanet_1679","G alpha s pathway","Small molecule metabolism"
"bioplanet_168","NFAT involvement in hypertrophy of the heart","Cardiovascular disease"
"bioplanet_168","NFAT involvement in hypertrophy of the heart","CellSignaling"
"bioplanet_168","NFAT involvement in hypertrophy of the heart","Circulatory system"
"bioplanet_168","NFAT involvement in hypertrophy of the heart","Stress response"
"bioplanet_168","NFAT involvement in hypertrophy of the heart","Transport"
"bioplanet_168","NFAT involvement in hypertrophy of the heart","expression"
"bioplanet_1680","G alpha q pathway","Cardiovascular disease"
"bioplanet_1680","G alpha q pathway","Endocrine and metabolic disease"
"bioplanet_1680","G alpha q pathway","G-protein coupled receptor"
"bioplanet_1680","G alpha q pathway","Immune disease"
"bioplanet_1680","G alpha q pathway","Signal transduction:GPCRs"
"bioplanet_1681","","Organismal Systems:Immune system"
"bioplanet_1682","Estrogen receptor transcription factor targets","Cancer"
"bioplanet_1682","Estrogen receptor transcription factor targets","Chronology"
"bioplanet_1682","Estrogen receptor transcription factor targets","Endocrine system"
"bioplanet_1682","Estrogen receptor transcription factor targets","Organismal Systems:Endocrine system"
"bioplanet_1682","Estrogen receptor transcription factor targets","Reproduction"
"bioplanet_1682","Estrogen receptor transcription factor targets","Transcription"
"bioplanet_1682","Estrogen receptor transcription factor targets","Transcriptional regulation"
"bioplanet_1683","Tumor necrosis factor (TNF) pathway","Cancer"
"bioplanet_1683","Tumor necrosis factor (TNF) pathway","Cell death"
"bioplanet_1683","Tumor necrosis factor (TNF) pathway","Circulatory system"
"bioplanet_1683","Tumor necrosis factor (TNF) pathway","Immune system"
"bioplanet_1683","Tumor necrosis factor (TNF) pathway","Signal transduction"
"bioplanet_1683","Tumor necrosis factor (TNF) pathway","Stress response"
"bioplanet_1683","Tumor necrosis factor (TNF) pathway","Transcriptional regulation"
"bioplanet_1684","G alpha i pathway","Cardiovascular disease"
"bioplanet_1684","G alpha i pathway","Circulatory system"
"bioplanet_1684","G alpha i pathway","G-protein coupled receptor"
"bioplanet_1684","G alpha i pathway","Infectious disease"
"bioplanet_1684","G alpha i pathway","Reproduction"
"bioplanet_1684","G alpha i pathway","Signal transduction:GPCRs"
"bioplanet_1684","G alpha i pathway","Transport"
"bioplanet_1685","","Organismal Systems:Immune system"
"bioplanet_1685","","Signal transduction"
"bioplanet_1686","Interleukin-13 (IL13) pathway","Cell death"
"bioplanet_1686","Interleukin-13 (IL13) pathway","Immune disease"
"bioplanet_1686","Interleukin-13 (IL13) pathway","Immune system"
"bioplanet_1686","Interleukin-13 (IL13) pathway","Organismal Systems:Immune system"
"bioplanet_1686","Interleukin-13 (IL13) pathway","Signal transduction"
"bioplanet_1687","cAMP cell motility pathway inferred from amoeba model","Cancer"
"bioplanet_1687","cAMP cell motility pathway inferred from amoeba model","Cell motility"
"bioplanet_1687","cAMP cell motility pathway inferred from amoeba model","Cellular Processes:Cell motility"
"bioplanet_1687","cAMP cell motility pathway inferred from amoeba model","Circulatory system"
"bioplanet_1687","cAMP cell motility pathway inferred from amoeba model","Immune disease"
"bioplanet_1687","cAMP cell motility pathway inferred from amoeba model","Immune system"
"bioplanet_1687","cAMP cell motility pathway inferred from amoeba model","Infectious disease"
"bioplanet_1687","cAMP cell motility pathway inferred from amoeba model","Nervous system"
"bioplanet_1687","cAMP cell motility pathway inferred from amoeba model","Nucleic acid metabolism"
"bioplanet_1687","cAMP cell motility pathway inferred from amoeba model","Small molecule metabolism"
"bioplanet_1688","G alpha 12 pathway","Cancer"
"bioplanet_1688","G alpha 12 pathway","Cardiovascular disease"
"bioplanet_1688","G alpha 12 pathway","Circulatory system"
"bioplanet_1688","G alpha 12 pathway","G-protein coupled receptor"
"bioplanet_1688","G alpha 12 pathway","Nervous system"
"bioplanet_1688","G alpha 12 pathway","Reproduction"
"bioplanet_1688","G alpha 12 pathway","Signal transduction:GPCRs"
"bioplanet_1688","G alpha 12 pathway","Stress response"
"bioplanet_1688","G alpha 12 pathway","Transcription"
"bioplanet_1688","G alpha 12 pathway","Transport"
"bioplanet_1689","Differentiation pathway in PC12 cells","Cancer"
"bioplanet_1689","Differentiation pathway in PC12 cells","Cell differentiation"
"bioplanet_1689","Differentiation pathway in PC12 cells","Endocrine system"
"bioplanet_1689","Differentiation pathway in PC12 cells","Immune system"
"bioplanet_1689","Differentiation pathway in PC12 cells","Infectious disease"
"bioplanet_1689","Differentiation pathway in PC12 cells","Organismal Systems:Development"
"bioplanet_1689","Differentiation pathway in PC12 cells","Transport"
"bioplanet_169","NF-kappaB signaling pathway","Cancer"
"bioplanet_169","NF-kappaB signaling pathway","Cell death"
"bioplanet_169","NF-kappaB signaling pathway","Cell differentiation"
"bioplanet_169","NF-kappaB signaling pathway","CellSignaling"
"bioplanet_169","NF-kappaB signaling pathway","Infectious disease"
"bioplanet_169","NF-kappaB signaling pathway","Stress response"
"bioplanet_169","NF-kappaB signaling pathway","expression"
"bioplanet_1690","PAC1 receptor pathway","Digestive system"
"bioplanet_1690","PAC1 receptor pathway","Endocrine system"
"bioplanet_1690","PAC1 receptor pathway","Nervous system"
"bioplanet_1690","PAC1 receptor pathway","Reproduction"
"bioplanet_1690","PAC1 receptor pathway","Signal transduction"
"bioplanet_1690","PAC1 receptor pathway","Transport"
"bioplanet_1691","Type I interferon (interferon-alpha/beta) pathway","Cancer"
"bioplanet_1691","Type I interferon (interferon-alpha/beta) pathway","Immune disease"
"bioplanet_1691","Type I interferon (interferon-alpha/beta) pathway","Immune system"
"bioplanet_1691","Type I interferon (interferon-alpha/beta) pathway","Infectious disease"
"bioplanet_1691","Type I interferon (interferon-alpha/beta) pathway","Organismal Systems:Immune system"
"bioplanet_1692","Adrenergic pathway","Cancer"
"bioplanet_1692","Adrenergic pathway","Cardiovascular disease"
"bioplanet_1692","Adrenergic pathway","Circulatory system"
"bioplanet_1692","Adrenergic pathway","G-protein coupled receptor"
"bioplanet_1692","Adrenergic pathway","Nervous system"
"bioplanet_1692","Adrenergic pathway","Neurological disease"
"bioplanet_1692","Adrenergic pathway","Signal transduction:GPCRs"
"bioplanet_1692","Adrenergic pathway","Transport"
"bioplanet_1693","G alpha 13 pathway","Cancer"
"bioplanet_1693","G alpha 13 pathway","G-protein coupled receptor"
"bioplanet_1693","G alpha 13 pathway","Immune system"
"bioplanet_1693","G alpha 13 pathway","Infectious disease"
"bioplanet_1693","G alpha 13 pathway","Signal transduction:GPCRs"
"bioplanet_1693","G alpha 13 pathway","Small molecule metabolism"
"bioplanet_1694","Myocyte adrenergic pathway","Cardiovascular disease"
"bioplanet_1694","Myocyte adrenergic pathway","Circulatory system"
"bioplanet_1694","Myocyte adrenergic pathway","Nervous system"
"bioplanet_1694","Myocyte adrenergic pathway","Organismal Systems:Circulatory system"
"bioplanet_1695","STAT3 pathway","Cancer"
"bioplanet_1695","STAT3 pathway","CellSignaling"
"bioplanet_1695","STAT3 pathway","Circulatory system"
"bioplanet_1695","STAT3 pathway","CytokinesChemokines"
"bioplanet_1695","STAT3 pathway","Endocrine and metabolic disease"
"bioplanet_1695","STAT3 pathway","Immune system"
"bioplanet_1695","STAT3 pathway","Infectious disease"
"bioplanet_1695","STAT3 pathway","Stress response"
"bioplanet_1695","STAT3 pathway","expression"
"bioplanet_1696","","CellSignaling"
"bioplanet_1696","","CytokinesChemokines"
"bioplanet_1696","","Immunology"
"bioplanet_1697","","Signal transduction"
"bioplanet_1698","Translation factors","Genetic Information Processing:Translation"
"bioplanet_1698","Translation factors","RNA processing"
"bioplanet_1698","Translation factors","Translation"
"bioplanet_1698","Translation factors","Transport"
"bioplanet_1699","Non-class A, B, C GPCRs","G-protein coupled receptor"
"bioplanet_1699","Non-class A, B, C GPCRs","Immune disease"
"bioplanet_1699","Non-class A, B, C GPCRs","Nervous system"
"bioplanet_1699","Non-class A, B, C GPCRs","Neurological disease"
"bioplanet_1699","Non-class A, B, C GPCRs","Signal transduction:GPCRs"
"bioplanet_17","HIV-1 Nef as negative effector of Fas and TNF","Apoptosis"
"bioplanet_17","HIV-1 Nef as negative effector of Fas and TNF","Cell death"
"bioplanet_17","HIV-1 Nef as negative effector of Fas and TNF","Circulatory system"
"bioplanet_17","HIV-1 Nef as negative effector of Fas and TNF","Immune system"
"bioplanet_17","HIV-1 Nef as negative effector of Fas and TNF","Infectious disease"
"bioplanet_170","Degradation of the RAR/RXR heterodimer by the proteasome","Cancer"
"bioplanet_170","Degradation of the RAR/RXR heterodimer by the proteasome","CellSignaling"
"bioplanet_170","Degradation of the RAR/RXR heterodimer by the proteasome","Neurological disease"
"bioplanet_170","Degradation of the RAR/RXR heterodimer by the proteasome","Protein folding, sorting and degradation"
"bioplanet_170","Degradation of the RAR/RXR heterodimer by the proteasome","Transcription"
"bioplanet_170","Degradation of the RAR/RXR heterodimer by the proteasome","Transcriptional regulation"
"bioplanet_170","Degradation of the RAR/RXR heterodimer by the proteasome","Translation"
"bioplanet_170","Degradation of the RAR/RXR heterodimer by the proteasome","expression"
"bioplanet_1700","Matrix metalloproteinases","Adhesion"
"bioplanet_1700","Matrix metalloproteinases","Cancer"
"bioplanet_1701","Phase I of biological oxidations: non-cytochrome P450 enzymes","Lipid metabolism"
"bioplanet_1701","Phase I of biological oxidations: non-cytochrome P450 enzymes","Metabolism:Xenobiotics biodegradation and metabolism"
"bioplanet_1701","Phase I of biological oxidations: non-cytochrome P450 enzymes","Small molecule metabolism"
"bioplanet_1701","Phase I of biological oxidations: non-cytochrome P450 enzymes","Xenobiotic metabolism"
"bioplanet_1702","Fatty acid beta oxidation","Endocrine and metabolic disease"
"bioplanet_1702","Fatty acid beta oxidation","Genetic disease"
"bioplanet_1702","Fatty acid beta oxidation","Lipid metabolism"
"bioplanet_1702","Fatty acid beta oxidation","Metabolism"
"bioplanet_1702","Fatty acid beta oxidation","Small molecule metabolism"
"bioplanet_1703","","Human Diseases:Infectious diseases: Bacterial"
"bioplanet_1704","Selenium pathway","Metabolism"
"bioplanet_1704","Selenium pathway","Small molecule metabolism"
"bioplanet_1704","Selenium pathway","Transport"
"bioplanet_1705","Physiological and pathological hypertrophy  of the heart","Cardiovascular disease"
"bioplanet_1705","Physiological and pathological hypertrophy  of the heart","Circulatory system"
"bioplanet_1705","Physiological and pathological hypertrophy  of the heart","Human Diseases:Cardiovascular diseases"
"bioplanet_1705","Physiological and pathological hypertrophy  of the heart","Immune system"
"bioplanet_1705","Physiological and pathological hypertrophy  of the heart","Transcription"
"bioplanet_1707","Angiogenesis","Cancer"
"bioplanet_1707","Angiogenesis","Cell differentiation"
"bioplanet_1707","Angiogenesis","Circulatory system"
"bioplanet_1707","Angiogenesis","Endocrine system"
"bioplanet_1707","Angiogenesis","Infectious disease"
"bioplanet_1707","Angiogenesis","Musculoskeletal system"
"bioplanet_1707","Angiogenesis","Nervous system"
"bioplanet_1707","Angiogenesis","Organismal Systems:Development"
"bioplanet_1707","Angiogenesis","Reproduction"
"bioplanet_1707","Angiogenesis","Signal transduction"
"bioplanet_1707","Angiogenesis","Small molecule metabolism"
"bioplanet_1707","Angiogenesis","Stress response"
"bioplanet_1708","Heart development","Cardiovascular disease"
"bioplanet_1708","Heart development","Cell proliferation"
"bioplanet_1708","Heart development","Circulatory system"
"bioplanet_1708","Heart development","Genetic disease"
"bioplanet_1708","Heart development","Organismal Systems:Development"
"bioplanet_1708","Heart development","Reproduction"
"bioplanet_1709","Fluoropyrimidine activity","Cancer"
"bioplanet_1709","Fluoropyrimidine activity","DNA repair"
"bioplanet_1709","Fluoropyrimidine activity","Drug Development:Chronology: Antineoplastics"
"bioplanet_1709","Fluoropyrimidine activity","Nucleic acid metabolism"
"bioplanet_1709","Fluoropyrimidine activity","Small molecule metabolism"
"bioplanet_1709","Fluoropyrimidine activity","Transport"
"bioplanet_171","Chromatin remodeling by nuclear receptors to facilitate initiation of transcription in carcinoma cells","Cancer"
"bioplanet_171","Chromatin remodeling by nuclear receptors to facilitate initiation of transcription in carcinoma cells","Cell division"
"bioplanet_171","Chromatin remodeling by nuclear receptors to facilitate initiation of transcription in carcinoma cells","CellSignaling"
"bioplanet_171","Chromatin remodeling by nuclear receptors to facilitate initiation of transcription in carcinoma cells","Transcription"
"bioplanet_171","Chromatin remodeling by nuclear receptors to facilitate initiation of transcription in carcinoma cells","expression"
"bioplanet_1710","Nicotine activity on dopaminergic neurons","Human Diseases:Substance dependence"
"bioplanet_1710","Nicotine activity on dopaminergic neurons","Nervous system"
"bioplanet_1710","Nicotine activity on dopaminergic neurons","Neurological disease"
"bioplanet_1710","Nicotine activity on dopaminergic neurons","Stress response"
"bioplanet_1710","Nicotine activity on dopaminergic neurons","Substance dependence"
"bioplanet_1710","Nicotine activity on dopaminergic neurons","Transport"
"bioplanet_1711","Nicotine activity on chromaffin cells","Hepatotoxicity"
"bioplanet_1711","Nicotine activity on chromaffin cells","Human Diseases:Substance dependence"
"bioplanet_1711","Nicotine activity on chromaffin cells","Nervous system"
"bioplanet_1711","Nicotine activity on chromaffin cells","Neurological disease"
"bioplanet_1711","Nicotine activity on chromaffin cells","Substance dependence"
"bioplanet_1712","Nuclear receptors","Environmental adaptation"
"bioplanet_1712","Nuclear receptors","Nuclear receptor"
"bioplanet_1712","Nuclear receptors","Reproduction"
"bioplanet_1712","Nuclear receptors","Signal transduction:NR"
"bioplanet_1712","Nuclear receptors","Transcription"
"bioplanet_1712","Nuclear receptors","Transcriptional regulation"
"bioplanet_1713","","CellActivation"
"bioplanet_1713","","Immunology"
"bioplanet_1714","TP53 network","Cancer"
"bioplanet_1714","TP53 network","Cell death"
"bioplanet_1714","TP53 network","Cell proliferation"
"bioplanet_1714","TP53 network","Cellular Processes:Cell growth and death"
"bioplanet_1714","TP53 network","DNA repair"
"bioplanet_1714","TP53 network","Immune system"
"bioplanet_1714","TP53 network","Stress response"
"bioplanet_1715","Peroxisomal beta-oxidation of tetracosanoyl-CoA","Lipid metabolism"
"bioplanet_1715","Peroxisomal beta-oxidation of tetracosanoyl-CoA","Metabolism:Lipid metabolism"
"bioplanet_1715","Peroxisomal beta-oxidation of tetracosanoyl-CoA","Small molecule metabolism"
"bioplanet_1715","Peroxisomal beta-oxidation of tetracosanoyl-CoA","Transport"
"bioplanet_1716","SRF and microRNAs in smooth muscle differentiation and proliferation","Cell differentiation"
"bioplanet_1716","SRF and microRNAs in smooth muscle differentiation and proliferation","Cell proliferation"
"bioplanet_1716","SRF and microRNAs in smooth muscle differentiation and proliferation","Circulatory system"
"bioplanet_1716","SRF and microRNAs in smooth muscle differentiation and proliferation","Digestive system"
"bioplanet_1716","SRF and microRNAs in smooth muscle differentiation and proliferation","Genetic Information Processing: Translation"
"bioplanet_1716","SRF and microRNAs in smooth muscle differentiation and proliferation","Musculoskeletal system"
"bioplanet_1716","SRF and microRNAs in smooth muscle differentiation and proliferation","Organismal Systems:Development"
"bioplanet_1717","","Genetic Information Processing:Translation"
"bioplanet_1718","MAPK cascade role in angiogenesis","Cancer"
"bioplanet_1718","MAPK cascade role in angiogenesis","Cell differentiation"
"bioplanet_1718","MAPK cascade role in angiogenesis","Circulatory system"
"bioplanet_1718","MAPK cascade role in angiogenesis","Organismal Systems:Development"
"bioplanet_1718","MAPK cascade role in angiogenesis","Signal transduction"
"bioplanet_1718","MAPK cascade role in angiogenesis","Stress response"
"bioplanet_1719","Nitric oxide effects","Cardiovascular disease"
"bioplanet_1719","Nitric oxide effects","CellActivation"
"bioplanet_1719","Nitric oxide effects","Circulatory system"
"bioplanet_1719","Nitric oxide effects","Small molecule metabolism"
"bioplanet_172","Acetylation and deacetylation of RelA in the nucleus","Cardiovascular disease"
"bioplanet_172","Acetylation and deacetylation of RelA in the nucleus","Cell death"
"bioplanet_172","Acetylation and deacetylation of RelA in the nucleus","Cell differentiation"
"bioplanet_172","Acetylation and deacetylation of RelA in the nucleus","CellSignaling"
"bioplanet_172","Acetylation and deacetylation of RelA in the nucleus","Neurological disease"
"bioplanet_172","Acetylation and deacetylation of RelA in the nucleus","Stress response"
"bioplanet_172","Acetylation and deacetylation of RelA in the nucleus","expression"
"bioplanet_1720","","Genetic Information Processing:Translation"
"bioplanet_1721","","Genetic Information Processing:Translation"
"bioplanet_1722","","Genetic Information Processing:Translation"
"bioplanet_1723","","Genetic Information Processing:Translation"
"bioplanet_1724","","Genetic Information Processing:Translation"
"bioplanet_1725","SREBF and miR-33 in cholesterol and lipid homeostasis","Digestive system"
"bioplanet_1725","SREBF and miR-33 in cholesterol and lipid homeostasis","Endocrine and metabolic disease"
"bioplanet_1725","SREBF and miR-33 in cholesterol and lipid homeostasis","Endocrine system"
"bioplanet_1725","SREBF and miR-33 in cholesterol and lipid homeostasis","Lipid metabolism"
"bioplanet_1725","SREBF and miR-33 in cholesterol and lipid homeostasis","Metabolism:Lipid metabolism"
"bioplanet_1725","SREBF and miR-33 in cholesterol and lipid homeostasis","Small molecule metabolism"
"bioplanet_1725","SREBF and miR-33 in cholesterol and lipid homeostasis","Stress response"
"bioplanet_1726","MicroRNAs in muscle cell differentiation","Cell differentiation"
"bioplanet_1726","MicroRNAs in muscle cell differentiation","Circulatory system"
"bioplanet_1726","MicroRNAs in muscle cell differentiation","Genetic Information Processing: Translation"
"bioplanet_1726","MicroRNAs in muscle cell differentiation","Musculoskeletal system"
"bioplanet_1726","MicroRNAs in muscle cell differentiation","Nucleic acid metabolism"
"bioplanet_1726","MicroRNAs in muscle cell differentiation","Organismal Systems:Development"
"bioplanet_1726","MicroRNAs in muscle cell differentiation","Stress response"
"bioplanet_1726","MicroRNAs in muscle cell differentiation","Transcriptional regulation"
"bioplanet_1727","Cell differentiation pathway","Cancer"
"bioplanet_1727","Cell differentiation pathway","Cell differentiation"
"bioplanet_1727","Cell differentiation pathway","Organismal Systems:Development"
"bioplanet_1727","Cell differentiation pathway","Reproduction"
"bioplanet_1727","Cell differentiation pathway","Stress response"
"bioplanet_1728","","Organismal Systems:Development"
"bioplanet_1729","Fatty acid omega oxidation","Cancer"
"bioplanet_1729","Fatty acid omega oxidation","Digestive system"
"bioplanet_1729","Fatty acid omega oxidation","Lipid metabolism"
"bioplanet_1729","Fatty acid omega oxidation","Metabolism"
"bioplanet_173","G-protein signaling through tubby proteins","CellSignaling"
"bioplanet_173","G-protein signaling through tubby proteins","G-protein coupled receptor"
"bioplanet_173","G-protein signaling through tubby proteins","Nervous system"
"bioplanet_173","G-protein signaling through tubby proteins","Protein modification"
"bioplanet_173","G-protein signaling through tubby proteins","expression"
"bioplanet_1730","Neural crest differentiation","Cancer"
"bioplanet_1730","Neural crest differentiation","Genetic disease"
"bioplanet_1730","Neural crest differentiation","Musculoskeletal system"
"bioplanet_1730","Neural crest differentiation","Nervous system"
"bioplanet_1730","Neural crest differentiation","Organismal Systems:Development"
"bioplanet_1731","Irinotecan pathway","Drug Development:Chronology: Antineoplastics"
"bioplanet_1731","Irinotecan pathway","Endocrine and metabolic disease"
"bioplanet_1731","Irinotecan pathway","Small molecule metabolism"
"bioplanet_1731","Irinotecan pathway","Xenobiotic metabolism"
"bioplanet_1732","Adipogenesis","Cancer"
"bioplanet_1732","Adipogenesis","Chronology"
"bioplanet_1732","Adipogenesis","Endocrine and metabolic disease"
"bioplanet_1732","Adipogenesis","Infectious disease"
"bioplanet_1732","Adipogenesis","Lipid metabolism"
"bioplanet_1732","Adipogenesis","Organismal Systems:Development"
"bioplanet_1732","Adipogenesis","Signal transduction"
"bioplanet_1732","Adipogenesis","Small molecule metabolism"
"bioplanet_1732","Adipogenesis","Stress response"
"bioplanet_1733","","Signal transduction:GPCRs"
"bioplanet_1734","Small ligand GPCRs","G-protein coupled receptor"
"bioplanet_1734","Small ligand GPCRs","Nervous system"
"bioplanet_1734","Small ligand GPCRs","Signal transduction:GPCRs"
"bioplanet_1735","Nifedipine activity","Cancer"
"bioplanet_1735","Nifedipine activity","Cardiovascular disease"
"bioplanet_1735","Nifedipine activity","Circulatory system"
"bioplanet_1735","Nifedipine activity","Drug Development:Target-based classification: Ion channels"
"bioplanet_1735","Nifedipine activity","Small molecule metabolism"
"bioplanet_1735","Nifedipine activity","Xenobiotic metabolism"
"bioplanet_1736","Blood clotting cascade","Cardiovascular disease"
"bioplanet_1736","Blood clotting cascade","Circulatory system"
"bioplanet_1736","Blood clotting cascade","Hemostasis"
"bioplanet_1737","NOD-like receptor (NLR) proteins","Cancer"
"bioplanet_1737","NOD-like receptor (NLR) proteins","Human Diseases:Infectious diseases: Bacterial"
"bioplanet_1737","NOD-like receptor (NLR) proteins","Immune system"
"bioplanet_1737","NOD-like receptor (NLR) proteins","Infectious disease"
"bioplanet_1738","Myometrial relaxation and contraction pathways","Human Diseases"
"bioplanet_1738","Myometrial relaxation and contraction pathways","Musculoskeletal system"
"bioplanet_1738","Myometrial relaxation and contraction pathways","Nervous system"
"bioplanet_1738","Myometrial relaxation and contraction pathways","Reproduction"
"bioplanet_1738","Myometrial relaxation and contraction pathways","Signal transduction"
"bioplanet_1739","Keap1-Nrf2 pathway","Cancer"
"bioplanet_1739","Keap1-Nrf2 pathway","CellSignaling"
"bioplanet_1739","Keap1-Nrf2 pathway","Small molecule metabolism"
"bioplanet_1739","Keap1-Nrf2 pathway","Stress response"
"bioplanet_1739","Keap1-Nrf2 pathway","expression"
"bioplanet_174","PGC-1a regulation","CellSignaling"
"bioplanet_174","PGC-1a regulation","Circulatory system"
"bioplanet_174","PGC-1a regulation","Energy metabolism"
"bioplanet_174","PGC-1a regulation","Liver toxicity"
"bioplanet_174","PGC-1a regulation","Neurological disease"
"bioplanet_174","PGC-1a regulation","Stress response"
"bioplanet_174","PGC-1a regulation","expression"
"bioplanet_1740","FAS pathway and stress induction of heat shock protein regulation","Cancer"
"bioplanet_1740","FAS pathway and stress induction of heat shock protein regulation","Cardiovascular disease"
"bioplanet_1740","FAS pathway and stress induction of heat shock protein regulation","Cell death"
"bioplanet_1740","FAS pathway and stress induction of heat shock protein regulation","Circulatory system"
"bioplanet_1740","FAS pathway and stress induction of heat shock protein regulation","Immune system"
"bioplanet_1740","FAS pathway and stress induction of heat shock protein regulation","Infectious disease"
"bioplanet_1740","FAS pathway and stress induction of heat shock protein regulation","Nervous system"
"bioplanet_1740","FAS pathway and stress induction of heat shock protein regulation","Signal transduction:Stress Response"
"bioplanet_1740","FAS pathway and stress induction of heat shock protein regulation","Stress response"
"bioplanet_1741","","Signal transduction:GPCRs"
"bioplanet_1742","Ovarian infertility genes","Human Diseases"
"bioplanet_1742","Ovarian infertility genes","Reproduction"
"bioplanet_1742","Ovarian infertility genes","Stress response"
"bioplanet_1743","Mitochondrial fatty acid beta-oxidation","Endocrine and metabolic disease"
"bioplanet_1743","Mitochondrial fatty acid beta-oxidation","Energy metabolism"
"bioplanet_1743","Mitochondrial fatty acid beta-oxidation","Lipid metabolism"
"bioplanet_1743","Mitochondrial fatty acid beta-oxidation","Metabolism:Lipid metabolism"
"bioplanet_1743","Mitochondrial fatty acid beta-oxidation","Small molecule metabolism"
"bioplanet_1744","Striated muscle contraction","Cell growth"
"bioplanet_1744","Striated muscle contraction","Cell proliferation"
"bioplanet_1744","Striated muscle contraction","Circulatory system"
"bioplanet_1744","Striated muscle contraction","Muscle Contraction"
"bioplanet_1744","Striated muscle contraction","Musculoskeletal system"
"bioplanet_1745","Mitochondrial gene expression","Cell growth"
"bioplanet_1745","Mitochondrial gene expression","Energy metabolism"
"bioplanet_1745","Mitochondrial gene expression","Genetic Information Processing: Transcription"
"bioplanet_1745","Mitochondrial gene expression","Neurological disease"
"bioplanet_1745","Mitochondrial gene expression","Transcription"
"bioplanet_1745","Mitochondrial gene expression","Transcriptional regulation"
"bioplanet_1745","Mitochondrial gene expression","Translation"
"bioplanet_1746","Eukaryotic transcription initiation","Genetic Information Processing: Transcription"
"bioplanet_1746","Eukaryotic transcription initiation","Genetic disease"
"bioplanet_1746","Eukaryotic transcription initiation","Nucleic acid metabolism"
"bioplanet_1746","Eukaryotic transcription initiation","RNA processing"
"bioplanet_1746","Eukaryotic transcription initiation","Transcription"
"bioplanet_1746","Eukaryotic transcription initiation","Transcriptional regulation"
"bioplanet_1746","Eukaryotic transcription initiation","Transport"
"bioplanet_1747","Oxidative stress","Cardiovascular disease"
"bioplanet_1747","Oxidative stress","Circulatory system"
"bioplanet_1747","Oxidative stress","Signal transduction:Stress Response"
"bioplanet_1747","Oxidative stress","Small molecule metabolism"
"bioplanet_1747","Oxidative stress","Stress response"
"bioplanet_1747","Oxidative stress","Transcription"
"bioplanet_1748","","Signal transduction"
"bioplanet_1749","Cytochrome P450 pathway","Genetic disease"
"bioplanet_1749","Cytochrome P450 pathway","Hepatotoxicity"
"bioplanet_1749","Cytochrome P450 pathway","Lipid metabolism"
"bioplanet_1749","Cytochrome P450 pathway","Metabolism:Xenobiotics biodegradation and metabolism"
"bioplanet_1749","Cytochrome P450 pathway","Small molecule metabolism"
"bioplanet_1749","Cytochrome P450 pathway","Xenobiotic metabolism"
"bioplanet_175","CREB transcription factor and its extracellular signals","Cancer"
"bioplanet_175","CREB transcription factor and its extracellular signals","Cardiovascular disease"
"bioplanet_175","CREB transcription factor and its extracellular signals","Cell motility"
"bioplanet_175","CREB transcription factor and its extracellular signals","CellSignaling"
"bioplanet_175","CREB transcription factor and its extracellular signals","Circulatory system"
"bioplanet_175","CREB transcription factor and its extracellular signals","Endocrine system"
"bioplanet_175","CREB transcription factor and its extracellular signals","Immune system"
"bioplanet_175","CREB transcription factor and its extracellular signals","Nervous system"
"bioplanet_175","CREB transcription factor and its extracellular signals","Neuroscience"
"bioplanet_175","CREB transcription factor and its extracellular signals","Stress response"
"bioplanet_175","CREB transcription factor and its extracellular signals","Transcription"
"bioplanet_175","CREB transcription factor and its extracellular signals","Transport"
"bioplanet_175","CREB transcription factor and its extracellular signals","expression"
"bioplanet_1750","Statin pathway","Cardiovascular disease"
"bioplanet_1750","Statin pathway","Digestive system"
"bioplanet_1750","Statin pathway","Drug Development:Target-based classification: Enzymes"
"bioplanet_1750","Statin pathway","Genetic disease"
"bioplanet_1750","Statin pathway","Lipid metabolism"
"bioplanet_1750","Statin pathway","Small molecule metabolism"
"bioplanet_1750","Statin pathway","Transport"
"bioplanet_1751","","Genetic Information Processing:Replication and repair"
"bioplanet_1752","Inflammatory response pathway","CellSignaling"
"bioplanet_1752","Inflammatory response pathway","CytokinesChemokines"
"bioplanet_1752","Inflammatory response pathway","Immune disease"
"bioplanet_1752","Inflammatory response pathway","Immune system"
"bioplanet_1752","Inflammatory response pathway","Infectious disease"
"bioplanet_1753","Class A GPCRs (rhodopsin-like)","G-protein coupled receptor"
"bioplanet_1753","Class A GPCRs (rhodopsin-like)","Nervous system"
"bioplanet_1753","Class A GPCRs (rhodopsin-like)","Neurological disease"
"bioplanet_1753","Class A GPCRs (rhodopsin-like)","Sensory system"
"bioplanet_1753","Class A GPCRs (rhodopsin-like)","Signal transduction:GPCRs"
"bioplanet_1754","Endochondral ossification","Musculoskeletal system"
"bioplanet_1754","Endochondral ossification","Organismal Systems:Development"
"bioplanet_1754","Endochondral ossification","Physical disorder"
"bioplanet_1754","Endochondral ossification","Reproduction"
"bioplanet_1755","Cytoplasmic ribosomal proteins","Genetic Information Processing:Translation"
"bioplanet_1755","Cytoplasmic ribosomal proteins","Genetic disease"
"bioplanet_1755","Cytoplasmic ribosomal proteins","Nucleic acid metabolism"
"bioplanet_1755","Cytoplasmic ribosomal proteins","Translation"
"bioplanet_1755","Cytoplasmic ribosomal proteins","Transport"
"bioplanet_1756","Class C GPCRs (metabotropic glutamate and pheromone receptors)","G-protein coupled receptor"
"bioplanet_1756","Class C GPCRs (metabotropic glutamate and pheromone receptors)","Nervous system"
"bioplanet_1756","Class C GPCRs (metabotropic glutamate and pheromone receptors)","Neurological disease"
"bioplanet_1756","Class C GPCRs (metabotropic glutamate and pheromone receptors)","Signal transduction:GPCRs"
"bioplanet_1757","Hypertrophy pathway","Cancer"
"bioplanet_1757","Hypertrophy pathway","Cardiovascular disease"
"bioplanet_1757","Hypertrophy pathway","Cell differentiation"
"bioplanet_1757","Hypertrophy pathway","Cell division"
"bioplanet_1757","Hypertrophy pathway","Cell proliferation"
"bioplanet_1757","Hypertrophy pathway","Human Diseases:Cardiovascular diseases"
"bioplanet_1758","Amino acid conjugation of benzoic acid","Metabolism: Amino acid metabolism"
"bioplanet_1758","Amino acid conjugation of benzoic acid","Small molecule metabolism"
"bioplanet_1759","","Metabolism:Glycan biosynthesis and metabolism"
"bioplanet_176","Repression of pain sensation by the transcriptional regulator DREAM","Cancer"
"bioplanet_176","Repression of pain sensation by the transcriptional regulator DREAM","Cell death"
"bioplanet_176","Repression of pain sensation by the transcriptional regulator DREAM","CellSignaling"
"bioplanet_176","Repression of pain sensation by the transcriptional regulator DREAM","Nervous system"
"bioplanet_176","Repression of pain sensation by the transcriptional regulator DREAM","Neurological disease"
"bioplanet_176","Repression of pain sensation by the transcriptional regulator DREAM","Neuroscience"
"bioplanet_176","Repression of pain sensation by the transcriptional regulator DREAM","Substance dependence"
"bioplanet_176","Repression of pain sensation by the transcriptional regulator DREAM","Transcriptional regulation"
"bioplanet_176","Repression of pain sensation by the transcriptional regulator DREAM","Transport"
"bioplanet_176","Repression of pain sensation by the transcriptional regulator DREAM","expression"
"bioplanet_1760","Calcium regulation in the cardiac cell","Cardiovascular disease"
"bioplanet_1760","Calcium regulation in the cardiac cell","Circulatory system"
"bioplanet_1760","Calcium regulation in the cardiac cell","Human Diseases:Cardiovascular diseases"
"bioplanet_1760","Calcium regulation in the cardiac cell","Nervous system"
"bioplanet_1760","Calcium regulation in the cardiac cell","Signal transduction"
"bioplanet_1760","Calcium regulation in the cardiac cell","Small molecule metabolism"
"bioplanet_1760","Calcium regulation in the cardiac cell","Transport"
"bioplanet_1761","Complement activation, classical pathway","Immune disease"
"bioplanet_1761","Complement activation, classical pathway","Immune system"
"bioplanet_1761","Complement activation, classical pathway","Infectious disease"
"bioplanet_1761","Complement activation, classical pathway","Organismal Systems:Immune system"
"bioplanet_1762","ACE inhibitor pathway","Cardiovascular disease"
"bioplanet_1762","ACE inhibitor pathway","Circulatory system"
"bioplanet_1762","ACE inhibitor pathway","Drug Development:Target-based classification: Enzymes"
"bioplanet_1762","ACE inhibitor pathway","Excretory system"
"bioplanet_1763","Senescence and autophagy","Cell proliferation"
"bioplanet_1763","Senescence and autophagy","Circulatory system"
"bioplanet_1763","Senescence and autophagy","Human Diseases:Cancer"
"bioplanet_1763","Senescence and autophagy","Immune system"
"bioplanet_1763","Senescence and autophagy","Infectious disease"
"bioplanet_1763","Senescence and autophagy","Neurological disease"
"bioplanet_1764","Arachidonate epoxygenase/epoxide hydrolase pathway","Energy metabolism"
"bioplanet_1764","Arachidonate epoxygenase/epoxide hydrolase pathway","Lipid metabolism"
"bioplanet_1764","Arachidonate epoxygenase/epoxide hydrolase pathway","Metabolism"
"bioplanet_1764","Arachidonate epoxygenase/epoxide hydrolase pathway","Small molecule metabolism"
"bioplanet_1764","Arachidonate epoxygenase/epoxide hydrolase pathway","Xenobiotic metabolism"
"bioplanet_1765","Catalytic cycle of mammalian FMOs","Immune disease"
"bioplanet_1765","Catalytic cycle of mammalian FMOs","Metabolism"
"bioplanet_1765","Catalytic cycle of mammalian FMOs","Neurological disease"
"bioplanet_1765","Catalytic cycle of mammalian FMOs","Xenobiotic metabolism"
"bioplanet_1766","Polyol pathway","Carbohydrate metabolism"
"bioplanet_1766","Polyol pathway","Energy metabolism"
"bioplanet_1766","Polyol pathway","Genetic disease"
"bioplanet_1766","Polyol pathway","Human Diseases:Endocrine and metabolic diseases"
"bioplanet_1766","Polyol pathway","Metabolism"
"bioplanet_1767","Sulfation biotransformation reaction","Hepatotoxicity"
"bioplanet_1767","Sulfation biotransformation reaction","Metabolism:Xenobiotics biodegradation and metabolism"
"bioplanet_1767","Sulfation biotransformation reaction","Small molecule metabolism"
"bioplanet_1767","Sulfation biotransformation reaction","Xenobiotic metabolism"
"bioplanet_1768","Glucuronidation","Metabolism"
"bioplanet_1768","Glucuronidation","Small molecule metabolism"
"bioplanet_1768","Glucuronidation","Transport"
"bioplanet_1768","Glucuronidation","Xenobiotic metabolism"
"bioplanet_1769","Metapathway biotransformation","Genetic disease"
"bioplanet_1769","Metapathway biotransformation","Metabolism:Xenobiotics biodegradation and metabolism"
"bioplanet_1769","Metapathway biotransformation","Small molecule metabolism"
"bioplanet_1769","Metapathway biotransformation","Xenobiotic metabolism"
"bioplanet_177","Angiotensin II-mediated activation of JNK pathway via Pyk2-dependent signaling","Cancer"
"bioplanet_177","Angiotensin II-mediated activation of JNK pathway via Pyk2-dependent signaling","Cardiovascular disease"
"bioplanet_177","Angiotensin II-mediated activation of JNK pathway via Pyk2-dependent signaling","Cell proliferation"
"bioplanet_177","Angiotensin II-mediated activation of JNK pathway via Pyk2-dependent signaling","CellSignaling"
"bioplanet_177","Angiotensin II-mediated activation of JNK pathway via Pyk2-dependent signaling","Chronology"
"bioplanet_177","Angiotensin II-mediated activation of JNK pathway via Pyk2-dependent signaling","Circulatory system"
"bioplanet_177","Angiotensin II-mediated activation of JNK pathway via Pyk2-dependent signaling","Hematopoiesis"
"bioplanet_177","Angiotensin II-mediated activation of JNK pathway via Pyk2-dependent signaling","Immune system"
"bioplanet_177","Angiotensin II-mediated activation of JNK pathway via Pyk2-dependent signaling","Infectious disease"
"bioplanet_177","Angiotensin II-mediated activation of JNK pathway via Pyk2-dependent signaling","Nervous system"
"bioplanet_177","Angiotensin II-mediated activation of JNK pathway via Pyk2-dependent signaling","Stress response"
"bioplanet_177","Angiotensin II-mediated activation of JNK pathway via Pyk2-dependent signaling","Transcription"
"bioplanet_1770","","Genetic Information Processing:Folding, sorting and degradation"
"bioplanet_1771","SIDS susceptibility pathways","Chronology"
"bioplanet_1771","SIDS susceptibility pathways","Human Diseases"
"bioplanet_1771","SIDS susceptibility pathways","Nervous system"
"bioplanet_1771","SIDS susceptibility pathways","Neurological disease"
"bioplanet_1771","SIDS susceptibility pathways","Signal transduction"
"bioplanet_1771","SIDS susceptibility pathways","Transport"
"bioplanet_1772","Serotonin HTR1 group and FOS pathway","Cell proliferation"
"bioplanet_1772","Serotonin HTR1 group and FOS pathway","G-protein coupled receptor"
"bioplanet_1772","Serotonin HTR1 group and FOS pathway","Lipid metabolism"
"bioplanet_1772","Serotonin HTR1 group and FOS pathway","Neurological disease"
"bioplanet_1772","Serotonin HTR1 group and FOS pathway","Signal transduction"
"bioplanet_1772","Serotonin HTR1 group and FOS pathway","Small molecule metabolism"
"bioplanet_1773","","Metabolism:Carbohydrate metabolism"
"bioplanet_1774","Nucleotide G-protein coupled receptors (GPCRs)","G-protein coupled receptor"
"bioplanet_1774","Nucleotide G-protein coupled receptors (GPCRs)","Nervous system"
"bioplanet_1774","Nucleotide G-protein coupled receptors (GPCRs)","Nucleic acid metabolism"
"bioplanet_1774","Nucleotide G-protein coupled receptors (GPCRs)","Signal transduction:GPCRs"
"bioplanet_1774","Nucleotide G-protein coupled receptors (GPCRs)","Stress response"
"bioplanet_178","Pertussis toxin-insensitive CCR5 signaling in macrophage","CellSignaling"
"bioplanet_178","Pertussis toxin-insensitive CCR5 signaling in macrophage","Circulatory system"
"bioplanet_178","Pertussis toxin-insensitive CCR5 signaling in macrophage","Hematopoiesis"
"bioplanet_178","Pertussis toxin-insensitive CCR5 signaling in macrophage","Immune system"
"bioplanet_178","Pertussis toxin-insensitive CCR5 signaling in macrophage","Immunology"
"bioplanet_178","Pertussis toxin-insensitive CCR5 signaling in macrophage","Infectious disease"
"bioplanet_178","Pertussis toxin-insensitive CCR5 signaling in macrophage","Transcription"
"bioplanet_179","Inactivation of GSK3 by Akt causes accumulation of beta-catenin in alveolar macrophages","Cancer"
"bioplanet_179","Inactivation of GSK3 by Akt causes accumulation of beta-catenin in alveolar macrophages","CellSignaling"
"bioplanet_179","Inactivation of GSK3 by Akt causes accumulation of beta-catenin in alveolar macrophages","Immunology"
"bioplanet_179","Inactivation of GSK3 by Akt causes accumulation of beta-catenin in alveolar macrophages","Protein modification"
"bioplanet_179","Inactivation of GSK3 by Akt causes accumulation of beta-catenin in alveolar macrophages","Stress response"
"bioplanet_18","Mitochondrial role in apoptotic signaling","Apoptosis"
"bioplanet_18","Mitochondrial role in apoptotic signaling","Cancer"
"bioplanet_18","Mitochondrial role in apoptotic signaling","Cardiovascular disease"
"bioplanet_18","Mitochondrial role in apoptotic signaling","Cell death"
"bioplanet_18","Mitochondrial role in apoptotic signaling","Stress response"
"bioplanet_180","B cell survival pathway","Cancer"
"bioplanet_180","B cell survival pathway","CellSignaling"
"bioplanet_180","B cell survival pathway","Immune disease"
"bioplanet_180","B cell survival pathway","Immune system"
"bioplanet_180","B cell survival pathway","Immunology"
"bioplanet_180","B cell survival pathway","Infectious disease"
"bioplanet_180","B cell survival pathway","Stress response"
"bioplanet_181","Cadmium-induced DNA biosynthesis and proliferation in macrophages","Cell proliferation"
"bioplanet_181","Cadmium-induced DNA biosynthesis and proliferation in macrophages","CellSignaling"
"bioplanet_181","Cadmium-induced DNA biosynthesis and proliferation in macrophages","DNA replication"
"bioplanet_181","Cadmium-induced DNA biosynthesis and proliferation in macrophages","Immune system"
"bioplanet_181","Cadmium-induced DNA biosynthesis and proliferation in macrophages","Immunology"
"bioplanet_181","Cadmium-induced DNA biosynthesis and proliferation in macrophages","Nephrotoxicity"
"bioplanet_181","Cadmium-induced DNA biosynthesis and proliferation in macrophages","Stress response"
"bioplanet_181","Cadmium-induced DNA biosynthesis and proliferation in macrophages","Transcription"
"bioplanet_182","Inhibition of T cell receptor signaling by activated Csk","Cell death"
"bioplanet_182","Inhibition of T cell receptor signaling by activated Csk","CellSignaling"
"bioplanet_182","Inhibition of T cell receptor signaling by activated Csk","Circulatory system"
"bioplanet_182","Inhibition of T cell receptor signaling by activated Csk","Immune disease"
"bioplanet_182","Inhibition of T cell receptor signaling by activated Csk","Immune system"
"bioplanet_182","Inhibition of T cell receptor signaling by activated Csk","Immunology"
"bioplanet_182","Inhibition of T cell receptor signaling by activated Csk","Infectious disease"
"bioplanet_183","Fc epsilon receptor I signaling in mast cells","CellSignaling"
"bioplanet_183","Fc epsilon receptor I signaling in mast cells","Circulatory system"
"bioplanet_183","Fc epsilon receptor I signaling in mast cells","Immune system"
"bioplanet_183","Fc epsilon receptor I signaling in mast cells","Immunology"
"bioplanet_183","Fc epsilon receptor I signaling in mast cells","Infectious disease"
"bioplanet_183","Fc epsilon receptor I signaling in mast cells","Stress response"
"bioplanet_183","Fc epsilon receptor I signaling in mast cells","Transcription"
"bioplanet_184","Human cytomegalovirus and MAP kinase pathways","Cancer"
"bioplanet_184","Human cytomegalovirus and MAP kinase pathways","Cell proliferation"
"bioplanet_184","Human cytomegalovirus and MAP kinase pathways","CellSignaling"
"bioplanet_184","Human cytomegalovirus and MAP kinase pathways","Immunology"
"bioplanet_184","Human cytomegalovirus and MAP kinase pathways","Infectious disease"
"bioplanet_184","Human cytomegalovirus and MAP kinase pathways","Nervous system"
"bioplanet_185","MSP/RON receptor signaling pathway","Cell motility"
"bioplanet_185","MSP/RON receptor signaling pathway","CellSignaling"
"bioplanet_185","MSP/RON receptor signaling pathway","Immune disease"
"bioplanet_185","MSP/RON receptor signaling pathway","Immunology"
"bioplanet_186","","CellSignaling"
"bioplanet_186","","Immunology"
"bioplanet_187","Visceral fat deposits and the metabolic syndrome","Cardiovascular disease"
"bioplanet_187","Visceral fat deposits and the metabolic syndrome","CellSignaling"
"bioplanet_187","Visceral fat deposits and the metabolic syndrome","Endocrine and metabolic disease"
"bioplanet_187","Visceral fat deposits and the metabolic syndrome","Endocrine system"
"bioplanet_187","Visceral fat deposits and the metabolic syndrome","Genetic disease"
"bioplanet_187","Visceral fat deposits and the metabolic syndrome","Hepatotoxicity"
"bioplanet_187","Visceral fat deposits and the metabolic syndrome","Lipid metabolism"
"bioplanet_187","Visceral fat deposits and the metabolic syndrome","Metabolism"
"bioplanet_187","Visceral fat deposits and the metabolic syndrome","Transcriptional regulation"
"bioplanet_188","MAP kinase downregulation by phosphorylation of MEK1 by Cdk5/p35","Cancer"
"bioplanet_188","MAP kinase downregulation by phosphorylation of MEK1 by Cdk5/p35","CellSignaling"
"bioplanet_188","MAP kinase downregulation by phosphorylation of MEK1 by Cdk5/p35","Immune system"
"bioplanet_188","MAP kinase downregulation by phosphorylation of MEK1 by Cdk5/p35","Infectious disease"
"bioplanet_188","MAP kinase downregulation by phosphorylation of MEK1 by Cdk5/p35","Nervous system"
"bioplanet_188","MAP kinase downregulation by phosphorylation of MEK1 by Cdk5/p35","Neuroscience"
"bioplanet_188","MAP kinase downregulation by phosphorylation of MEK1 by Cdk5/p35","Protein modification"
"bioplanet_189","Parkin role in the ubiquitin-proteasomal pathway","CellSignaling"
"bioplanet_189","Parkin role in the ubiquitin-proteasomal pathway","Immune system"
"bioplanet_189","Parkin role in the ubiquitin-proteasomal pathway","Nervous system"
"bioplanet_189","Parkin role in the ubiquitin-proteasomal pathway","Neurological disease"
"bioplanet_189","Parkin role in the ubiquitin-proteasomal pathway","Neuroscience"
"bioplanet_189","Parkin role in the ubiquitin-proteasomal pathway","Protein modification"
"bioplanet_19","Caspase cascade in apoptosis","Apoptosis"
"bioplanet_19","Caspase cascade in apoptosis","Cardiovascular disease"
"bioplanet_19","Caspase cascade in apoptosis","Cell death"
"bioplanet_19","Caspase cascade in apoptosis","Immune system"
"bioplanet_19","Caspase cascade in apoptosis","Stress response"
"bioplanet_190","","CellSignaling"
"bioplanet_190","","Neuroscience"
"bioplanet_191","TrkA receptor signaling pathway","Cancer"
"bioplanet_191","TrkA receptor signaling pathway","CellSignaling"
"bioplanet_191","TrkA receptor signaling pathway","Nervous system"
"bioplanet_191","TrkA receptor signaling pathway","Neuroscience"
"bioplanet_192","Visual signal transduction","CellSignaling"
"bioplanet_192","Visual signal transduction","Genetic disease"
"bioplanet_192","Visual signal transduction","Neuroscience"
"bioplanet_192","Visual signal transduction","Sensory system"
"bioplanet_193","Reelin signaling pathway","Cell motility"
"bioplanet_193","Reelin signaling pathway","Cell proliferation"
"bioplanet_193","Reelin signaling pathway","CellSignaling"
"bioplanet_193","Reelin signaling pathway","Nervous system"
"bioplanet_193","Reelin signaling pathway","Neurological disease"
"bioplanet_193","Reelin signaling pathway","Neuroscience"
"bioplanet_194","Oocyte meiosis","Cell division"
"bioplanet_194","Oocyte meiosis","Cell proliferation"
"bioplanet_194","Oocyte meiosis","Cellular Processes:Cell growth and death"
"bioplanet_194","Oocyte meiosis","Reproduction"
"bioplanet_195","p53 activity regulation","Cancer"
"bioplanet_195","p53 activity regulation","Cell division"
"bioplanet_195","p53 activity regulation","Cellular Processes:Cell growth and death"
"bioplanet_195","p53 activity regulation","DNA repair"
"bioplanet_195","p53 activity regulation","Stress response"
"bioplanet_196","Actin cytoskeleton regulation","Cancer"
"bioplanet_196","Actin cytoskeleton regulation","Cellular Processes:Cell motility"
"bioplanet_196","Actin cytoskeleton regulation","Circulatory system"
"bioplanet_196","Actin cytoskeleton regulation","Nervous system"
"bioplanet_197","Focal adhesion","Cancer"
"bioplanet_197","Focal adhesion","Cardiovascular disease"
"bioplanet_197","Focal adhesion","Cell motility"
"bioplanet_197","Focal adhesion","Cellular Processes:Cellular community"
"bioplanet_197","Focal adhesion","Circulatory system"
"bioplanet_198","Adherens junction cell adhesion","Cancer"
"bioplanet_198","Adherens junction cell adhesion","Cell motility"
"bioplanet_198","Adherens junction cell adhesion","Cell proliferation"
"bioplanet_198","Adherens junction cell adhesion","Cellular Processes:Cellular community"
"bioplanet_198","Adherens junction cell adhesion","Circulatory system"
"bioplanet_199","Tight junction","Cancer"
"bioplanet_199","Tight junction","Cellular Processes:Cellular community"
"bioplanet_2","Mu-calpain pathway","Adhesion"
"bioplanet_20","Stress induction of HSP regulation","Apoptosis"
"bioplanet_20","Stress induction of HSP regulation","Cell death"
"bioplanet_20","Stress induction of HSP regulation","CellActivation"
"bioplanet_20","Stress induction of HSP regulation","Hepatotoxicity"
"bioplanet_20","Stress induction of HSP regulation","Infectious disease"
"bioplanet_20","Stress induction of HSP regulation","Stress response"
"bioplanet_200","Gap junction pathway","Cancer"
"bioplanet_200","Gap junction pathway","Cardiovascular disease"
"bioplanet_200","Gap junction pathway","Cellular Processes:Cellular community"
"bioplanet_200","Gap junction pathway","Infectious disease"
"bioplanet_200","Gap junction pathway","Nervous system"
"bioplanet_200","Gap junction pathway","Reproduction"
"bioplanet_200","Gap junction pathway","Transport"
"bioplanet_201","Autophagy regulation","Cellular Processes:Transport and catabolism"
"bioplanet_201","Autophagy regulation","Infectious disease"
"bioplanet_201","Autophagy regulation","Small molecule metabolism"
"bioplanet_202","Lysosome","Carbohydrate metabolism"
"bioplanet_202","Lysosome","Cellular Processes:Transport and catabolism"
"bioplanet_202","Lysosome","Endocrine and metabolic disease"
"bioplanet_202","Lysosome","Genetic disease"
"bioplanet_202","Lysosome","Nervous system"
"bioplanet_202","Lysosome","Nucleic acid metabolism"
"bioplanet_202","Lysosome","Small molecule metabolism"
"bioplanet_202","Lysosome","Transport"
"bioplanet_203","Endocytosis","Cancer"
"bioplanet_203","Endocytosis","Cellular Processes:Transport and catabolism"
"bioplanet_203","Endocytosis","Immune system"
"bioplanet_203","Endocytosis","Infectious disease"
"bioplanet_204","Phagosome","Cardiovascular disease"
"bioplanet_204","Phagosome","Cellular Processes:Transport and catabolism"
"bioplanet_204","Phagosome","Immune disease"
"bioplanet_204","Phagosome","Immune system"
"bioplanet_204","Phagosome","Infectious disease"
"bioplanet_204","Phagosome","Transport"
"bioplanet_205","Peroxisome","Cellular Processes:Transport and catabolism"
"bioplanet_205","Peroxisome","Endocrine and metabolic disease"
"bioplanet_205","Peroxisome","Genetic disease"
"bioplanet_205","Peroxisome","Lipid metabolism"
"bioplanet_205","Peroxisome","Nervous system"
"bioplanet_205","Peroxisome","Small molecule metabolism"
"bioplanet_206","GATA3-mediated activation of Th2 cytokine expression","Cancer"
"bioplanet_206","GATA3-mediated activation of Th2 cytokine expression","Cell death"
"bioplanet_206","GATA3-mediated activation of Th2 cytokine expression","Cell differentiation"
"bioplanet_206","GATA3-mediated activation of Th2 cytokine expression","CytokinesChemokines"
"bioplanet_206","GATA3-mediated activation of Th2 cytokine expression","Endocrine and metabolic disease"
"bioplanet_206","GATA3-mediated activation of Th2 cytokine expression","Immune system"
"bioplanet_206","GATA3-mediated activation of Th2 cytokine expression","Immunology"
"bioplanet_206","GATA3-mediated activation of Th2 cytokine expression","Infectious disease"
"bioplanet_206","GATA3-mediated activation of Th2 cytokine expression","RNA processing"
"bioplanet_206","GATA3-mediated activation of Th2 cytokine expression","expression"
"bioplanet_207","Hematopoiesis regulation by cytokines","Cell motility"
"bioplanet_207","Hematopoiesis regulation by cytokines","Circulatory system"
"bioplanet_207","Hematopoiesis regulation by cytokines","CytokinesChemokines"
"bioplanet_207","Hematopoiesis regulation by cytokines","Genetic disease"
"bioplanet_207","Hematopoiesis regulation by cytokines","Hematopoiesis"
"bioplanet_207","Hematopoiesis regulation by cytokines","Immune disease"
"bioplanet_207","Hematopoiesis regulation by cytokines","Immune system"
"bioplanet_208","CCR3 signaling in eosinophils","Cancer"
"bioplanet_208","CCR3 signaling in eosinophils","Cardiovascular disease"
"bioplanet_208","CCR3 signaling in eosinophils","Cell motility"
"bioplanet_208","CCR3 signaling in eosinophils","Circulatory system"
"bioplanet_208","CCR3 signaling in eosinophils","CytokinesChemokines"
"bioplanet_208","CCR3 signaling in eosinophils","Hematopoiesis"
"bioplanet_208","CCR3 signaling in eosinophils","Immunology"
"bioplanet_208","CCR3 signaling in eosinophils","Infectious disease"
"bioplanet_209","Dendritic cells in regulating TH1 and TH2 development","CytokinesChemokines"
"bioplanet_209","Dendritic cells in regulating TH1 and TH2 development","Hematopoiesis"
"bioplanet_209","Dendritic cells in regulating TH1 and TH2 development","Immune disease"
"bioplanet_209","Dendritic cells in regulating TH1 and TH2 development","Immune system"
"bioplanet_209","Dendritic cells in regulating TH1 and TH2 development","Immunology"
"bioplanet_209","Dendritic cells in regulating TH1 and TH2 development","Infectious disease"
"bioplanet_21","Nicotinic acetylcholine receptor role in the regulation of apoptosis","Apoptosis"
"bioplanet_21","Nicotinic acetylcholine receptor role in the regulation of apoptosis","Cancer"
"bioplanet_21","Nicotinic acetylcholine receptor role in the regulation of apoptosis","Cell death"
"bioplanet_21","Nicotinic acetylcholine receptor role in the regulation of apoptosis","CellActivation"
"bioplanet_21","Nicotinic acetylcholine receptor role in the regulation of apoptosis","CellSignaling"
"bioplanet_21","Nicotinic acetylcholine receptor role in the regulation of apoptosis","Circulatory system"
"bioplanet_21","Nicotinic acetylcholine receptor role in the regulation of apoptosis","Nervous system"
"bioplanet_21","Nicotinic acetylcholine receptor role in the regulation of apoptosis","Neuroscience"
"bioplanet_210","CD40L signaling pathway","Cancer"
"bioplanet_210","CD40L signaling pathway","Cell differentiation"
"bioplanet_210","CD40L signaling pathway","CytokinesChemokines"
"bioplanet_210","CD40L signaling pathway","Immune system"
"bioplanet_210","CD40L signaling pathway","Immunology"
"bioplanet_210","CD40L signaling pathway","Infectious disease"
"bioplanet_210","CD40L signaling pathway","Stress response"
"bioplanet_211","Eosinophils in the chemokine network of allergy","Cardiovascular disease"
"bioplanet_211","Eosinophils in the chemokine network of allergy","Cell motility"
"bioplanet_211","Eosinophils in the chemokine network of allergy","CytokinesChemokines"
"bioplanet_211","Eosinophils in the chemokine network of allergy","Immune system"
"bioplanet_211","Eosinophils in the chemokine network of allergy","Immunology"
"bioplanet_212","Function of SLRP in bone","Cancer"
"bioplanet_212","Function of SLRP in bone","Circulatory system"
"bioplanet_212","Function of SLRP in bone","DevelopmentalBiology"
"bioplanet_212","Function of SLRP in bone","Genetic disease"
"bioplanet_212","Function of SLRP in bone","Immune system"
"bioplanet_212","Function of SLRP in bone","Infectious disease"
"bioplanet_212","Function of SLRP in bone","Musculoskeletal system"
"bioplanet_213","Small leucine-rich proteoglycan (SLRP) molecules","Carbohydrate metabolism"
"bioplanet_213","Small leucine-rich proteoglycan (SLRP) molecules","Circulatory system"
"bioplanet_213","Small leucine-rich proteoglycan (SLRP) molecules","DevelopmentalBiology"
"bioplanet_213","Small leucine-rich proteoglycan (SLRP) molecules","Small molecule metabolism"
"bioplanet_214","Segmentation clock","Cancer"
"bioplanet_214","Segmentation clock","Chronology"
"bioplanet_214","Segmentation clock","DevelopmentalBiology"
"bioplanet_214","Segmentation clock","Reproduction"
"bioplanet_215","HOP pathway in cardiac development","Circulatory system"
"bioplanet_215","HOP pathway in cardiac development","DevelopmentalBiology"
"bioplanet_215","HOP pathway in cardiac development","expression"
"bioplanet_216","","DevelopmentalBiology"
"bioplanet_216","","expression"
"bioplanet_217","CTCF pathway","Cancer"
"bioplanet_217","CTCF pathway","Cell growth"
"bioplanet_217","CTCF pathway","Cell proliferation"
"bioplanet_217","CTCF pathway","Circulatory system"
"bioplanet_217","CTCF pathway","DevelopmentalBiology"
"bioplanet_217","CTCF pathway","Immune disease"
"bioplanet_217","CTCF pathway","Immune system"
"bioplanet_217","CTCF pathway","Infectious disease"
"bioplanet_217","CTCF pathway","Nervous system"
"bioplanet_217","CTCF pathway","Stress response"
"bioplanet_217","CTCF pathway","expression"
"bioplanet_218","PRC2 complex long-term gene silencing through modification of histone tails","Cell death"
"bioplanet_218","PRC2 complex long-term gene silencing through modification of histone tails","Cell proliferation"
"bioplanet_218","PRC2 complex long-term gene silencing through modification of histone tails","Circulatory system"
"bioplanet_218","PRC2 complex long-term gene silencing through modification of histone tails","DevelopmentalBiology"
"bioplanet_218","PRC2 complex long-term gene silencing through modification of histone tails","Stress response"
"bioplanet_218","PRC2 complex long-term gene silencing through modification of histone tails","Transcription"
"bioplanet_218","PRC2 complex long-term gene silencing through modification of histone tails","Transcriptional regulation"
"bioplanet_218","PRC2 complex long-term gene silencing through modification of histone tails","expression"
"bioplanet_219","Multi-step regulation of transcription by PITX2","Cancer"
"bioplanet_219","Multi-step regulation of transcription by PITX2","DevelopmentalBiology"
"bioplanet_219","Multi-step regulation of transcription by PITX2","Endocrine system"
"bioplanet_219","Multi-step regulation of transcription by PITX2","Reproduction"
"bioplanet_219","Multi-step regulation of transcription by PITX2","Stress response"
"bioplanet_219","Multi-step regulation of transcription by PITX2","Transcription"
"bioplanet_219","Multi-step regulation of transcription by PITX2","Transcriptional regulation"
"bioplanet_219","Multi-step regulation of transcription by PITX2","expression"
"bioplanet_22","PTEN-dependent cell cycle arrest and apoptosis","Apoptosis"
"bioplanet_22","PTEN-dependent cell cycle arrest and apoptosis","Cancer"
"bioplanet_22","PTEN-dependent cell cycle arrest and apoptosis","Cell death"
"bioplanet_22","PTEN-dependent cell cycle arrest and apoptosis","Cell proliferation"
"bioplanet_22","PTEN-dependent cell cycle arrest and apoptosis","CellCycleRegulation"
"bioplanet_22","PTEN-dependent cell cycle arrest and apoptosis","CellSignaling"
"bioplanet_22","PTEN-dependent cell cycle arrest and apoptosis","Circulatory system"
"bioplanet_220","Effect of METS on macrophage differentiation","Cancer"
"bioplanet_220","Effect of METS on macrophage differentiation","Circulatory system"
"bioplanet_220","Effect of METS on macrophage differentiation","DevelopmentalBiology"
"bioplanet_220","Effect of METS on macrophage differentiation","Immune system"
"bioplanet_220","Effect of METS on macrophage differentiation","Infectious disease"
"bioplanet_220","Effect of METS on macrophage differentiation","expression"
"bioplanet_221","IGF-1 receptor and longevity","Cell death"
"bioplanet_221","IGF-1 receptor and longevity","Circulatory system"
"bioplanet_221","IGF-1 receptor and longevity","DevelopmentalBiology"
"bioplanet_221","IGF-1 receptor and longevity","Endocrine system"
"bioplanet_221","IGF-1 receptor and longevity","Metabolism"
"bioplanet_221","IGF-1 receptor and longevity","Nervous system"
"bioplanet_221","IGF-1 receptor and longevity","Neuroscience"
"bioplanet_222","Vitamin C in the brain","DevelopmentalBiology"
"bioplanet_222","Vitamin C in the brain","Metabolism"
"bioplanet_222","Vitamin C in the brain","Musculoskeletal system"
"bioplanet_222","Vitamin C in the brain","Nervous system"
"bioplanet_222","Vitamin C in the brain","Neuroscience"
"bioplanet_222","Vitamin C in the brain","Transport"
"bioplanet_222","Vitamin C in the brain","Vitamin and cofactor metabolism"
"bioplanet_223","Lissencephaly gene (LIS1) in neuronal migration and development","Cell motility"
"bioplanet_223","Lissencephaly gene (LIS1) in neuronal migration and development","DevelopmentalBiology"
"bioplanet_223","Lissencephaly gene (LIS1) in neuronal migration and development","Genetic disease"
"bioplanet_223","Lissencephaly gene (LIS1) in neuronal migration and development","Nervous system"
"bioplanet_223","Lissencephaly gene (LIS1) in neuronal migration and development","Neurological disease"
"bioplanet_223","Lissencephaly gene (LIS1) in neuronal migration and development","Neuroscience"
"bioplanet_224","Cardiac protection against reactive oxygen species","Circulatory system"
"bioplanet_224","Cardiac protection against reactive oxygen species","Drug Development"
"bioplanet_224","Cardiac protection against reactive oxygen species","Small molecule metabolism"
"bioplanet_224","Cardiac protection against reactive oxygen species","Stress response"
"bioplanet_224","Cardiac protection against reactive oxygen species","Transport"
"bioplanet_225","ABC transporters","Digestive system"
"bioplanet_225","ABC transporters","Environmental Information Processing:Membrane transport"
"bioplanet_225","ABC transporters","Lipid metabolism"
"bioplanet_225","ABC transporters","Small molecule metabolism"
"bioplanet_225","ABC transporters","Transport"
"bioplanet_226","MAPK signaling pathway","Cancer"
"bioplanet_226","MAPK signaling pathway","Circulatory system"
"bioplanet_226","MAPK signaling pathway","Environmental Information Processing:Signal transduction"
"bioplanet_226","MAPK signaling pathway","Immune system"
"bioplanet_226","MAPK signaling pathway","Infectious disease"
"bioplanet_226","MAPK signaling pathway","Protein modification"
"bioplanet_226","MAPK signaling pathway","Reproduction"
"bioplanet_226","MAPK signaling pathway","Stress response"
"bioplanet_227","ERBB signaling pathway","Cancer"
"bioplanet_227","ERBB signaling pathway","Cell proliferation"
"bioplanet_227","ERBB signaling pathway","Circulatory system"
"bioplanet_227","ERBB signaling pathway","Environmental Information Processing:Signal transduction"
"bioplanet_227","ERBB signaling pathway","Immune system"
"bioplanet_227","ERBB signaling pathway","Nervous system"
"bioplanet_227","ERBB signaling pathway","Protein modification"
"bioplanet_227","ERBB signaling pathway","Stress response"
"bioplanet_227","ERBB signaling pathway","Transcription"
"bioplanet_228","Calcium signaling pathway","Cardiovascular disease"
"bioplanet_228","Calcium signaling pathway","Circulatory system"
"bioplanet_228","Calcium signaling pathway","Environmental Information Processing:Signal transduction"
"bioplanet_228","Calcium signaling pathway","Nervous system"
"bioplanet_228","Calcium signaling pathway","Neurological disease"
"bioplanet_228","Calcium signaling pathway","Transport"
"bioplanet_229","Phosphatidylinositol signaling system","Environmental Information Processing:Signal transduction"
"bioplanet_229","Phosphatidylinositol signaling system","Lipid metabolism"
"bioplanet_229","Phosphatidylinositol signaling system","Small molecule metabolism"
"bioplanet_23","Rb tumor suppressor/checkpoint signaling in response to DNA damage","Apoptosis"
"bioplanet_23","Rb tumor suppressor/checkpoint signaling in response to DNA damage","Cancer"
"bioplanet_23","Rb tumor suppressor/checkpoint signaling in response to DNA damage","Cell division"
"bioplanet_23","Rb tumor suppressor/checkpoint signaling in response to DNA damage","Cell proliferation"
"bioplanet_23","Rb tumor suppressor/checkpoint signaling in response to DNA damage","CellCycleRegulation"
"bioplanet_23","Rb tumor suppressor/checkpoint signaling in response to DNA damage","Stress response"
"bioplanet_23","Rb tumor suppressor/checkpoint signaling in response to DNA damage","expression"
"bioplanet_230","Wnt signaling pathway","Cancer"
"bioplanet_230","Wnt signaling pathway","Cell proliferation"
"bioplanet_230","Wnt signaling pathway","Circulatory system"
"bioplanet_230","Wnt signaling pathway","Environmental Information Processing:Signal transduction"
"bioplanet_230","Wnt signaling pathway","Stress response"
"bioplanet_231","Hedgehog signaling pathway","Cancer"
"bioplanet_231","Hedgehog signaling pathway","Cell differentiation"
"bioplanet_231","Hedgehog signaling pathway","Cell proliferation"
"bioplanet_231","Hedgehog signaling pathway","Developmental toxicity"
"bioplanet_231","Hedgehog signaling pathway","Environmental Information Processing:Signal transduction"
"bioplanet_231","Hedgehog signaling pathway","Musculoskeletal system"
"bioplanet_231","Hedgehog signaling pathway","Reproduction"
"bioplanet_232","TGF-beta regulation of skeletal system development","Environmental Information Processing:Signal transduction"
"bioplanet_232","TGF-beta regulation of skeletal system development","Musculoskeletal system"
"bioplanet_232","TGF-beta regulation of skeletal system development","Reproduction"
"bioplanet_232","TGF-beta regulation of skeletal system development","Stress response"
"bioplanet_233","VEGF signaling pathway","Cancer"
"bioplanet_233","VEGF signaling pathway","Cardiovascular disease"
"bioplanet_233","VEGF signaling pathway","Cell proliferation"
"bioplanet_233","VEGF signaling pathway","Circulatory system"
"bioplanet_233","VEGF signaling pathway","Environmental Information Processing:Signal transduction"
"bioplanet_233","VEGF signaling pathway","Immune system"
"bioplanet_233","VEGF signaling pathway","Infectious disease"
"bioplanet_233","VEGF signaling pathway","Stress response"
"bioplanet_234","Jak-STAT signaling pathway","Cell differentiation"
"bioplanet_234","Jak-STAT signaling pathway","Circulatory system"
"bioplanet_234","Jak-STAT signaling pathway","Environmental Information Processing:Signal transduction"
"bioplanet_234","Jak-STAT signaling pathway","Immune disease"
"bioplanet_234","Jak-STAT signaling pathway","Infectious disease"
"bioplanet_234","Jak-STAT signaling pathway","Protein modification"
"bioplanet_235","Cytokine-cytokine receptor interaction","Cell motility"
"bioplanet_235","Cytokine-cytokine receptor interaction","Environmental Information Processing:Signaling molecules and interaction"
"bioplanet_235","Cytokine-cytokine receptor interaction","Immune system"
"bioplanet_235","Cytokine-cytokine receptor interaction","Infectious disease"
"bioplanet_236","Neuroactive ligand-receptor interaction","Environmental Information Processing:Signaling molecules and interaction"
"bioplanet_236","Neuroactive ligand-receptor interaction","Nervous system"
"bioplanet_236","Neuroactive ligand-receptor interaction","Neurological disease"
"bioplanet_236","Neuroactive ligand-receptor interaction","Substance dependence"
"bioplanet_236","Neuroactive ligand-receptor interaction","Transport"
"bioplanet_237","ECM-receptor interaction","Cardiovascular disease"
"bioplanet_237","ECM-receptor interaction","Circulatory system"
"bioplanet_237","ECM-receptor interaction","Environmental Information Processing:Signaling molecules and interaction"
"bioplanet_237","ECM-receptor interaction","Genetic disease"
"bioplanet_237","ECM-receptor interaction","Infectious disease"
"bioplanet_238","Cell adhesion molecules (CAMs)","Environmental Information Processing:Signaling molecules and interaction"
"bioplanet_238","Cell adhesion molecules (CAMs)","Immune disease"
"bioplanet_238","Cell adhesion molecules (CAMs)","Immune system"
"bioplanet_238","Cell adhesion molecules (CAMs)","Infectious disease"
"bioplanet_239","Transcriptional activation of dbpB from mRNA","RNA processing"
"bioplanet_239","Transcriptional activation of dbpB from mRNA","Transcription"
"bioplanet_239","Transcriptional activation of dbpB from mRNA","Transcriptional regulation"
"bioplanet_239","Transcriptional activation of dbpB from mRNA","expression"
"bioplanet_24","Hypoxia and p53 in the cardiovascular system","Apoptosis"
"bioplanet_24","Hypoxia and p53 in the cardiovascular system","Cancer"
"bioplanet_24","Hypoxia and p53 in the cardiovascular system","CellCycleRegulation"
"bioplanet_24","Hypoxia and p53 in the cardiovascular system","Circulatory system"
"bioplanet_24","Hypoxia and p53 in the cardiovascular system","DNA repair"
"bioplanet_24","Hypoxia and p53 in the cardiovascular system","Stress response"
"bioplanet_24","Hypoxia and p53 in the cardiovascular system","expression"
"bioplanet_240","SUMOylation as a mechanism to modulate CtBP-dependent gene responses","Immune system"
"bioplanet_240","SUMOylation as a mechanism to modulate CtBP-dependent gene responses","Protein modification"
"bioplanet_240","SUMOylation as a mechanism to modulate CtBP-dependent gene responses","Transcriptional regulation"
"bioplanet_240","SUMOylation as a mechanism to modulate CtBP-dependent gene responses","expression"
"bioplanet_241","Antisense RNA pathway","RNA processing"
"bioplanet_241","Antisense RNA pathway","Transcription"
"bioplanet_241","Antisense RNA pathway","Transcriptional regulation"
"bioplanet_241","Antisense RNA pathway","expression"
"bioplanet_242","Polyadenylation of mRNA","Genetic disease"
"bioplanet_242","Polyadenylation of mRNA","RNA processing"
"bioplanet_242","Polyadenylation of mRNA","Transcription"
"bioplanet_242","Polyadenylation of mRNA","Transcriptional regulation"
"bioplanet_242","Polyadenylation of mRNA","expression"
"bioplanet_243","Internal ribosome entry pathway","Nucleic acid metabolism"
"bioplanet_243","Internal ribosome entry pathway","Transcription"
"bioplanet_243","Internal ribosome entry pathway","Translation"
"bioplanet_243","Internal ribosome entry pathway","expression"
"bioplanet_244","Downregulation of MTA-3 in ER-negative breast tumors","Cancer"
"bioplanet_244","Downregulation of MTA-3 in ER-negative breast tumors","Transcriptional regulation"
"bioplanet_244","Downregulation of MTA-3 in ER-negative breast tumors","expression"
"bioplanet_245","","expression"
"bioplanet_246","Transcriptional activity regulation by PML","Cancer"
"bioplanet_246","Transcriptional activity regulation by PML","Cell death"
"bioplanet_246","Transcriptional activity regulation by PML","Infectious disease"
"bioplanet_246","Transcriptional activity regulation by PML","Transcription"
"bioplanet_246","Transcriptional activity regulation by PML","Transcriptional regulation"
"bioplanet_246","Transcriptional activity regulation by PML","expression"
"bioplanet_247","PPAR-gamma coactivator role in obesity and thermogenesis","Cancer"
"bioplanet_247","PPAR-gamma coactivator role in obesity and thermogenesis","Lipid metabolism"
"bioplanet_247","PPAR-gamma coactivator role in obesity and thermogenesis","Small molecule metabolism"
"bioplanet_247","PPAR-gamma coactivator role in obesity and thermogenesis","expression"
"bioplanet_248","Double stranded RNA-induced gene expression","Cancer"
"bioplanet_248","Double stranded RNA-induced gene expression","Cell death"
"bioplanet_248","Double stranded RNA-induced gene expression","RNA processing"
"bioplanet_248","Double stranded RNA-induced gene expression","Transcription"
"bioplanet_248","Double stranded RNA-induced gene expression","Translation"
"bioplanet_248","Double stranded RNA-induced gene expression","expression"
"bioplanet_249","E2F1 destruction pathway","Cancer"
"bioplanet_249","E2F1 destruction pathway","Cell division"
"bioplanet_249","E2F1 destruction pathway","Nucleic acid metabolism"
"bioplanet_249","E2F1 destruction pathway","RNA processing"
"bioplanet_249","E2F1 destruction pathway","Transcription"
"bioplanet_249","E2F1 destruction pathway","Transcriptional regulation"
"bioplanet_249","E2F1 destruction pathway","expression"
"bioplanet_25","BAD phosphorylation regulation","Apoptosis"
"bioplanet_25","BAD phosphorylation regulation","Cell death"
"bioplanet_25","BAD phosphorylation regulation","Cell proliferation"
"bioplanet_25","BAD phosphorylation regulation","CellSignaling"
"bioplanet_25","BAD phosphorylation regulation","Endocrine system"
"bioplanet_25","BAD phosphorylation regulation","Immune system"
"bioplanet_25","BAD phosphorylation regulation","Infectious disease"
"bioplanet_25","BAD phosphorylation regulation","Nervous system"
"bioplanet_25","BAD phosphorylation regulation","Protein modification"
"bioplanet_25","BAD phosphorylation regulation","Reproduction"
"bioplanet_25","BAD phosphorylation regulation","Stress response"
"bioplanet_25","BAD phosphorylation regulation","Transport"
"bioplanet_250","Spliceosomal assembly","Cell proliferation"
"bioplanet_250","Spliceosomal assembly","Nucleic acid metabolism"
"bioplanet_250","Spliceosomal assembly","RNA processing"
"bioplanet_250","Spliceosomal assembly","Transcription"
"bioplanet_250","Spliceosomal assembly","expression"
"bioplanet_251","Telomerase RNA component gene hTERC transcriptional regulation","DNA replication"
"bioplanet_251","Telomerase RNA component gene hTERC transcriptional regulation","RNA processing"
"bioplanet_251","Telomerase RNA component gene hTERC transcriptional regulation","Transcriptional regulation"
"bioplanet_251","Telomerase RNA component gene hTERC transcriptional regulation","expression"
"bioplanet_252","Control of gene expression by vitamin D receptor","Cancer"
"bioplanet_252","Control of gene expression by vitamin D receptor","Small molecule metabolism"
"bioplanet_252","Control of gene expression by vitamin D receptor","Vitamin and cofactor metabolism"
"bioplanet_252","Control of gene expression by vitamin D receptor","expression"
"bioplanet_253","Telomerase protein component gene hTERT transcriptional regulation","Cancer"
"bioplanet_253","Telomerase protein component gene hTERT transcriptional regulation","DNA repair"
"bioplanet_253","Telomerase protein component gene hTERT transcriptional regulation","Transcriptional regulation"
"bioplanet_253","Telomerase protein component gene hTERT transcriptional regulation","expression"
"bioplanet_254","SUMOylation by RanBP2 regulates transcriptional repression","Protein modification"
"bioplanet_254","SUMOylation by RanBP2 regulates transcriptional repression","Small molecule metabolism"
"bioplanet_254","SUMOylation by RanBP2 regulates transcriptional repression","Transcription"
"bioplanet_254","SUMOylation by RanBP2 regulates transcriptional repression","Transcriptional regulation"
"bioplanet_254","SUMOylation by RanBP2 regulates transcriptional repression","Transport"
"bioplanet_254","SUMOylation by RanBP2 regulates transcriptional repression","expression"
"bioplanet_255","FXR and LXR regulation of cholesterol metabolism","Cancer"
"bioplanet_255","FXR and LXR regulation of cholesterol metabolism","Digestive system"
"bioplanet_255","FXR and LXR regulation of cholesterol metabolism","Lipid metabolism"
"bioplanet_255","FXR and LXR regulation of cholesterol metabolism","Metabolism"
"bioplanet_255","FXR and LXR regulation of cholesterol metabolism","Small molecule metabolism"
"bioplanet_255","FXR and LXR regulation of cholesterol metabolism","Transcription"
"bioplanet_255","FXR and LXR regulation of cholesterol metabolism","expression"
"bioplanet_256","SREBP control of lipid biosynthesis","Digestive system"
"bioplanet_256","SREBP control of lipid biosynthesis","Endocrine system"
"bioplanet_256","SREBP control of lipid biosynthesis","Lipid metabolism"
"bioplanet_256","SREBP control of lipid biosynthesis","Metabolism"
"bioplanet_256","SREBP control of lipid biosynthesis","Small molecule metabolism"
"bioplanet_256","SREBP control of lipid biosynthesis","Stress response"
"bioplanet_256","SREBP control of lipid biosynthesis","expression"
"bioplanet_257","Inhibition of Huntington's disease neurodegeneration by histone deacetylase inhibitors (HDACs)","Nervous system"
"bioplanet_257","Inhibition of Huntington's disease neurodegeneration by histone deacetylase inhibitors (HDACs)","Neurological disease"
"bioplanet_257","Inhibition of Huntington's disease neurodegeneration by histone deacetylase inhibitors (HDACs)","Neuroscience"
"bioplanet_257","Inhibition of Huntington's disease neurodegeneration by histone deacetylase inhibitors (HDACs)","Transcription"
"bioplanet_257","Inhibition of Huntington's disease neurodegeneration by histone deacetylase inhibitors (HDACs)","Transcriptional regulation"
"bioplanet_257","Inhibition of Huntington's disease neurodegeneration by histone deacetylase inhibitors (HDACs)","expression"
"bioplanet_258","RNA polymerase","Genetic Information Processing: Transcription"
"bioplanet_258","RNA polymerase","Nucleic acid metabolism"
"bioplanet_258","RNA polymerase","Transcription"
"bioplanet_259","Basal transcription factors","Genetic Information Processing: Transcription"
"bioplanet_259","Basal transcription factors","Transcription"
"bioplanet_259","Basal transcription factors","Transcriptional regulation"
"bioplanet_26","D4-GDI signaling pathway","Apoptosis"
"bioplanet_26","D4-GDI signaling pathway","Cell death"
"bioplanet_26","D4-GDI signaling pathway","CellSignaling"
"bioplanet_26","D4-GDI signaling pathway","Nervous system"
"bioplanet_26","D4-GDI signaling pathway","Neurological disease"
"bioplanet_260","Spliceosome","Genetic Information Processing: Transcription"
"bioplanet_260","Spliceosome","Nucleic acid metabolism"
"bioplanet_260","Spliceosome","RNA processing"
"bioplanet_260","Spliceosome","Transcription"
"bioplanet_260","Spliceosome","Transport"
"bioplanet_261","RNA degradation","Genetic Information Processing:Folding, sorting and degradation"
"bioplanet_261","RNA degradation","Nucleic acid metabolism"
"bioplanet_261","RNA degradation","RNA processing"
"bioplanet_261","RNA degradation","Transcription"
"bioplanet_262","Protein export","Genetic Information Processing:Folding, sorting and degradation"
"bioplanet_262","Protein export","Transport"
"bioplanet_263","Ubiquitin-mediated proteolysis","DNA repair"
"bioplanet_263","Ubiquitin-mediated proteolysis","Genetic Information Processing:Folding, sorting and degradation"
"bioplanet_263","Ubiquitin-mediated proteolysis","Immune system"
"bioplanet_263","Ubiquitin-mediated proteolysis","Infectious disease"
"bioplanet_263","Ubiquitin-mediated proteolysis","Stress response"
"bioplanet_264","SNARE interactions in vesicular transport","Genetic Information Processing:Folding, sorting and degradation"
"bioplanet_264","SNARE interactions in vesicular transport","Transport"
"bioplanet_265","Protein processing in the endoplasmic reticulum","Genetic Information Processing:Folding, sorting and degradation"
"bioplanet_265","Protein processing in the endoplasmic reticulum","Protein folding, sorting and degradation"
"bioplanet_265","Protein processing in the endoplasmic reticulum","Protein modification"
"bioplanet_265","Protein processing in the endoplasmic reticulum","Stress response"
"bioplanet_266","Base excision repair","Cancer"
"bioplanet_266","Base excision repair","DNA repair"
"bioplanet_266","Base excision repair","DNA replication"
"bioplanet_266","Base excision repair","Genetic Information Processing:Replication and repair"
"bioplanet_266","Base excision repair","Nucleic acid metabolism"
"bioplanet_267","Mismatch repair","Cancer"
"bioplanet_267","Mismatch repair","DNA repair"
"bioplanet_267","Mismatch repair","DNA replication"
"bioplanet_267","Mismatch repair","Genetic Information Processing:Replication and repair"
"bioplanet_267","Mismatch repair","Genetic disease"
"bioplanet_268","Homologous recombination","Cancer"
"bioplanet_268","Homologous recombination","DNA repair"
"bioplanet_268","Homologous recombination","DNA replication"
"bioplanet_268","Homologous recombination","Genetic Information Processing:Replication and repair"
"bioplanet_268","Homologous recombination","Reproduction"
"bioplanet_269","Non-homologous end-joining (NHEJ) pathway","DNA repair"
"bioplanet_269","Non-homologous end-joining (NHEJ) pathway","DNA replication"
"bioplanet_269","Non-homologous end-joining (NHEJ) pathway","Genetic Information Processing:Replication and repair"
"bioplanet_269","Non-homologous end-joining (NHEJ) pathway","Transport"
"bioplanet_27","BAD phosphorylation mediated by IGF1R signaling","Apoptosis"
"bioplanet_27","BAD phosphorylation mediated by IGF1R signaling","Cancer"
"bioplanet_27","BAD phosphorylation mediated by IGF1R signaling","Cell death"
"bioplanet_27","BAD phosphorylation mediated by IGF1R signaling","Cell proliferation"
"bioplanet_27","BAD phosphorylation mediated by IGF1R signaling","CellSignaling"
"bioplanet_27","BAD phosphorylation mediated by IGF1R signaling","Endocrine system"
"bioplanet_27","BAD phosphorylation mediated by IGF1R signaling","Immune system"
"bioplanet_27","BAD phosphorylation mediated by IGF1R signaling","Protein modification"
"bioplanet_27","BAD phosphorylation mediated by IGF1R signaling","Stress response"
"bioplanet_27","BAD phosphorylation mediated by IGF1R signaling","Transport"
"bioplanet_270","RNA polymerase III transcription","Nucleic acid metabolism"
"bioplanet_270","RNA polymerase III transcription","Transcription"
"bioplanet_270","RNA polymerase III transcription","Transcriptional regulation"
"bioplanet_270","RNA polymerase III transcription","expression"
"bioplanet_271","Integrin signaling pathway","Adhesion"
"bioplanet_271","Integrin signaling pathway","Cancer"
"bioplanet_271","Integrin signaling pathway","Cardiovascular disease"
"bioplanet_271","Integrin signaling pathway","CellSignaling"
"bioplanet_271","Integrin signaling pathway","Circulatory system"
"bioplanet_271","Integrin signaling pathway","Infectious disease"
"bioplanet_271","Integrin signaling pathway","Nervous system"
"bioplanet_272","Signaling of hepatocyte growth factor receptor","Cell proliferation"
"bioplanet_272","Signaling of hepatocyte growth factor receptor","CellSignaling"
"bioplanet_272","Signaling of hepatocyte growth factor receptor","Reproduction"
"bioplanet_272","Signaling of hepatocyte growth factor receptor","Stress response"
"bioplanet_272","Signaling of hepatocyte growth factor receptor","Transcription"
"bioplanet_272","Signaling of hepatocyte growth factor receptor","Transcriptional regulation"
"bioplanet_273","Nuclear receptors in lipid metabolism and toxicity","Cancer"
"bioplanet_273","Nuclear receptors in lipid metabolism and toxicity","CellSignaling"
"bioplanet_273","Nuclear receptors in lipid metabolism and toxicity","Digestive system"
"bioplanet_273","Nuclear receptors in lipid metabolism and toxicity","Lipid metabolism"
"bioplanet_273","Nuclear receptors in lipid metabolism and toxicity","Small molecule metabolism"
"bioplanet_273","Nuclear receptors in lipid metabolism and toxicity","Transcription"
"bioplanet_273","Nuclear receptors in lipid metabolism and toxicity","Transcriptional regulation"
"bioplanet_273","Nuclear receptors in lipid metabolism and toxicity","Transport"
"bioplanet_273","Nuclear receptors in lipid metabolism and toxicity","expression"
"bioplanet_274","TGF-beta signaling pathway","Cancer"
"bioplanet_274","TGF-beta signaling pathway","Carbohydrate metabolism"
"bioplanet_274","TGF-beta signaling pathway","Cell differentiation"
"bioplanet_274","TGF-beta signaling pathway","Cell proliferation"
"bioplanet_274","TGF-beta signaling pathway","CellSignaling"
"bioplanet_274","TGF-beta signaling pathway","Circulatory system"
"bioplanet_274","TGF-beta signaling pathway","CytokinesChemokines"
"bioplanet_274","TGF-beta signaling pathway","Immune system"
"bioplanet_274","TGF-beta signaling pathway","Nervous system"
"bioplanet_274","TGF-beta signaling pathway","Stress response"
"bioplanet_275","","Apoptosis"
"bioplanet_275","","CellSignaling"
"bioplanet_275","","Immunology"
"bioplanet_276","Alpha-hemoglobin stabilizing enzyme (AHSP) pathway","Circulatory system"
"bioplanet_276","Alpha-hemoglobin stabilizing enzyme (AHSP) pathway","Genetic disease"
"bioplanet_276","Alpha-hemoglobin stabilizing enzyme (AHSP) pathway","Hematopoiesis"
"bioplanet_276","Alpha-hemoglobin stabilizing enzyme (AHSP) pathway","Vitamin and cofactor metabolism"
"bioplanet_277","Erythrocyte differentiation pathway","Cardiovascular disease"
"bioplanet_277","Erythrocyte differentiation pathway","Cell differentiation"
"bioplanet_277","Erythrocyte differentiation pathway","Cell growth"
"bioplanet_277","Erythrocyte differentiation pathway","Cell proliferation"
"bioplanet_277","Erythrocyte differentiation pathway","Circulatory system"
"bioplanet_277","Erythrocyte differentiation pathway","Hematopoiesis"
"bioplanet_277","Erythrocyte differentiation pathway","Immune system"
"bioplanet_277","Erythrocyte differentiation pathway","Infectious disease"
"bioplanet_278","Bone mineralization regulation","Genetic disease"
"bioplanet_278","Bone mineralization regulation","Hematopoiesis"
"bioplanet_278","Bone mineralization regulation","Musculoskeletal system"
"bioplanet_279","Pathways in cancer","Cancer"
"bioplanet_279","Pathways in cancer","Cell division"
"bioplanet_279","Pathways in cancer","Cell proliferation"
"bioplanet_279","Pathways in cancer","Human Diseases:Cancers: Overview"
"bioplanet_28","SODD/TNFR1 signaling pathway","Apoptosis"
"bioplanet_28","SODD/TNFR1 signaling pathway","Cell death"
"bioplanet_28","SODD/TNFR1 signaling pathway","CellSignaling"
"bioplanet_28","SODD/TNFR1 signaling pathway","Infectious disease"
"bioplanet_28","SODD/TNFR1 signaling pathway","Lipid metabolism"
"bioplanet_280","Colorectal cancer","Cancer"
"bioplanet_280","Colorectal cancer","Cell division"
"bioplanet_280","Colorectal cancer","Cell proliferation"
"bioplanet_280","Colorectal cancer","Digestive system"
"bioplanet_280","Colorectal cancer","Excretory system"
"bioplanet_280","Colorectal cancer","Human Diseases:Cancers: Specific types"
"bioplanet_281","Renal cell carcinoma","Cancer"
"bioplanet_281","Renal cell carcinoma","Cell proliferation"
"bioplanet_281","Renal cell carcinoma","Excretory system"
"bioplanet_281","Renal cell carcinoma","Human Diseases:Cancers: Specific types"
"bioplanet_282","Pancreatic cancer","Cancer"
"bioplanet_282","Pancreatic cancer","Cell proliferation"
"bioplanet_282","Pancreatic cancer","Endocrine and metabolic disease"
"bioplanet_282","Pancreatic cancer","Endocrine system"
"bioplanet_282","Pancreatic cancer","Human Diseases:Cancers: Specific types"
"bioplanet_282","Pancreatic cancer","Lipid metabolism"
"bioplanet_283","Endometrial cancer","Cancer"
"bioplanet_283","Endometrial cancer","Cell proliferation"
"bioplanet_283","Endometrial cancer","Human Diseases:Cancers: Specific types"
"bioplanet_283","Endometrial cancer","Stress response"
"bioplanet_284","Glioma","Cancer"
"bioplanet_284","Glioma","Cell proliferation"
"bioplanet_284","Glioma","Human Diseases:Cancers: Specific types"
"bioplanet_284","Glioma","Nervous system"
"bioplanet_284","Glioma","Neurological disease"
"bioplanet_285","Prostate cancer","Cancer"
"bioplanet_285","Prostate cancer","Cell proliferation"
"bioplanet_285","Prostate cancer","Endocrine system"
"bioplanet_285","Prostate cancer","Human Diseases:Cancers: Specific types"
"bioplanet_285","Prostate cancer","Stress response"
"bioplanet_286","Thyroid cancer","Cancer"
"bioplanet_286","Thyroid cancer","Cell proliferation"
"bioplanet_286","Thyroid cancer","Endocrine system"
"bioplanet_286","Thyroid cancer","Human Diseases:Cancers: Specific types"
"bioplanet_287","Basal cell carcinoma","Cancer"
"bioplanet_287","Basal cell carcinoma","Cell proliferation"
"bioplanet_287","Basal cell carcinoma","Excretory system"
"bioplanet_287","Basal cell carcinoma","Human Diseases:Cancers: Specific types"
"bioplanet_287","Basal cell carcinoma","Stress response"
"bioplanet_288","Melanoma","Cancer"
"bioplanet_288","Melanoma","Cell division"
"bioplanet_288","Melanoma","Cell proliferation"
"bioplanet_288","Melanoma","Human Diseases:Cancers: Specific types"
"bioplanet_289","Bladder cancer","Cancer"
"bioplanet_289","Bladder cancer","Cell proliferation"
"bioplanet_289","Bladder cancer","Excretory system"
"bioplanet_289","Bladder cancer","Human Diseases:Cancers: Specific types"
"bioplanet_289","Bladder cancer","Stress response"
"bioplanet_29","TSP1-induced apoptosis in microvascular endothelial cell","Apoptosis"
"bioplanet_29","TSP1-induced apoptosis in microvascular endothelial cell","Cell death"
"bioplanet_29","TSP1-induced apoptosis in microvascular endothelial cell","CellSignaling"
"bioplanet_29","TSP1-induced apoptosis in microvascular endothelial cell","Circulatory system"
"bioplanet_290","Chronic myeloid leukemia","Cancer"
"bioplanet_290","Chronic myeloid leukemia","Cardiovascular disease"
"bioplanet_290","Chronic myeloid leukemia","Cell division"
"bioplanet_290","Chronic myeloid leukemia","Cell proliferation"
"bioplanet_290","Chronic myeloid leukemia","Circulatory system"
"bioplanet_290","Chronic myeloid leukemia","Human Diseases:Cancers: Specific types"
"bioplanet_290","Chronic myeloid leukemia","Stress response"
"bioplanet_290","Chronic myeloid leukemia","Transcriptional regulation"
"bioplanet_291","Acute myeloid leukemia","Cancer"
"bioplanet_291","Acute myeloid leukemia","Cell proliferation"
"bioplanet_291","Acute myeloid leukemia","Human Diseases:Cancers: Specific types"
"bioplanet_291","Acute myeloid leukemia","Immune disease"
"bioplanet_291","Acute myeloid leukemia","Infectious disease"
"bioplanet_291","Acute myeloid leukemia","Stress response"
"bioplanet_292","Small cell lung cancer","Cancer"
"bioplanet_292","Small cell lung cancer","Cell death"
"bioplanet_292","Small cell lung cancer","Cell division"
"bioplanet_292","Small cell lung cancer","Cell proliferation"
"bioplanet_292","Small cell lung cancer","Circulatory system"
"bioplanet_292","Small cell lung cancer","Genetic disease"
"bioplanet_292","Small cell lung cancer","Human Diseases:Cancers: Specific types"
"bioplanet_293","Non-small cell lung cancer","Cancer"
"bioplanet_293","Non-small cell lung cancer","Cell division"
"bioplanet_293","Non-small cell lung cancer","Cell proliferation"
"bioplanet_293","Non-small cell lung cancer","Human Diseases:Cancers: Specific types"
"bioplanet_294","Arrhythmogenic right ventricular cardiomyopathy (ARVC)","Cardiovascular disease"
"bioplanet_294","Arrhythmogenic right ventricular cardiomyopathy (ARVC)","Circulatory system"
"bioplanet_294","Arrhythmogenic right ventricular cardiomyopathy (ARVC)","Human Diseases:Cardiovascular diseases"
"bioplanet_294","Arrhythmogenic right ventricular cardiomyopathy (ARVC)","Transport"
"bioplanet_295","Dilated cardiomyopathy","Cardiovascular disease"
"bioplanet_295","Dilated cardiomyopathy","Human Diseases:Cardiovascular diseases"
"bioplanet_295","Dilated cardiomyopathy","Transport"
"bioplanet_296","Viral myocarditis","Cardiovascular disease"
"bioplanet_296","Viral myocarditis","Circulatory system"
"bioplanet_296","Viral myocarditis","Human Diseases:Cardiovascular diseases"
"bioplanet_296","Viral myocarditis","Immune system"
"bioplanet_296","Viral myocarditis","Infectious disease"
"bioplanet_297","Type 2 diabetes mellitus","Endocrine and metabolic disease"
"bioplanet_297","Type 2 diabetes mellitus","Endocrine system"
"bioplanet_297","Type 2 diabetes mellitus","Energy metabolism"
"bioplanet_297","Type 2 diabetes mellitus","Environmental adaptation"
"bioplanet_297","Type 2 diabetes mellitus","Human Diseases:Endocrine and metabolic diseases"
"bioplanet_297","Type 2 diabetes mellitus","Lipid metabolism"
"bioplanet_297","Type 2 diabetes mellitus","Small molecule metabolism"
"bioplanet_297","Type 2 diabetes mellitus","Stress response"
"bioplanet_297","Type 2 diabetes mellitus","Transcription"
"bioplanet_297","Type 2 diabetes mellitus","Transport"
"bioplanet_298","Type 1 diabetes mellitus","Carbohydrate metabolism"
"bioplanet_298","Type 1 diabetes mellitus","Endocrine and metabolic disease"
"bioplanet_298","Type 1 diabetes mellitus","Genetic disease"
"bioplanet_298","Type 1 diabetes mellitus","Human Diseases:Endocrine and metabolic diseases"
"bioplanet_298","Type 1 diabetes mellitus","Immune disease"
"bioplanet_298","Type 1 diabetes mellitus","Small molecule metabolism"
"bioplanet_298","Type 1 diabetes mellitus","Transport"
"bioplanet_299","Maturity onset diabetes of the young","Carbohydrate metabolism"
"bioplanet_299","Maturity onset diabetes of the young","Cell death"
"bioplanet_299","Maturity onset diabetes of the young","Cell differentiation"
"bioplanet_299","Maturity onset diabetes of the young","Endocrine and metabolic disease"
"bioplanet_299","Maturity onset diabetes of the young","Endocrine system"
"bioplanet_299","Maturity onset diabetes of the young","Excretory system"
"bioplanet_299","Maturity onset diabetes of the young","Human Diseases:Endocrine and metabolic diseases"
"bioplanet_3","AKT signaling pathway","Adhesion"
"bioplanet_3","AKT signaling pathway","Apoptosis"
"bioplanet_3","AKT signaling pathway","Cancer"
"bioplanet_3","AKT signaling pathway","Carbohydrate metabolism"
"bioplanet_3","AKT signaling pathway","Endocrine and metabolic disease"
"bioplanet_3","AKT signaling pathway","Stress response"
"bioplanet_30","TNFR1 signaling pathway","Apoptosis"
"bioplanet_30","TNFR1 signaling pathway","Cell death"
"bioplanet_30","TNFR1 signaling pathway","Cell differentiation"
"bioplanet_30","TNFR1 signaling pathway","CellSignaling"
"bioplanet_30","TNFR1 signaling pathway","Circulatory system"
"bioplanet_30","TNFR1 signaling pathway","CytokinesChemokines"
"bioplanet_30","TNFR1 signaling pathway","Immune system"
"bioplanet_30","TNFR1 signaling pathway","Infectious disease"
"bioplanet_300","Asthma","Endocrine and metabolic disease"
"bioplanet_300","Asthma","Human Diseases:Immune diseases"
"bioplanet_300","Asthma","Immune disease"
"bioplanet_300","Asthma","Immune system"
"bioplanet_301","Autoimmune thyroid disease","Endocrine and metabolic disease"
"bioplanet_301","Autoimmune thyroid disease","Human Diseases:Immune diseases"
"bioplanet_301","Autoimmune thyroid disease","Immune disease"
"bioplanet_301","Autoimmune thyroid disease","Immune system"
"bioplanet_302","Systemic lupus erythematosus","Genetic disease"
"bioplanet_302","Systemic lupus erythematosus","Human Diseases:Immune diseases"
"bioplanet_302","Systemic lupus erythematosus","Immune disease"
"bioplanet_302","Systemic lupus erythematosus","Immune system"
"bioplanet_303","Allograft rejection","Human Diseases:Immune diseases"
"bioplanet_303","Allograft rejection","Immune disease"
"bioplanet_303","Allograft rejection","Immune system"
"bioplanet_304","Graft-versus-host disease","Human Diseases:Immune diseases"
"bioplanet_304","Graft-versus-host disease","Immune disease"
"bioplanet_304","Graft-versus-host disease","Immune system"
"bioplanet_305","Primary immunodeficiency","Genetic disease"
"bioplanet_305","Primary immunodeficiency","Human Diseases:Immune diseases"
"bioplanet_305","Primary immunodeficiency","Immune disease"
"bioplanet_305","Primary immunodeficiency","Immune system"
"bioplanet_306","Bacterial invasion of epithelial cells","Circulatory system"
"bioplanet_306","Bacterial invasion of epithelial cells","Human Diseases:Infectious diseases: Bacterial"
"bioplanet_306","Bacterial invasion of epithelial cells","Immune system"
"bioplanet_306","Bacterial invasion of epithelial cells","Infectious disease"
"bioplanet_307","Vibrio cholerae infection","Human Diseases:Infectious diseases: Bacterial"
"bioplanet_307","Vibrio cholerae infection","Immune system"
"bioplanet_307","Vibrio cholerae infection","Infectious disease"
"bioplanet_307","Vibrio cholerae infection","Transport"
"bioplanet_308","Epithelial cell signaling in Helicobacter pylori infection","Digestive system"
"bioplanet_308","Epithelial cell signaling in Helicobacter pylori infection","Endocrine and metabolic disease"
"bioplanet_308","Epithelial cell signaling in Helicobacter pylori infection","Human Diseases:Infectious diseases: Bacterial"
"bioplanet_308","Epithelial cell signaling in Helicobacter pylori infection","Immune system"
"bioplanet_308","Epithelial cell signaling in Helicobacter pylori infection","Stress response"
"bioplanet_308","Epithelial cell signaling in Helicobacter pylori infection","Transport"
"bioplanet_309","Pathogenic Escherichia coli infection","Cell division"
"bioplanet_309","Pathogenic Escherichia coli infection","Human Diseases:Infectious diseases: Bacterial"
"bioplanet_309","Pathogenic Escherichia coli infection","Immune system"
"bioplanet_309","Pathogenic Escherichia coli infection","Infectious disease"
"bioplanet_309","Pathogenic Escherichia coli infection","Transport"
"bioplanet_31","MEF2D role in T cell apoptosis","Apoptosis"
"bioplanet_31","MEF2D role in T cell apoptosis","Cell death"
"bioplanet_31","MEF2D role in T cell apoptosis","CellSignaling"
"bioplanet_31","MEF2D role in T cell apoptosis","Circulatory system"
"bioplanet_31","MEF2D role in T cell apoptosis","Immune disease"
"bioplanet_31","MEF2D role in T cell apoptosis","Immune system"
"bioplanet_31","MEF2D role in T cell apoptosis","Stress response"
"bioplanet_31","MEF2D role in T cell apoptosis","expression"
"bioplanet_310","Shigellosis","Human Diseases:Infectious diseases: Bacterial"
"bioplanet_310","Shigellosis","Immune system"
"bioplanet_310","Shigellosis","Infectious disease"
"bioplanet_310","Shigellosis","Lipid metabolism"
"bioplanet_310","Shigellosis","Stress response"
"bioplanet_311","Leishmaniasis","Circulatory system"
"bioplanet_311","Leishmaniasis","Human Diseases:Infectious diseases: Parasitic"
"bioplanet_311","Leishmaniasis","Immune system"
"bioplanet_311","Leishmaniasis","Infectious disease"
"bioplanet_311","Leishmaniasis","Stress response"
"bioplanet_312","Chagas disease","Cardiovascular disease"
"bioplanet_312","Chagas disease","Circulatory system"
"bioplanet_312","Chagas disease","Human Diseases:Infectious diseases: Parasitic"
"bioplanet_312","Chagas disease","Immune system"
"bioplanet_312","Chagas disease","Infectious disease"
"bioplanet_313","Malaria","Circulatory system"
"bioplanet_313","Malaria","Human Diseases:Infectious diseases: Parasitic"
"bioplanet_313","Malaria","Immune system"
"bioplanet_313","Malaria","Infectious disease"
"bioplanet_314","Amoebiasis","Circulatory system"
"bioplanet_314","Amoebiasis","Human Diseases:Infectious diseases: Parasitic"
"bioplanet_314","Amoebiasis","Immune system"
"bioplanet_314","Amoebiasis","Infectious disease"
"bioplanet_315","Alzheimer's disease","Human Diseases:Neurodegenerative diseases"
"bioplanet_315","Alzheimer's disease","Nervous system"
"bioplanet_315","Alzheimer's disease","Neurological disease"
"bioplanet_315","Alzheimer's disease","Neurotoxicity"
"bioplanet_315","Alzheimer's disease","Protein modification"
"bioplanet_315","Alzheimer's disease","Transport"
"bioplanet_316","Parkinson's disease","Human Diseases:Neurodegenerative diseases"
"bioplanet_316","Parkinson's disease","Immune system"
"bioplanet_316","Parkinson's disease","Nervous system"
"bioplanet_316","Parkinson's disease","Neurological disease"
"bioplanet_316","Parkinson's disease","Small molecule metabolism"
"bioplanet_316","Parkinson's disease","Stress response"
"bioplanet_316","Parkinson's disease","Transport"
"bioplanet_317","Amyotrophic lateral sclerosis (ALS)","Cardiovascular disease"
"bioplanet_317","Amyotrophic lateral sclerosis (ALS)","Cell death"
"bioplanet_317","Amyotrophic lateral sclerosis (ALS)","Human Diseases:Neurodegenerative diseases"
"bioplanet_317","Amyotrophic lateral sclerosis (ALS)","Musculoskeletal system"
"bioplanet_317","Amyotrophic lateral sclerosis (ALS)","Nervous system"
"bioplanet_317","Amyotrophic lateral sclerosis (ALS)","Neurological disease"
"bioplanet_317","Amyotrophic lateral sclerosis (ALS)","Stress response"
"bioplanet_317","Amyotrophic lateral sclerosis (ALS)","Transport"
"bioplanet_318","Huntington's disease","Endocrine and metabolic disease"
"bioplanet_318","Huntington's disease","Human Diseases:Neurodegenerative diseases"
"bioplanet_318","Huntington's disease","Nervous system"
"bioplanet_318","Huntington's disease","Neurological disease"
"bioplanet_318","Huntington's disease","Small molecule metabolism"
"bioplanet_318","Huntington's disease","Transport"
"bioplanet_319","Prion diseases","Circulatory system"
"bioplanet_319","Prion diseases","Human Diseases:Neurodegenerative diseases"
"bioplanet_319","Prion diseases","Immune system"
"bioplanet_319","Prion diseases","Nervous system"
"bioplanet_319","Prion diseases","Neurological disease"
"bioplanet_319","Prion diseases","Stress response"
"bioplanet_32","OX40 signaling pathway","Apoptosis"
"bioplanet_32","OX40 signaling pathway","CellSignaling"
"bioplanet_32","OX40 signaling pathway","Immune disease"
"bioplanet_32","OX40 signaling pathway","Immune system"
"bioplanet_32","OX40 signaling pathway","Immunology"
"bioplanet_32","OX40 signaling pathway","Transport"
"bioplanet_320","","Immunology"
"bioplanet_321","Bystander B cell activation","Immune disease"
"bioplanet_321","Bystander B cell activation","Immune system"
"bioplanet_321","Bystander B cell activation","Immunology"
"bioplanet_321","Bystander B cell activation","Infectious disease"
"bioplanet_322","B lymphocyte cell surface molecules","Immune disease"
"bioplanet_322","B lymphocyte cell surface molecules","Immune system"
"bioplanet_322","B lymphocyte cell surface molecules","Immunology"
"bioplanet_322","B lymphocyte cell surface molecules","Infectious disease"
"bioplanet_322","B lymphocyte cell surface molecules","Neurological disease"
"bioplanet_323","","Immunology"
"bioplanet_324","CTL mediated immune response against target cells","Circulatory system"
"bioplanet_324","CTL mediated immune response against target cells","Immune system"
"bioplanet_324","CTL mediated immune response against target cells","Immunology"
"bioplanet_324","CTL mediated immune response against target cells","Infectious disease"
"bioplanet_325","Cells and molecules involved in local acute inflammatory response","Cardiovascular disease"
"bioplanet_325","Cells and molecules involved in local acute inflammatory response","Circulatory system"
"bioplanet_325","Cells and molecules involved in local acute inflammatory response","Immune disease"
"bioplanet_325","Cells and molecules involved in local acute inflammatory response","Immune system"
"bioplanet_325","Cells and molecules involved in local acute inflammatory response","Immunology"
"bioplanet_325","Cells and molecules involved in local acute inflammatory response","Infectious disease"
"bioplanet_326","Monocyte and its surface molecules","Cell division"
"bioplanet_326","Monocyte and its surface molecules","Circulatory system"
"bioplanet_326","Monocyte and its surface molecules","Immune disease"
"bioplanet_326","Monocyte and its surface molecules","Immune system"
"bioplanet_326","Monocyte and its surface molecules","Immunology"
"bioplanet_326","Monocyte and its surface molecules","Infectious disease"
"bioplanet_327","SARS coronavirus protease","Circulatory system"
"bioplanet_327","SARS coronavirus protease","Immune system"
"bioplanet_327","SARS coronavirus protease","Immunology"
"bioplanet_327","SARS coronavirus protease","Infectious disease"
"bioplanet_328","T cell receptor and CD3 complex","Cell differentiation"
"bioplanet_328","T cell receptor and CD3 complex","Cell proliferation"
"bioplanet_328","T cell receptor and CD3 complex","Immune disease"
"bioplanet_328","T cell receptor and CD3 complex","Immune system"
"bioplanet_328","T cell receptor and CD3 complex","Immunology"
"bioplanet_328","T cell receptor and CD3 complex","Infectious disease"
"bioplanet_329","T helper cell surface molecules","Immune system"
"bioplanet_329","T helper cell surface molecules","Immunology"
"bioplanet_329","T helper cell surface molecules","Infectious disease"
"bioplanet_33","Inhibition of activated T cell apoptosis by neuropeptides VIP and PACAP","Apoptosis"
"bioplanet_33","Inhibition of activated T cell apoptosis by neuropeptides VIP and PACAP","Cell death"
"bioplanet_33","Inhibition of activated T cell apoptosis by neuropeptides VIP and PACAP","CellSignaling"
"bioplanet_33","Inhibition of activated T cell apoptosis by neuropeptides VIP and PACAP","Circulatory system"
"bioplanet_33","Inhibition of activated T cell apoptosis by neuropeptides VIP and PACAP","Immune system"
"bioplanet_33","Inhibition of activated T cell apoptosis by neuropeptides VIP and PACAP","Immunology"
"bioplanet_33","Inhibition of activated T cell apoptosis by neuropeptides VIP and PACAP","Infectious disease"
"bioplanet_33","Inhibition of activated T cell apoptosis by neuropeptides VIP and PACAP","Neurological disease"
"bioplanet_33","Inhibition of activated T cell apoptosis by neuropeptides VIP and PACAP","Stress response"
"bioplanet_33","Inhibition of activated T cell apoptosis by neuropeptides VIP and PACAP","Transport"
"bioplanet_330","Ras-independent pathway in NK cell-mediated cytotoxicity","Cell proliferation"
"bioplanet_330","Ras-independent pathway in NK cell-mediated cytotoxicity","Immune system"
"bioplanet_330","Ras-independent pathway in NK cell-mediated cytotoxicity","Immunology"
"bioplanet_330","Ras-independent pathway in NK cell-mediated cytotoxicity","Infectious disease"
"bioplanet_331","Lectin-induced complement pathway","Immune disease"
"bioplanet_331","Lectin-induced complement pathway","Immune system"
"bioplanet_331","Lectin-induced complement pathway","Immunology"
"bioplanet_331","Lectin-induced complement pathway","Infectious disease"
"bioplanet_332","Alternative complement pathway","Genetic disease"
"bioplanet_332","Alternative complement pathway","Immune disease"
"bioplanet_332","Alternative complement pathway","Immune system"
"bioplanet_332","Alternative complement pathway","Immunology"
"bioplanet_332","Alternative complement pathway","Infectious disease"
"bioplanet_333","Salmonella infection","Digestive system"
"bioplanet_333","Salmonella infection","Immune system"
"bioplanet_333","Salmonella infection","Infectious disease"
"bioplanet_333","Salmonella infection","Infectious diseases: Bacterial"
"bioplanet_334","West Nile virus infection","Immune system"
"bioplanet_334","West Nile virus infection","Infectious disease"
"bioplanet_334","West Nile virus infection","Infectious diseases: Viral"
"bioplanet_335","Defeat of host-mediated resistance by HIV-1","Immune disease"
"bioplanet_335","Defeat of host-mediated resistance by HIV-1","Immune system"
"bioplanet_335","Defeat of host-mediated resistance by HIV-1","Infectious disease"
"bioplanet_335","Defeat of host-mediated resistance by HIV-1","Infectious diseases: Viral"
"bioplanet_336","Alanine, aspartate and glutamate metabolism","Energy metabolism"
"bioplanet_336","Alanine, aspartate and glutamate metabolism","Excretory system"
"bioplanet_336","Alanine, aspartate and glutamate metabolism","Genetic disease"
"bioplanet_336","Alanine, aspartate and glutamate metabolism","Metabolism: Amino acid metabolism"
"bioplanet_336","Alanine, aspartate and glutamate metabolism","Nervous system"
"bioplanet_336","Alanine, aspartate and glutamate metabolism","Small molecule metabolism"
"bioplanet_337","Glycine, serine and threonine metabolism","Endocrine and metabolic disease"
"bioplanet_337","Glycine, serine and threonine metabolism","Energy metabolism"
"bioplanet_337","Glycine, serine and threonine metabolism","Genetic disease"
"bioplanet_337","Glycine, serine and threonine metabolism","Metabolism: Amino acid metabolism"
"bioplanet_337","Glycine, serine and threonine metabolism","Small molecule metabolism"
"bioplanet_338","Cysteine and methionine metabolism","Genetic disease"
"bioplanet_338","Cysteine and methionine metabolism","Metabolism: Amino acid metabolism"
"bioplanet_338","Cysteine and methionine metabolism","Nucleic acid metabolism"
"bioplanet_338","Cysteine and methionine metabolism","Small molecule metabolism"
"bioplanet_338","Cysteine and methionine metabolism","Xenobiotic metabolism"
"bioplanet_339","Valine, leucine and isoleucine degradation","Excretory system"
"bioplanet_339","Valine, leucine and isoleucine degradation","Genetic disease"
"bioplanet_339","Valine, leucine and isoleucine degradation","Metabolism: Amino acid metabolism"
"bioplanet_339","Valine, leucine and isoleucine degradation","Small molecule metabolism"
"bioplanet_34","HIV-induced T cell apoptosis","Apoptosis"
"bioplanet_34","HIV-induced T cell apoptosis","Cell death"
"bioplanet_34","HIV-induced T cell apoptosis","Immune system"
"bioplanet_34","HIV-induced T cell apoptosis","Immunology"
"bioplanet_34","HIV-induced T cell apoptosis","Infectious disease"
"bioplanet_340","Valine, leucine and isoleucine biosynthesis","Genetic disease"
"bioplanet_340","Valine, leucine and isoleucine biosynthesis","Metabolism: Amino acid metabolism"
"bioplanet_340","Valine, leucine and isoleucine biosynthesis","Translation"
"bioplanet_340","Valine, leucine and isoleucine biosynthesis","Transport"
"bioplanet_341","Lysine biosynthesis","Metabolism: Amino acid metabolism"
"bioplanet_341","Lysine biosynthesis","Small molecule metabolism"
"bioplanet_342","Lysine degradation","Genetic disease"
"bioplanet_342","Lysine degradation","Metabolism: Amino acid metabolism"
"bioplanet_342","Lysine degradation","Small molecule metabolism"
"bioplanet_342","Lysine degradation","Transport"
"bioplanet_343","Arginine and proline metabolism","Endocrine and metabolic disease"
"bioplanet_343","Arginine and proline metabolism","Genetic disease"
"bioplanet_343","Arginine and proline metabolism","Metabolism: Amino acid metabolism"
"bioplanet_343","Arginine and proline metabolism","Small molecule metabolism"
"bioplanet_344","Histidine metabolism","Cancer"
"bioplanet_344","Histidine metabolism","Endocrine and metabolic disease"
"bioplanet_344","Histidine metabolism","Metabolism: Amino acid metabolism"
"bioplanet_344","Histidine metabolism","Small molecule metabolism"
"bioplanet_345","Tyrosine metabolism","Metabolism: Amino acid metabolism"
"bioplanet_345","Tyrosine metabolism","Small molecule metabolism"
"bioplanet_346","Phenylalanine metabolism","Endocrine and metabolic disease"
"bioplanet_346","Phenylalanine metabolism","Metabolism: Amino acid metabolism"
"bioplanet_346","Phenylalanine metabolism","Small molecule metabolism"
"bioplanet_346","Phenylalanine metabolism","Xenobiotic metabolism"
"bioplanet_347","Phenylalanine, tyrosine and tryptophan biosynthesis","Metabolism: Amino acid metabolism"
"bioplanet_347","Phenylalanine, tyrosine and tryptophan biosynthesis","Small molecule metabolism"
"bioplanet_347","Phenylalanine, tyrosine and tryptophan biosynthesis","Transport"
"bioplanet_348","Ubiquinone and other terpenoid-quinone biosynthesis","Metabolism: Metabolism of cofactors and vitamins"
"bioplanet_348","Ubiquinone and other terpenoid-quinone biosynthesis","Small molecule metabolism"
"bioplanet_349","","Metabolism: Metabolism of cofactors and vitamins"
"bioplanet_35","Free radical-induced apoptosis","Apoptosis"
"bioplanet_35","Free radical-induced apoptosis","Cell death"
"bioplanet_35","Free radical-induced apoptosis","Immune system"
"bioplanet_35","Free radical-induced apoptosis","Metabolism"
"bioplanet_35","Free radical-induced apoptosis","Neurological disease"
"bioplanet_35","Free radical-induced apoptosis","Stress response"
"bioplanet_350","Thiamine metabolism","Energy metabolism"
"bioplanet_350","Thiamine metabolism","Metabolism: Metabolism of cofactors and vitamins"
"bioplanet_350","Thiamine metabolism","Small molecule metabolism"
"bioplanet_350","Thiamine metabolism","Vitamin and cofactor metabolism"
"bioplanet_351","Riboflavin metabolism","Energy metabolism"
"bioplanet_351","Riboflavin metabolism","Metabolism: Metabolism of cofactors and vitamins"
"bioplanet_351","Riboflavin metabolism","Small molecule metabolism"
"bioplanet_351","Riboflavin metabolism","Vitamin and cofactor metabolism"
"bioplanet_352","Vitamin B6 metabolism","Energy metabolism"
"bioplanet_352","Vitamin B6 metabolism","Metabolism: Metabolism of cofactors and vitamins"
"bioplanet_352","Vitamin B6 metabolism","Small molecule metabolism"
"bioplanet_352","Vitamin B6 metabolism","Vitamin and cofactor metabolism"
"bioplanet_353","Nicotinate and nicotinamide metabolism","Metabolism: Metabolism of cofactors and vitamins"
"bioplanet_353","Nicotinate and nicotinamide metabolism","Small molecule metabolism"
"bioplanet_353","Nicotinate and nicotinamide metabolism","Vitamin and cofactor metabolism"
"bioplanet_354","Pantothenate and CoA biosynthesis","Energy metabolism"
"bioplanet_354","Pantothenate and CoA biosynthesis","Genetic disease"
"bioplanet_354","Pantothenate and CoA biosynthesis","Metabolism: Metabolism of cofactors and vitamins"
"bioplanet_354","Pantothenate and CoA biosynthesis","Small molecule metabolism"
"bioplanet_354","Pantothenate and CoA biosynthesis","Vitamin and cofactor metabolism"
"bioplanet_355","Biotin metabolism","Endocrine and metabolic disease"
"bioplanet_355","Biotin metabolism","Genetic disease"
"bioplanet_355","Biotin metabolism","Metabolism: Metabolism of cofactors and vitamins"
"bioplanet_355","Biotin metabolism","Vitamin and cofactor metabolism"
"bioplanet_356","Lipoic acid metabolism","Energy metabolism"
"bioplanet_356","Lipoic acid metabolism","Lipid metabolism"
"bioplanet_356","Lipoic acid metabolism","Metabolism: Metabolism of cofactors and vitamins"
"bioplanet_356","Lipoic acid metabolism","Small molecule metabolism"
"bioplanet_357","Folate biosynthesis","Endocrine and metabolic disease"
"bioplanet_357","Folate biosynthesis","Genetic disease"
"bioplanet_357","Folate biosynthesis","Metabolism: Metabolism of cofactors and vitamins"
"bioplanet_357","Folate biosynthesis","Small molecule metabolism"
"bioplanet_357","Folate biosynthesis","Vitamin and cofactor metabolism"
"bioplanet_358","Retinol metabolism","Cancer"
"bioplanet_358","Retinol metabolism","Endocrine system"
"bioplanet_358","Retinol metabolism","Metabolism: Metabolism of cofactors and vitamins"
"bioplanet_358","Retinol metabolism","Small molecule metabolism"
"bioplanet_358","Retinol metabolism","Xenobiotic metabolism"
"bioplanet_359","Porphyrin and chlorophyll metabolism","Circulatory system"
"bioplanet_359","Porphyrin and chlorophyll metabolism","Metabolism: Metabolism of cofactors and vitamins"
"bioplanet_359","Porphyrin and chlorophyll metabolism","Small molecule metabolism"
"bioplanet_359","Porphyrin and chlorophyll metabolism","Transport"
"bioplanet_359","Porphyrin and chlorophyll metabolism","Vitamin and cofactor metabolism"
"bioplanet_36","Acute myocardial infarction","Cardiovascular disease"
"bioplanet_36","Acute myocardial infarction","Cardiovascular diseases"
"bioplanet_36","Acute myocardial infarction","Circulatory system"
"bioplanet_360","Caffeine metabolism","Metabolism:Biosynthesis of other secondary metabolites"
"bioplanet_360","Caffeine metabolism","Small molecule metabolism"
"bioplanet_360","Caffeine metabolism","Xenobiotic metabolism"
"bioplanet_361","Butirosin and neomycin biosynthesis","Carbohydrate metabolism"
"bioplanet_361","Butirosin and neomycin biosynthesis","Endocrine and metabolic disease"
"bioplanet_361","Butirosin and neomycin biosynthesis","Endocrine system"
"bioplanet_361","Butirosin and neomycin biosynthesis","Energy metabolism"
"bioplanet_361","Butirosin and neomycin biosynthesis","Infectious disease"
"bioplanet_361","Butirosin and neomycin biosynthesis","Metabolism:Biosynthesis of other secondary metabolites"
"bioplanet_361","Butirosin and neomycin biosynthesis","Small molecule metabolism"
"bioplanet_361","Butirosin and neomycin biosynthesis","Transport"
"bioplanet_362","Glycolysis and gluconeogenesis","Carbohydrate metabolism"
"bioplanet_362","Glycolysis and gluconeogenesis","Endocrine system"
"bioplanet_362","Glycolysis and gluconeogenesis","Energy metabolism"
"bioplanet_362","Glycolysis and gluconeogenesis","Genetic disease"
"bioplanet_362","Glycolysis and gluconeogenesis","Metabolism:Carbohydrate metabolism"
"bioplanet_362","Glycolysis and gluconeogenesis","Small molecule metabolism"
"bioplanet_362","Glycolysis and gluconeogenesis","Transport"
"bioplanet_363","Tricarboxylic acid (TCA) cycle","Digestive system"
"bioplanet_363","Tricarboxylic acid (TCA) cycle","Endocrine and metabolic disease"
"bioplanet_363","Tricarboxylic acid (TCA) cycle","Energy metabolism"
"bioplanet_363","Tricarboxylic acid (TCA) cycle","Metabolism:Carbohydrate metabolism"
"bioplanet_363","Tricarboxylic acid (TCA) cycle","Small molecule metabolism"
"bioplanet_364","Pentose phosphate pathway","Carbohydrate metabolism"
"bioplanet_364","Pentose phosphate pathway","Endocrine and metabolic disease"
"bioplanet_364","Pentose phosphate pathway","Genetic disease"
"bioplanet_364","Pentose phosphate pathway","Metabolism:Carbohydrate metabolism"
"bioplanet_364","Pentose phosphate pathway","Small molecule metabolism"
"bioplanet_365","Pentose and glucuronate interconversions","Carbohydrate metabolism"
"bioplanet_365","Pentose and glucuronate interconversions","Digestive system"
"bioplanet_365","Pentose and glucuronate interconversions","Metabolism:Carbohydrate metabolism"
"bioplanet_365","Pentose and glucuronate interconversions","Xenobiotic metabolism"
"bioplanet_366","Fructose and mannose metabolism","Carbohydrate metabolism"
"bioplanet_366","Fructose and mannose metabolism","Endocrine and metabolic disease"
"bioplanet_366","Fructose and mannose metabolism","Energy metabolism"
"bioplanet_366","Fructose and mannose metabolism","Genetic disease"
"bioplanet_366","Fructose and mannose metabolism","Metabolism:Carbohydrate metabolism"
"bioplanet_366","Fructose and mannose metabolism","Small molecule metabolism"
"bioplanet_367","Galactose metabolism","Carbohydrate metabolism"
"bioplanet_367","Galactose metabolism","Endocrine and metabolic disease"
"bioplanet_367","Galactose metabolism","Energy metabolism"
"bioplanet_367","Galactose metabolism","Genetic disease"
"bioplanet_367","Galactose metabolism","Metabolism:Carbohydrate metabolism"
"bioplanet_367","Galactose metabolism","Small molecule metabolism"
"bioplanet_367","Galactose metabolism","Transport"
"bioplanet_368","Ascorbate and aldarate metabolism","Carbohydrate metabolism"
"bioplanet_368","Ascorbate and aldarate metabolism","Endocrine system"
"bioplanet_368","Ascorbate and aldarate metabolism","Metabolism:Carbohydrate metabolism"
"bioplanet_368","Ascorbate and aldarate metabolism","Small molecule metabolism"
"bioplanet_368","Ascorbate and aldarate metabolism","Vitamin and cofactor metabolism"
"bioplanet_368","Ascorbate and aldarate metabolism","Xenobiotic metabolism"
"bioplanet_369","Starch and sucrose metabolism","Carbohydrate metabolism"
"bioplanet_369","Starch and sucrose metabolism","Digestive system"
"bioplanet_369","Starch and sucrose metabolism","Endocrine and metabolic disease"
"bioplanet_369","Starch and sucrose metabolism","Energy metabolism"
"bioplanet_369","Starch and sucrose metabolism","Genetic disease"
"bioplanet_369","Starch and sucrose metabolism","Metabolism:Carbohydrate metabolism"
"bioplanet_369","Starch and sucrose metabolism","Small molecule metabolism"
"bioplanet_369","Starch and sucrose metabolism","Transport"
"bioplanet_37","Angiotensin-converting enzyme 2 regulation of heart function","Cardiovascular disease"
"bioplanet_37","Angiotensin-converting enzyme 2 regulation of heart function","CellActivation"
"bioplanet_37","Angiotensin-converting enzyme 2 regulation of heart function","Circulatory system"
"bioplanet_37","Angiotensin-converting enzyme 2 regulation of heart function","Excretory system"
"bioplanet_37","Angiotensin-converting enzyme 2 regulation of heart function","Genetic disease"
"bioplanet_37","Angiotensin-converting enzyme 2 regulation of heart function","Nervous system"
"bioplanet_370","Amino sugar and nucleotide sugar metabolism","Carbohydrate metabolism"
"bioplanet_370","Amino sugar and nucleotide sugar metabolism","Endocrine and metabolic disease"
"bioplanet_370","Amino sugar and nucleotide sugar metabolism","Energy metabolism"
"bioplanet_370","Amino sugar and nucleotide sugar metabolism","Genetic disease"
"bioplanet_370","Amino sugar and nucleotide sugar metabolism","Metabolism:Carbohydrate metabolism"
"bioplanet_370","Amino sugar and nucleotide sugar metabolism","Nucleic acid metabolism"
"bioplanet_370","Amino sugar and nucleotide sugar metabolism","Small molecule metabolism"
"bioplanet_371","Inositol phosphate metabolism","Cell death"
"bioplanet_371","Inositol phosphate metabolism","Cell differentiation"
"bioplanet_371","Inositol phosphate metabolism","Cell growth"
"bioplanet_371","Inositol phosphate metabolism","Cell motility"
"bioplanet_371","Inositol phosphate metabolism","Circulatory system"
"bioplanet_371","Inositol phosphate metabolism","Endocrine and metabolic disease"
"bioplanet_371","Inositol phosphate metabolism","Metabolism:Carbohydrate metabolism"
"bioplanet_371","Inositol phosphate metabolism","Small molecule metabolism"
"bioplanet_372","Pyruvate metabolism","Carbohydrate metabolism"
"bioplanet_372","Pyruvate metabolism","Endocrine and metabolic disease"
"bioplanet_372","Pyruvate metabolism","Energy metabolism"
"bioplanet_372","Pyruvate metabolism","Genetic disease"
"bioplanet_372","Pyruvate metabolism","Lipid metabolism"
"bioplanet_372","Pyruvate metabolism","Metabolism:Carbohydrate metabolism"
"bioplanet_372","Pyruvate metabolism","Small molecule metabolism"
"bioplanet_373","Glyoxylate and dicarboxylate metabolism","Energy metabolism"
"bioplanet_373","Glyoxylate and dicarboxylate metabolism","Metabolism:Carbohydrate metabolism"
"bioplanet_373","Glyoxylate and dicarboxylate metabolism","Small molecule metabolism"
"bioplanet_374","Propanoate metabolism","Energy metabolism"
"bioplanet_374","Propanoate metabolism","Lipid metabolism"
"bioplanet_374","Propanoate metabolism","Metabolism:Carbohydrate metabolism"
"bioplanet_374","Propanoate metabolism","Nervous system"
"bioplanet_374","Propanoate metabolism","Small molecule metabolism"
"bioplanet_374","Propanoate metabolism","Transport"
"bioplanet_374","Propanoate metabolism","Vitamin and cofactor metabolism"
"bioplanet_375","Butanoate metabolism","Digestive system"
"bioplanet_375","Butanoate metabolism","Endocrine and metabolic disease"
"bioplanet_375","Butanoate metabolism","Energy metabolism"
"bioplanet_375","Butanoate metabolism","Genetic disease"
"bioplanet_375","Butanoate metabolism","Lipid metabolism"
"bioplanet_375","Butanoate metabolism","Metabolism:Carbohydrate metabolism"
"bioplanet_375","Butanoate metabolism","Small molecule metabolism"
"bioplanet_376","Oxidative phosphorylation","Energy metabolism"
"bioplanet_376","Oxidative phosphorylation","Metabolism:Energy metabolism"
"bioplanet_376","Oxidative phosphorylation","Protein modification"
"bioplanet_376","Oxidative phosphorylation","Small molecule metabolism"
"bioplanet_377","Nitrogen metabolism","Metabolism:Energy metabolism"
"bioplanet_377","Nitrogen metabolism","Small molecule metabolism"
"bioplanet_378","Sulfur metabolism","Energy metabolism"
"bioplanet_378","Sulfur metabolism","Metabolism:Energy metabolism"
"bioplanet_378","Sulfur metabolism","Small molecule metabolism"
"bioplanet_378","Sulfur metabolism","Xenobiotic metabolism"
"bioplanet_379","Metabolism","Endocrine and metabolic disease"
"bioplanet_379","Metabolism","Energy metabolism"
"bioplanet_379","Metabolism","Genetic disease"
"bioplanet_379","Metabolism","Lipid metabolism"
"bioplanet_379","Metabolism","Metabolism:Global and overview maps"
"bioplanet_379","Metabolism","Nucleic acid metabolism"
"bioplanet_379","Metabolism","Small molecule metabolism"
"bioplanet_379","Metabolism","Vitamin and cofactor metabolism"
"bioplanet_379","Metabolism","Xenobiotic metabolism"
"bioplanet_38","Proepithelin conversion to epithelin and wound repair control","Cell division"
"bioplanet_38","Proepithelin conversion to epithelin and wound repair control","Cell motility"
"bioplanet_38","Proepithelin conversion to epithelin and wound repair control","CellActivation"
"bioplanet_380","N-glycan biosynthesis","Carbohydrate metabolism"
"bioplanet_380","N-glycan biosynthesis","Genetic disease"
"bioplanet_380","N-glycan biosynthesis","Metabolism:Glycan biosynthesis and metabolism"
"bioplanet_380","N-glycan biosynthesis","Protein modification"
"bioplanet_381","Other glycan degradation","Carbohydrate metabolism"
"bioplanet_381","Other glycan degradation","Endocrine and metabolic disease"
"bioplanet_381","Other glycan degradation","Genetic disease"
"bioplanet_381","Other glycan degradation","Metabolism:Glycan biosynthesis and metabolism"
"bioplanet_381","Other glycan degradation","Small molecule metabolism"
"bioplanet_382","O-glycan biosynthesis","Carbohydrate metabolism"
"bioplanet_382","O-glycan biosynthesis","Metabolism:Glycan biosynthesis and metabolism"
"bioplanet_382","O-glycan biosynthesis","Nervous system"
"bioplanet_382","O-glycan biosynthesis","Protein modification"
"bioplanet_383","O-mannosyl glycan biosynthesis","Carbohydrate metabolism"
"bioplanet_383","O-mannosyl glycan biosynthesis","Genetic disease"
"bioplanet_383","O-mannosyl glycan biosynthesis","Metabolism:Glycan biosynthesis and metabolism"
"bioplanet_384","Glycosaminoglycan degradation","Carbohydrate metabolism"
"bioplanet_384","Glycosaminoglycan degradation","Endocrine and metabolic disease"
"bioplanet_384","Glycosaminoglycan degradation","Metabolism:Glycan biosynthesis and metabolism"
"bioplanet_384","Glycosaminoglycan degradation","Small molecule metabolism"
"bioplanet_385","Glycosaminoglycan biosynthesis: chondroitin sulfate","Carbohydrate metabolism"
"bioplanet_385","Glycosaminoglycan biosynthesis: chondroitin sulfate","Metabolism:Glycan biosynthesis and metabolism"
"bioplanet_385","Glycosaminoglycan biosynthesis: chondroitin sulfate","Musculoskeletal system"
"bioplanet_385","Glycosaminoglycan biosynthesis: chondroitin sulfate","Small molecule metabolism"
"bioplanet_386","Glycosaminoglycan biosynthesis: keratan sulfate","Carbohydrate metabolism"
"bioplanet_386","Glycosaminoglycan biosynthesis: keratan sulfate","Metabolism:Glycan biosynthesis and metabolism"
"bioplanet_386","Glycosaminoglycan biosynthesis: keratan sulfate","Protein modification"
"bioplanet_386","Glycosaminoglycan biosynthesis: keratan sulfate","Small molecule metabolism"
"bioplanet_387","Glycosaminoglycan biosynthesis: heparan sulfate","Carbohydrate metabolism"
"bioplanet_387","Glycosaminoglycan biosynthesis: heparan sulfate","Cardiovascular disease"
"bioplanet_387","Glycosaminoglycan biosynthesis: heparan sulfate","Genetic disease"
"bioplanet_387","Glycosaminoglycan biosynthesis: heparan sulfate","Metabolism:Glycan biosynthesis and metabolism"
"bioplanet_387","Glycosaminoglycan biosynthesis: heparan sulfate","Small molecule metabolism"
"bioplanet_388","Glycosphingolipid biosynthesis: lacto and neolacto series","Carbohydrate metabolism"
"bioplanet_388","Glycosphingolipid biosynthesis: lacto and neolacto series","Lipid metabolism"
"bioplanet_388","Glycosphingolipid biosynthesis: lacto and neolacto series","Metabolism:Glycan biosynthesis and metabolism"
"bioplanet_388","Glycosphingolipid biosynthesis: lacto and neolacto series","Small molecule metabolism"
"bioplanet_389","Glycosphingolipid biosynthesis: globo series","Carbohydrate metabolism"
"bioplanet_389","Glycosphingolipid biosynthesis: globo series","Lipid metabolism"
"bioplanet_389","Glycosphingolipid biosynthesis: globo series","Metabolism:Glycan biosynthesis and metabolism"
"bioplanet_389","Glycosphingolipid biosynthesis: globo series","Small molecule metabolism"
"bioplanet_39","Cycling of Ran in nucleocytoplasmic transport","Cell division"
"bioplanet_39","Cycling of Ran in nucleocytoplasmic transport","CellActivation"
"bioplanet_39","Cycling of Ran in nucleocytoplasmic transport","RNA processing"
"bioplanet_39","Cycling of Ran in nucleocytoplasmic transport","Transport"
"bioplanet_390","Glycosphingolipid biosynthesis: ganglio series","Genetic disease"
"bioplanet_390","Glycosphingolipid biosynthesis: ganglio series","Lipid metabolism"
"bioplanet_390","Glycosphingolipid biosynthesis: ganglio series","Metabolism:Glycan biosynthesis and metabolism"
"bioplanet_390","Glycosphingolipid biosynthesis: ganglio series","Neurological disease"
"bioplanet_390","Glycosphingolipid biosynthesis: ganglio series","Protein modification"
"bioplanet_390","Glycosphingolipid biosynthesis: ganglio series","Small molecule metabolism"
"bioplanet_391","Fatty acid elongation in mitochondria","Endocrine and metabolic disease"
"bioplanet_391","Fatty acid elongation in mitochondria","Lipid metabolism"
"bioplanet_391","Fatty acid elongation in mitochondria","Metabolism:Lipid metabolism"
"bioplanet_391","Fatty acid elongation in mitochondria","Small molecule metabolism"
"bioplanet_392","Fatty acid metabolism","Endocrine and metabolic disease"
"bioplanet_392","Fatty acid metabolism","Energy metabolism"
"bioplanet_392","Fatty acid metabolism","Genetic disease"
"bioplanet_392","Fatty acid metabolism","Lipid metabolism"
"bioplanet_392","Fatty acid metabolism","Metabolism:Lipid metabolism"
"bioplanet_392","Fatty acid metabolism","Small molecule metabolism"
"bioplanet_393","Ketone body biosynthesis and degradation","Endocrine and metabolic disease"
"bioplanet_393","Ketone body biosynthesis and degradation","Lipid metabolism"
"bioplanet_393","Ketone body biosynthesis and degradation","Metabolism:Lipid metabolism"
"bioplanet_393","Ketone body biosynthesis and degradation","Small molecule metabolism"
"bioplanet_394","Steroid biosynthesis","Chronology"
"bioplanet_394","Steroid biosynthesis","Circulatory system"
"bioplanet_394","Steroid biosynthesis","Genetic disease"
"bioplanet_394","Steroid biosynthesis","Immune system"
"bioplanet_394","Steroid biosynthesis","Lipid metabolism"
"bioplanet_394","Steroid biosynthesis","Metabolism:Lipid metabolism"
"bioplanet_394","Steroid biosynthesis","Reproduction"
"bioplanet_394","Steroid biosynthesis","Small molecule metabolism"
"bioplanet_394","Steroid biosynthesis","Vitamin and cofactor metabolism"
"bioplanet_394","Steroid biosynthesis","Xenobiotic metabolism"
"bioplanet_395","Primary bile acid biosynthesis","Digestive system"
"bioplanet_395","Primary bile acid biosynthesis","Endocrine and metabolic disease"
"bioplanet_395","Primary bile acid biosynthesis","Lipid metabolism"
"bioplanet_395","Primary bile acid biosynthesis","Metabolism:Lipid metabolism"
"bioplanet_395","Primary bile acid biosynthesis","Small molecule metabolism"
"bioplanet_396","Steroid hormone biosynthesis","Chronology"
"bioplanet_396","Steroid hormone biosynthesis","Circulatory system"
"bioplanet_396","Steroid hormone biosynthesis","Genetic disease"
"bioplanet_396","Steroid hormone biosynthesis","Immune system"
"bioplanet_396","Steroid hormone biosynthesis","Lipid metabolism"
"bioplanet_396","Steroid hormone biosynthesis","Metabolism:Lipid metabolism"
"bioplanet_396","Steroid hormone biosynthesis","Reproduction"
"bioplanet_396","Steroid hormone biosynthesis","Small molecule metabolism"
"bioplanet_396","Steroid hormone biosynthesis","Vitamin and cofactor metabolism"
"bioplanet_396","Steroid hormone biosynthesis","Xenobiotic metabolism"
"bioplanet_397","Glycerolipid metabolism","Endocrine and metabolic disease"
"bioplanet_397","Glycerolipid metabolism","Endocrine system"
"bioplanet_397","Glycerolipid metabolism","Energy metabolism"
"bioplanet_397","Glycerolipid metabolism","Genetic disease"
"bioplanet_397","Glycerolipid metabolism","Lipid metabolism"
"bioplanet_397","Glycerolipid metabolism","Metabolism:Lipid metabolism"
"bioplanet_397","Glycerolipid metabolism","Small molecule metabolism"
"bioplanet_398","Glycerophospholipid metabolism","Energy metabolism"
"bioplanet_398","Glycerophospholipid metabolism","Lipid metabolism"
"bioplanet_398","Glycerophospholipid metabolism","Metabolism:Lipid metabolism"
"bioplanet_398","Glycerophospholipid metabolism","Nervous system"
"bioplanet_399","Ether lipid metabolism","Energy metabolism"
"bioplanet_399","Ether lipid metabolism","Lipid metabolism"
"bioplanet_399","Ether lipid metabolism","Metabolism:Lipid metabolism"
"bioplanet_399","Ether lipid metabolism","Small molecule metabolism"
"bioplanet_4","Cell to cell adhesion signaling","Adhesion"
"bioplanet_4","Cell to cell adhesion signaling","Cancer"
"bioplanet_4","Cell to cell adhesion signaling","Cardiovascular disease"
"bioplanet_4","Cell to cell adhesion signaling","CellSignaling"
"bioplanet_4","Cell to cell adhesion signaling","Immune system"
"bioplanet_40","Inhibition of platelet activation by aspirin","Cardiovascular disease"
"bioplanet_40","Inhibition of platelet activation by aspirin","Cell proliferation"
"bioplanet_40","Inhibition of platelet activation by aspirin","CellActivation"
"bioplanet_40","Inhibition of platelet activation by aspirin","Circulatory system"
"bioplanet_40","Inhibition of platelet activation by aspirin","Transport"
"bioplanet_400","Arachidonic acid metabolism","Cancer"
"bioplanet_400","Arachidonic acid metabolism","Lipid metabolism"
"bioplanet_400","Arachidonic acid metabolism","Metabolism:Lipid metabolism"
"bioplanet_400","Arachidonic acid metabolism","Musculoskeletal system"
"bioplanet_400","Arachidonic acid metabolism","Nervous system"
"bioplanet_400","Arachidonic acid metabolism","Small molecule metabolism"
"bioplanet_400","Arachidonic acid metabolism","Stress response"
"bioplanet_401","Linoleic acid metabolism","Energy metabolism"
"bioplanet_401","Linoleic acid metabolism","Lipid metabolism"
"bioplanet_401","Linoleic acid metabolism","Metabolism:Lipid metabolism"
"bioplanet_401","Linoleic acid metabolism","Small molecule metabolism"
"bioplanet_401","Linoleic acid metabolism","Transport"
"bioplanet_402","Alpha-linolenic acid metabolism","Endocrine and metabolic disease"
"bioplanet_402","Alpha-linolenic acid metabolism","Genetic disease"
"bioplanet_402","Alpha-linolenic acid metabolism","Lipid metabolism"
"bioplanet_402","Alpha-linolenic acid metabolism","Metabolism:Lipid metabolism"
"bioplanet_402","Alpha-linolenic acid metabolism","Small molecule metabolism"
"bioplanet_403","Biosynthesis of unsaturated fatty acids","Endocrine and metabolic disease"
"bioplanet_403","Biosynthesis of unsaturated fatty acids","Genetic disease"
"bioplanet_403","Biosynthesis of unsaturated fatty acids","Lipid metabolism"
"bioplanet_403","Biosynthesis of unsaturated fatty acids","Metabolism:Lipid metabolism"
"bioplanet_403","Biosynthesis of unsaturated fatty acids","Small molecule metabolism"
"bioplanet_404","Beta-alanine metabolism","Endocrine and metabolic disease"
"bioplanet_404","Beta-alanine metabolism","Genetic disease"
"bioplanet_404","Beta-alanine metabolism","Metabolism:Metabolism of other amino acids"
"bioplanet_404","Beta-alanine metabolism","Nervous system"
"bioplanet_404","Beta-alanine metabolism","Small molecule metabolism"
"bioplanet_405","Taurine and hypotaurine metabolism","Metabolism:Metabolism of other amino acids"
"bioplanet_405","Taurine and hypotaurine metabolism","Small molecule metabolism"
"bioplanet_406","Selenoamino acid metabolism","Metabolism:Metabolism of other amino acids"
"bioplanet_406","Selenoamino acid metabolism","Nervous system"
"bioplanet_406","Selenoamino acid metabolism","Small molecule metabolism"
"bioplanet_407","Cyanoamino acid metabolism","Metabolism:Metabolism of other amino acids"
"bioplanet_407","Cyanoamino acid metabolism","Small molecule metabolism"
"bioplanet_408","D-Glutamine and D-glutamate metabolism","Endocrine and metabolic disease"
"bioplanet_408","D-Glutamine and D-glutamate metabolism","Metabolism:Metabolism of other amino acids"
"bioplanet_408","D-Glutamine and D-glutamate metabolism","Nervous system"
"bioplanet_409","Glutathione metabolism","Cancer"
"bioplanet_409","Glutathione metabolism","Hepatotoxicity"
"bioplanet_409","Glutathione metabolism","Metabolism:Metabolism of other amino acids"
"bioplanet_409","Glutathione metabolism","Small molecule metabolism"
"bioplanet_409","Glutathione metabolism","Xenobiotic metabolism"
"bioplanet_41","Basic mechanisms of SUMOylation","CellActivation"
"bioplanet_41","Basic mechanisms of SUMOylation","Protein modification"
"bioplanet_41","Basic mechanisms of SUMOylation","RNA processing"
"bioplanet_410","Terpenoid backbone biosynthesis","Lipid metabolism"
"bioplanet_410","Terpenoid backbone biosynthesis","Metabolism:Metabolism of terpenoids and polyketides"
"bioplanet_410","Terpenoid backbone biosynthesis","Small molecule metabolism"
"bioplanet_411","Purine metabolism","Metabolism:Nucleotide metabolism"
"bioplanet_411","Purine metabolism","Neurological disease"
"bioplanet_411","Purine metabolism","Nucleic acid metabolism"
"bioplanet_411","Purine metabolism","Small molecule metabolism"
"bioplanet_412","Pyrimidine metabolism","Genetic disease"
"bioplanet_412","Pyrimidine metabolism","Metabolism:Nucleotide metabolism"
"bioplanet_412","Pyrimidine metabolism","Nucleic acid metabolism"
"bioplanet_412","Pyrimidine metabolism","Small molecule metabolism"
"bioplanet_413","Drug metabolism: cytochrome P450","Cancer"
"bioplanet_413","Drug metabolism: cytochrome P450","Metabolism:Xenobiotics biodegradation and metabolism"
"bioplanet_413","Drug metabolism: cytochrome P450","Small molecule metabolism"
"bioplanet_413","Drug metabolism: cytochrome P450","Xenobiotic metabolism"
"bioplanet_414","Drug metabolism: other enzymes","Genetic disease"
"bioplanet_414","Drug metabolism: other enzymes","Lipid metabolism"
"bioplanet_414","Drug metabolism: other enzymes","Metabolism:Xenobiotics biodegradation and metabolism"
"bioplanet_414","Drug metabolism: other enzymes","Small molecule metabolism"
"bioplanet_414","Drug metabolism: other enzymes","Xenobiotic metabolism"
"bioplanet_415","Phosphatidylcholine biosynthesis pathway","Lipid metabolism"
"bioplanet_415","Phosphatidylcholine biosynthesis pathway","Metabolism"
"bioplanet_416","Multi-drug resistance factors","Metabolism"
"bioplanet_416","Multi-drug resistance factors","Small molecule metabolism"
"bioplanet_416","Multi-drug resistance factors","Transport"
"bioplanet_416","Multi-drug resistance factors","Xenobiotic metabolism"
"bioplanet_417","Mechanism of acetaminophen activity and toxicity","Hepatotoxicity"
"bioplanet_417","Mechanism of acetaminophen activity and toxicity","Metabolism"
"bioplanet_417","Mechanism of acetaminophen activity and toxicity","Small molecule metabolism"
"bioplanet_417","Mechanism of acetaminophen activity and toxicity","Xenobiotic metabolism"
"bioplanet_418","Glycosylation of mammalian N-linked oligosaccarides","Carbohydrate metabolism"
"bioplanet_418","Glycosylation of mammalian N-linked oligosaccarides","Metabolism"
"bioplanet_419","ChREBP regulation by carbohydrates and cAMP","Carbohydrate metabolism"
"bioplanet_419","ChREBP regulation by carbohydrates and cAMP","Cell death"
"bioplanet_419","ChREBP regulation by carbohydrates and cAMP","Endocrine and metabolic disease"
"bioplanet_419","ChREBP regulation by carbohydrates and cAMP","Genetic disease"
"bioplanet_419","ChREBP regulation by carbohydrates and cAMP","Lipid metabolism"
"bioplanet_419","ChREBP regulation by carbohydrates and cAMP","Metabolism"
"bioplanet_419","ChREBP regulation by carbohydrates and cAMP","Small molecule metabolism"
"bioplanet_419","ChREBP regulation by carbohydrates and cAMP","Transport"
"bioplanet_42","Actions of nitric oxide in the heart","Cardiovascular disease"
"bioplanet_42","Actions of nitric oxide in the heart","CellActivation"
"bioplanet_42","Actions of nitric oxide in the heart","Circulatory system"
"bioplanet_42","Actions of nitric oxide in the heart","Small molecule metabolism"
"bioplanet_42","Actions of nitric oxide in the heart","Stress response"
"bioplanet_42","Actions of nitric oxide in the heart","Transport"
"bioplanet_420","Mitochondrial carnitine palmitoyltransferase (CPT) system","Endocrine and metabolic disease"
"bioplanet_420","Mitochondrial carnitine palmitoyltransferase (CPT) system","Energy metabolism"
"bioplanet_420","Mitochondrial carnitine palmitoyltransferase (CPT) system","Lipid metabolism"
"bioplanet_420","Mitochondrial carnitine palmitoyltransferase (CPT) system","Metabolism"
"bioplanet_420","Mitochondrial carnitine palmitoyltransferase (CPT) system","Small molecule metabolism"
"bioplanet_421","FYVE-finger proteins in vesicle transport","Cancer"
"bioplanet_421","FYVE-finger proteins in vesicle transport","Metabolism"
"bioplanet_421","FYVE-finger proteins in vesicle transport","Small molecule metabolism"
"bioplanet_421","FYVE-finger proteins in vesicle transport","Transport"
"bioplanet_422","Eicosanoid metabolism","Lipid metabolism"
"bioplanet_422","Eicosanoid metabolism","Metabolism"
"bioplanet_422","Eicosanoid metabolism","Nervous system"
"bioplanet_422","Eicosanoid metabolism","Small molecule metabolism"
"bioplanet_423","ER-associated degradation (ERAD) pathway","Metabolism"
"bioplanet_423","ER-associated degradation (ERAD) pathway","Protein folding, sorting and degradation"
"bioplanet_423","ER-associated degradation (ERAD) pathway","Protein modification"
"bioplanet_423","ER-associated degradation (ERAD) pathway","Stress response"
"bioplanet_424","Electron transport reaction in mitochondria","Cancer"
"bioplanet_424","Electron transport reaction in mitochondria","Endocrine and metabolic disease"
"bioplanet_424","Electron transport reaction in mitochondria","Energy metabolism"
"bioplanet_424","Electron transport reaction in mitochondria","Genetic disease"
"bioplanet_424","Electron transport reaction in mitochondria","Metabolism"
"bioplanet_424","Electron transport reaction in mitochondria","Neurological disease"
"bioplanet_424","Electron transport reaction in mitochondria","Small molecule metabolism"
"bioplanet_424","Electron transport reaction in mitochondria","Transport"
"bioplanet_425","Extrinsic prothrombin activation pathway","Cardiovascular disease"
"bioplanet_425","Extrinsic prothrombin activation pathway","Circulatory system"
"bioplanet_425","Extrinsic prothrombin activation pathway","Immune system"
"bioplanet_425","Extrinsic prothrombin activation pathway","Infectious disease"
"bioplanet_425","Extrinsic prothrombin activation pathway","Metabolism"
"bioplanet_426","Ghrelin-mediated regulation of food intake and energy homeostasis","Endocrine and metabolic disease"
"bioplanet_426","Ghrelin-mediated regulation of food intake and energy homeostasis","Energy metabolism"
"bioplanet_426","Ghrelin-mediated regulation of food intake and energy homeostasis","Metabolism"
"bioplanet_427","","Metabolism"
"bioplanet_428","Low-density lipoprotein (LDL) pathway during atherogenesis","Cardiovascular disease"
"bioplanet_428","Low-density lipoprotein (LDL) pathway during atherogenesis","Circulatory system"
"bioplanet_428","Low-density lipoprotein (LDL) pathway during atherogenesis","Digestive system"
"bioplanet_428","Low-density lipoprotein (LDL) pathway during atherogenesis","Endocrine and metabolic disease"
"bioplanet_428","Low-density lipoprotein (LDL) pathway during atherogenesis","Lipid metabolism"
"bioplanet_428","Low-density lipoprotein (LDL) pathway during atherogenesis","Metabolism"
"bioplanet_428","Low-density lipoprotein (LDL) pathway during atherogenesis","Transport"
"bioplanet_429","Malate-aspartate shuttle","Energy metabolism"
"bioplanet_429","Malate-aspartate shuttle","Metabolism"
"bioplanet_429","Malate-aspartate shuttle","Small molecule metabolism"
"bioplanet_429","Malate-aspartate shuttle","Transport"
"bioplanet_43","Activation of Src by protein tyrosine phosphatase alpha","Cell division"
"bioplanet_43","Activation of Src by protein tyrosine phosphatase alpha","CellActivation"
"bioplanet_43","Activation of Src by protein tyrosine phosphatase alpha","CellCycleRegulation"
"bioplanet_43","Activation of Src by protein tyrosine phosphatase alpha","Immune disease"
"bioplanet_43","Activation of Src by protein tyrosine phosphatase alpha","Protein modification"
"bioplanet_430","Shuttle for transfer of acetyl groups from mitochondria to the cytosol","Carbohydrate metabolism"
"bioplanet_430","Shuttle for transfer of acetyl groups from mitochondria to the cytosol","Energy metabolism"
"bioplanet_430","Shuttle for transfer of acetyl groups from mitochondria to the cytosol","Infectious disease"
"bioplanet_430","Shuttle for transfer of acetyl groups from mitochondria to the cytosol","Metabolism"
"bioplanet_430","Shuttle for transfer of acetyl groups from mitochondria to the cytosol","Small molecule metabolism"
"bioplanet_431","Mechanism of protein import into the nucleus","Metabolism"
"bioplanet_431","Mechanism of protein import into the nucleus","Transport"
"bioplanet_432","Platelet amyloid precursor protein pathway","Cardiovascular disease"
"bioplanet_432","Platelet amyloid precursor protein pathway","Circulatory system"
"bioplanet_432","Platelet amyloid precursor protein pathway","Infectious disease"
"bioplanet_432","Platelet amyloid precursor protein pathway","Metabolism"
"bioplanet_433","Rab GTPases mark targets in the endocytotic machinery","Infectious disease"
"bioplanet_433","Rab GTPases mark targets in the endocytotic machinery","Metabolism"
"bioplanet_433","Rab GTPases mark targets in the endocytotic machinery","Transport"
"bioplanet_434","Prothrombin activation intrinsic pathway","Cardiovascular disease"
"bioplanet_434","Prothrombin activation intrinsic pathway","Circulatory system"
"bioplanet_434","Prothrombin activation intrinsic pathway","Digestive system"
"bioplanet_434","Prothrombin activation intrinsic pathway","Metabolism"
"bioplanet_435","Fibrinolysis pathway","Circulatory system"
"bioplanet_435","Fibrinolysis pathway","Metabolism"
"bioplanet_435","Fibrinolysis pathway","Stress response"
"bioplanet_436","Anandamide metabolism","Lipid metabolism"
"bioplanet_436","Anandamide metabolism","Metabolism"
"bioplanet_436","Anandamide metabolism","Nervous system"
"bioplanet_436","Anandamide metabolism","Neurological disease"
"bioplanet_436","Anandamide metabolism","Neuroscience"
"bioplanet_436","Anandamide metabolism","Small molecule metabolism"
"bioplanet_437","Generation of amyloid beta-peptide by PS1","Nervous system"
"bioplanet_437","Generation of amyloid beta-peptide by PS1","Neurological disease"
"bioplanet_437","Generation of amyloid beta-peptide by PS1","Neuroscience"
"bioplanet_437","Generation of amyloid beta-peptide by PS1","Protein folding, sorting and degradation"
"bioplanet_437","Generation of amyloid beta-peptide by PS1","Protein modification"
"bioplanet_438","Blockade of neurotransmitter release by botulinum toxin","Infectious disease"
"bioplanet_438","Blockade of neurotransmitter release by botulinum toxin","Nervous system"
"bioplanet_438","Blockade of neurotransmitter release by botulinum toxin","Neuroscience"
"bioplanet_438","Blockade of neurotransmitter release by botulinum toxin","Transport"
"bioplanet_439","Gamma-aminobutyric acid receptor life cycle","Nervous system"
"bioplanet_439","Gamma-aminobutyric acid receptor life cycle","Neurological disease"
"bioplanet_439","Gamma-aminobutyric acid receptor life cycle","Neuroscience"
"bioplanet_439","Gamma-aminobutyric acid receptor life cycle","Physical disorder"
"bioplanet_439","Gamma-aminobutyric acid receptor life cycle","Transport"
"bioplanet_44","AKAP95 role in mitosis and chromosome dynamics","Cell division"
"bioplanet_44","AKAP95 role in mitosis and chromosome dynamics","Cell proliferation"
"bioplanet_44","AKAP95 role in mitosis and chromosome dynamics","CellActivation"
"bioplanet_44","AKAP95 role in mitosis and chromosome dynamics","CellCycleRegulation"
"bioplanet_44","AKAP95 role in mitosis and chromosome dynamics","Reproduction"
"bioplanet_44","AKAP95 role in mitosis and chromosome dynamics","Small molecule metabolism"
"bioplanet_44","AKAP95 role in mitosis and chromosome dynamics","Transport"
"bioplanet_440","Endocytotic role of NDK, phosphins and dynamin","Immune system"
"bioplanet_440","Endocytotic role of NDK, phosphins and dynamin","Nervous system"
"bioplanet_440","Endocytotic role of NDK, phosphins and dynamin","Neurological disease"
"bioplanet_440","Endocytotic role of NDK, phosphins and dynamin","Neuroscience"
"bioplanet_440","Endocytotic role of NDK, phosphins and dynamin","Reproduction"
"bioplanet_440","Endocytotic role of NDK, phosphins and dynamin","Transport"
"bioplanet_441","Deregulation of CDK5 in Alzheimer's disease","Nervous system"
"bioplanet_441","Deregulation of CDK5 in Alzheimer's disease","Neurological disease"
"bioplanet_441","Deregulation of CDK5 in Alzheimer's disease","Neuroscience"
"bioplanet_441","Deregulation of CDK5 in Alzheimer's disease","Protein modification"
"bioplanet_442","Synaptic proteins at the synaptic junction","Nervous system"
"bioplanet_442","Synaptic proteins at the synaptic junction","Neurological disease"
"bioplanet_442","Synaptic proteins at the synaptic junction","Neuroscience"
"bioplanet_443","Prion pathway","Nervous system"
"bioplanet_443","Prion pathway","Neurological disease"
"bioplanet_443","Prion pathway","Neuroscience"
"bioplanet_443","Prion pathway","Transport"
"bioplanet_444","Cardiac muscle contraction","Cardiovascular disease"
"bioplanet_444","Cardiac muscle contraction","Circulatory system"
"bioplanet_444","Cardiac muscle contraction","Energy metabolism"
"bioplanet_444","Cardiac muscle contraction","Genetic disease"
"bioplanet_444","Cardiac muscle contraction","Musculoskeletal system"
"bioplanet_444","Cardiac muscle contraction","Neurological disease"
"bioplanet_444","Cardiac muscle contraction","Organismal Systems:Circulatory system"
"bioplanet_445","Vascular smooth muscle contraction","Cardiovascular disease"
"bioplanet_445","Vascular smooth muscle contraction","Circulatory system"
"bioplanet_445","Vascular smooth muscle contraction","Excretory system"
"bioplanet_445","Vascular smooth muscle contraction","Musculoskeletal system"
"bioplanet_445","Vascular smooth muscle contraction","Organismal Systems:Circulatory system"
"bioplanet_446","Dorso-ventral axis formation","Cancer"
"bioplanet_446","Dorso-ventral axis formation","Cell differentiation"
"bioplanet_446","Dorso-ventral axis formation","Cell proliferation"
"bioplanet_446","Dorso-ventral axis formation","Nervous system"
"bioplanet_446","Dorso-ventral axis formation","Organismal Systems:Development"
"bioplanet_446","Dorso-ventral axis formation","Reproduction"
"bioplanet_447","Salivary secretion","Digestive system"
"bioplanet_447","Salivary secretion","Organismal Systems:Digestive system"
"bioplanet_448","Gastric acid secretion","Digestive system"
"bioplanet_448","Gastric acid secretion","Endocrine and metabolic disease"
"bioplanet_448","Gastric acid secretion","Energy metabolism"
"bioplanet_448","Gastric acid secretion","Organismal Systems:Digestive system"
"bioplanet_448","Gastric acid secretion","Transport"
"bioplanet_449","Pancreatic secretion","Carbohydrate metabolism"
"bioplanet_449","Pancreatic secretion","Digestive system"
"bioplanet_449","Pancreatic secretion","Endocrine and metabolic disease"
"bioplanet_449","Pancreatic secretion","Endocrine system"
"bioplanet_449","Pancreatic secretion","Lipid metabolism"
"bioplanet_449","Pancreatic secretion","Organismal Systems:Digestive system"
"bioplanet_449","Pancreatic secretion","Small molecule metabolism"
"bioplanet_449","Pancreatic secretion","Transport"
"bioplanet_45","Y branching of actin filaments","Cell motility"
"bioplanet_45","Y branching of actin filaments","CellActivation"
"bioplanet_45","Y branching of actin filaments","CellSignaling"
"bioplanet_45","Y branching of actin filaments","Immune system"
"bioplanet_45","Y branching of actin filaments","Infectious disease"
"bioplanet_450","PPAR signaling pathway","Cancer"
"bioplanet_450","PPAR signaling pathway","Cell growth"
"bioplanet_450","PPAR signaling pathway","Digestive system"
"bioplanet_450","PPAR signaling pathway","Lipid metabolism"
"bioplanet_450","PPAR signaling pathway","Liver toxicity"
"bioplanet_450","PPAR signaling pathway","Organismal Systems:Endocrine system"
"bioplanet_450","PPAR signaling pathway","Transport"
"bioplanet_451","Renin-angiotensin system","Cardiovascular disease"
"bioplanet_451","Renin-angiotensin system","Circulatory system"
"bioplanet_451","Renin-angiotensin system","Excretory system"
"bioplanet_451","Renin-angiotensin system","Organismal Systems:Endocrine system"
"bioplanet_452","Insulin signaling pathway","Carbohydrate metabolism"
"bioplanet_452","Insulin signaling pathway","Circulatory system"
"bioplanet_452","Insulin signaling pathway","Endocrine and metabolic disease"
"bioplanet_452","Insulin signaling pathway","Endocrine system"
"bioplanet_452","Insulin signaling pathway","Lipid metabolism"
"bioplanet_452","Insulin signaling pathway","Organismal Systems:Endocrine system"
"bioplanet_452","Insulin signaling pathway","Stress response"
"bioplanet_453","GnRH signaling pathway","Cancer"
"bioplanet_453","GnRH signaling pathway","Endocrine system"
"bioplanet_453","GnRH signaling pathway","Organismal Systems:Endocrine system"
"bioplanet_453","GnRH signaling pathway","Reproduction"
"bioplanet_453","GnRH signaling pathway","Stress response"
"bioplanet_454","Progesterone-mediated oocyte maturation","Cell division"
"bioplanet_454","Progesterone-mediated oocyte maturation","Cell proliferation"
"bioplanet_454","Progesterone-mediated oocyte maturation","Organismal Systems:Endocrine system"
"bioplanet_454","Progesterone-mediated oocyte maturation","Reproduction"
"bioplanet_455","Melanogenesis","Cancer"
"bioplanet_455","Melanogenesis","Cell differentiation"
"bioplanet_455","Melanogenesis","Organismal Systems:Endocrine system"
"bioplanet_455","Melanogenesis","Stress response"
"bioplanet_455","Melanogenesis","Transport"
"bioplanet_456","Adipocytokine signaling pathway","Carbohydrate metabolism"
"bioplanet_456","Adipocytokine signaling pathway","Cardiovascular disease"
"bioplanet_456","Adipocytokine signaling pathway","Chronology"
"bioplanet_456","Adipocytokine signaling pathway","Circulatory system"
"bioplanet_456","Adipocytokine signaling pathway","Digestive system"
"bioplanet_456","Adipocytokine signaling pathway","Endocrine and metabolic disease"
"bioplanet_456","Adipocytokine signaling pathway","Infectious disease"
"bioplanet_456","Adipocytokine signaling pathway","Lipid metabolism"
"bioplanet_456","Adipocytokine signaling pathway","Organismal Systems:Endocrine system"
"bioplanet_456","Adipocytokine signaling pathway","Small molecule metabolism"
"bioplanet_456","Adipocytokine signaling pathway","Stress response"
"bioplanet_456","Adipocytokine signaling pathway","Transport"
"bioplanet_457","","Organismal Systems:Environmental adaptation"
"bioplanet_458","Aldosterone-regulated sodium reabsorption","Cardiovascular disease"
"bioplanet_458","Aldosterone-regulated sodium reabsorption","Circulatory system"
"bioplanet_458","Aldosterone-regulated sodium reabsorption","Endocrine and metabolic disease"
"bioplanet_458","Aldosterone-regulated sodium reabsorption","Lipid metabolism"
"bioplanet_458","Aldosterone-regulated sodium reabsorption","Organismal Systems:Excretory system"
"bioplanet_458","Aldosterone-regulated sodium reabsorption","Stress response"
"bioplanet_458","Aldosterone-regulated sodium reabsorption","Transport"
"bioplanet_459","Vasopressin-regulated water reabsorption","Cardiovascular disease"
"bioplanet_459","Vasopressin-regulated water reabsorption","Circulatory system"
"bioplanet_459","Vasopressin-regulated water reabsorption","G-protein coupled receptor"
"bioplanet_459","Vasopressin-regulated water reabsorption","Organismal Systems:Excretory system"
"bioplanet_459","Vasopressin-regulated water reabsorption","Transport"
"bioplanet_46","Selective expression of chemokine receptors during T-cell polarization","Cell motility"
"bioplanet_46","Selective expression of chemokine receptors during T-cell polarization","CellActivation"
"bioplanet_46","Selective expression of chemokine receptors during T-cell polarization","CellSignaling"
"bioplanet_46","Selective expression of chemokine receptors during T-cell polarization","CytokinesChemokines"
"bioplanet_46","Selective expression of chemokine receptors during T-cell polarization","Hematopoiesis"
"bioplanet_46","Selective expression of chemokine receptors during T-cell polarization","Immune disease"
"bioplanet_46","Selective expression of chemokine receptors during T-cell polarization","Immune system"
"bioplanet_46","Selective expression of chemokine receptors during T-cell polarization","Immunology"
"bioplanet_460","Proximal tubule bicarbonate reclamation","Cardiovascular disease"
"bioplanet_460","Proximal tubule bicarbonate reclamation","Excretory system"
"bioplanet_460","Proximal tubule bicarbonate reclamation","Organismal Systems:Excretory system"
"bioplanet_460","Proximal tubule bicarbonate reclamation","Protein modification"
"bioplanet_460","Proximal tubule bicarbonate reclamation","Small molecule metabolism"
"bioplanet_460","Proximal tubule bicarbonate reclamation","Transport"
"bioplanet_461","Collecting duct acid secretion","Excretory system"
"bioplanet_461","Collecting duct acid secretion","Genetic disease"
"bioplanet_461","Collecting duct acid secretion","Organismal Systems:Excretory system"
"bioplanet_461","Collecting duct acid secretion","Transport"
"bioplanet_462","Chemokine signaling pathway","Cancer"
"bioplanet_462","Chemokine signaling pathway","Cell motility"
"bioplanet_462","Chemokine signaling pathway","Immune disease"
"bioplanet_462","Chemokine signaling pathway","Immune system"
"bioplanet_462","Chemokine signaling pathway","Organismal Systems:Immune system"
"bioplanet_463","Complement and coagulation cascades","Cardiovascular disease"
"bioplanet_463","Complement and coagulation cascades","Genetic disease"
"bioplanet_463","Complement and coagulation cascades","Immune system"
"bioplanet_463","Complement and coagulation cascades","Infectious disease"
"bioplanet_463","Complement and coagulation cascades","Organismal Systems:Immune system"
"bioplanet_464","Antigen processing and presentation","Immune disease"
"bioplanet_464","Antigen processing and presentation","Immune system"
"bioplanet_464","Antigen processing and presentation","Infectious disease"
"bioplanet_464","Antigen processing and presentation","Organismal Systems:Immune system"
"bioplanet_464","Antigen processing and presentation","Protein folding, sorting and degradation"
"bioplanet_464","Antigen processing and presentation","Protein modification"
"bioplanet_464","Antigen processing and presentation","Small molecule metabolism"
"bioplanet_465","NOD signaling pathway","Cell differentiation"
"bioplanet_465","NOD signaling pathway","Immune system"
"bioplanet_465","NOD signaling pathway","Infectious disease"
"bioplanet_465","NOD signaling pathway","Organismal Systems:Immune system"
"bioplanet_466","RIG-I-like receptor signaling pathway","Immune disease"
"bioplanet_466","RIG-I-like receptor signaling pathway","Immune system"
"bioplanet_466","RIG-I-like receptor signaling pathway","Infectious disease"
"bioplanet_466","RIG-I-like receptor signaling pathway","Organismal Systems:Immune system"
"bioplanet_466","RIG-I-like receptor signaling pathway","Transcription"
"bioplanet_467","Cytosolic DNA-sensing pathway","Cancer"
"bioplanet_467","Cytosolic DNA-sensing pathway","Immune disease"
"bioplanet_467","Cytosolic DNA-sensing pathway","Immune system"
"bioplanet_467","Cytosolic DNA-sensing pathway","Infectious disease"
"bioplanet_467","Cytosolic DNA-sensing pathway","Organismal Systems:Immune system"
"bioplanet_468","Hematopoietic cell lineage","Cardiovascular disease"
"bioplanet_468","Hematopoietic cell lineage","Cell differentiation"
"bioplanet_468","Hematopoietic cell lineage","Cell proliferation"
"bioplanet_468","Hematopoietic cell lineage","Immune disease"
"bioplanet_468","Hematopoietic cell lineage","Immune system"
"bioplanet_468","Hematopoietic cell lineage","Infectious disease"
"bioplanet_468","Hematopoietic cell lineage","Organismal Systems:Immune system"
"bioplanet_469","Natural killer cell-mediated cytotoxicity","Circulatory system"
"bioplanet_469","Natural killer cell-mediated cytotoxicity","Immune disease"
"bioplanet_469","Natural killer cell-mediated cytotoxicity","Immune system"
"bioplanet_469","Natural killer cell-mediated cytotoxicity","Infectious disease"
"bioplanet_469","Natural killer cell-mediated cytotoxicity","Organismal Systems:Immune system"
"bioplanet_469","Natural killer cell-mediated cytotoxicity","Physical disorder"
"bioplanet_47","NO2-dependent IL-12 pathway in NK cells","CellActivation"
"bioplanet_47","NO2-dependent IL-12 pathway in NK cells","CellSignaling"
"bioplanet_47","NO2-dependent IL-12 pathway in NK cells","CytokinesChemokines"
"bioplanet_47","NO2-dependent IL-12 pathway in NK cells","Immune system"
"bioplanet_47","NO2-dependent IL-12 pathway in NK cells","Immunology"
"bioplanet_47","NO2-dependent IL-12 pathway in NK cells","Infectious disease"
"bioplanet_470","T cell receptor signaling pathway","Cell differentiation"
"bioplanet_470","T cell receptor signaling pathway","Cell proliferation"
"bioplanet_470","T cell receptor signaling pathway","Immune disease"
"bioplanet_470","T cell receptor signaling pathway","Immune system"
"bioplanet_470","T cell receptor signaling pathway","Organismal Systems:Immune system"
"bioplanet_470","T cell receptor signaling pathway","Stress response"
"bioplanet_471","Fc epsilon receptor I signaling pathway","Cancer"
"bioplanet_471","Fc epsilon receptor I signaling pathway","Circulatory system"
"bioplanet_471","Fc epsilon receptor I signaling pathway","Immune system"
"bioplanet_471","Fc epsilon receptor I signaling pathway","Organismal Systems:Immune system"
"bioplanet_471","Fc epsilon receptor I signaling pathway","Stress response"
"bioplanet_471","Fc epsilon receptor I signaling pathway","Transcription"
"bioplanet_472","Fc gamma receptor-mediated phagocytosis","Cancer"
"bioplanet_472","Fc gamma receptor-mediated phagocytosis","Immune system"
"bioplanet_472","Fc gamma receptor-mediated phagocytosis","Infectious disease"
"bioplanet_472","Fc gamma receptor-mediated phagocytosis","Organismal Systems:Immune system"
"bioplanet_472","Fc gamma receptor-mediated phagocytosis","Stress response"
"bioplanet_473","Leukocyte transendothelial migration","Cancer"
"bioplanet_473","Leukocyte transendothelial migration","Cell motility"
"bioplanet_473","Leukocyte transendothelial migration","Immune system"
"bioplanet_473","Leukocyte transendothelial migration","Infectious disease"
"bioplanet_473","Leukocyte transendothelial migration","Organismal Systems:Immune system"
"bioplanet_474","Intestinal immune network for IgA production","Genetic disease"
"bioplanet_474","Intestinal immune network for IgA production","Immune disease"
"bioplanet_474","Intestinal immune network for IgA production","Immune system"
"bioplanet_474","Intestinal immune network for IgA production","Infectious disease"
"bioplanet_474","Intestinal immune network for IgA production","Organismal Systems:Immune system"
"bioplanet_475","Long-term potentiation","Cell proliferation"
"bioplanet_475","Long-term potentiation","Nervous system"
"bioplanet_475","Long-term potentiation","Neurological disease"
"bioplanet_475","Long-term potentiation","Organismal Systems:Nervous system"
"bioplanet_475","Long-term potentiation","Reproduction"
"bioplanet_475","Long-term potentiation","Stress response"
"bioplanet_475","Long-term potentiation","Substance dependence"
"bioplanet_475","Long-term potentiation","Transport"
"bioplanet_476","Neurotrophin signaling pathway","Cancer"
"bioplanet_476","Neurotrophin signaling pathway","Cell death"
"bioplanet_476","Neurotrophin signaling pathway","Organismal Systems:Nervous system"
"bioplanet_476","Neurotrophin signaling pathway","Stress response"
"bioplanet_477","Long-term depression","Nervous system"
"bioplanet_477","Long-term depression","Organismal Systems:Nervous system"
"bioplanet_477","Long-term depression","Substance dependence"
"bioplanet_477","Long-term depression","Transport"
"bioplanet_478","Olfactory transduction","Nervous system"
"bioplanet_478","Olfactory transduction","Organismal Systems:Sensory system"
"bioplanet_478","Olfactory transduction","Sensory system"
"bioplanet_479","Taste transduction","Genetic disease"
"bioplanet_479","Taste transduction","Organismal Systems:Sensory system"
"bioplanet_479","Taste transduction","Sensory system"
"bioplanet_479","Taste transduction","Transcription"
"bioplanet_479","Taste transduction","Transport"
"bioplanet_48","Nerve growth factor (NGF) pathway","Cancer"
"bioplanet_48","Nerve growth factor (NGF) pathway","CellActivation"
"bioplanet_48","Nerve growth factor (NGF) pathway","CellSignaling"
"bioplanet_48","Nerve growth factor (NGF) pathway","CytokinesChemokines"
"bioplanet_48","Nerve growth factor (NGF) pathway","Endocrine system"
"bioplanet_48","Nerve growth factor (NGF) pathway","Immune system"
"bioplanet_48","Nerve growth factor (NGF) pathway","Nervous system"
"bioplanet_48","Nerve growth factor (NGF) pathway","Neuroscience"
"bioplanet_48","Nerve growth factor (NGF) pathway","Reproduction"
"bioplanet_48","Nerve growth factor (NGF) pathway","Transcription"
"bioplanet_480","Phototransduction","Genetic disease"
"bioplanet_480","Phototransduction","Nervous system"
"bioplanet_480","Phototransduction","Neurological disease"
"bioplanet_480","Phototransduction","Organismal Systems:Sensory system"
"bioplanet_480","Phototransduction","Sensory system"
"bioplanet_481","Notch signaling pathway","Cancer"
"bioplanet_481","Notch signaling pathway","Cell differentiation"
"bioplanet_481","Notch signaling pathway","Circulatory system"
"bioplanet_481","Notch signaling pathway","Environmental Information Processing:Signal transduction"
"bioplanet_481","Notch signaling pathway","Nervous system"
"bioplanet_482","Fanconi anemia pathway","Cancer"
"bioplanet_482","Fanconi anemia pathway","Circulatory system"
"bioplanet_482","Fanconi anemia pathway","DNA repair"
"bioplanet_482","Fanconi anemia pathway","Genetic Information Processing:Replication and repair"
"bioplanet_482","Fanconi anemia pathway","Genetic disease"
"bioplanet_482","Fanconi anemia pathway","Stress response"
"bioplanet_482","Fanconi anemia pathway","Transport"
"bioplanet_483","Nucleotide excision repair","DNA repair"
"bioplanet_483","Nucleotide excision repair","DNA replication"
"bioplanet_483","Nucleotide excision repair","Genetic Information Processing:Replication and repair"
"bioplanet_483","Nucleotide excision repair","Nucleic acid metabolism"
"bioplanet_483","Nucleotide excision repair","Stress response"
"bioplanet_484","Tryptophan metabolism","Cardiovascular disease"
"bioplanet_484","Tryptophan metabolism","Endocrine system"
"bioplanet_484","Tryptophan metabolism","Metabolism: Amino acid metabolism"
"bioplanet_484","Tryptophan metabolism","Nervous system"
"bioplanet_484","Tryptophan metabolism","Small molecule metabolism"
"bioplanet_485","Sphingolipid metabolism","Genetic disease"
"bioplanet_485","Sphingolipid metabolism","Lipid metabolism"
"bioplanet_485","Sphingolipid metabolism","Metabolism:Lipid metabolism"
"bioplanet_485","Sphingolipid metabolism","Nervous system"
"bioplanet_485","Sphingolipid metabolism","Neurological disease"
"bioplanet_485","Sphingolipid metabolism","Small molecule metabolism"
"bioplanet_486","Fatty acid biosynthesis","Endocrine and metabolic disease"
"bioplanet_486","Fatty acid biosynthesis","Lipid metabolism"
"bioplanet_486","Fatty acid biosynthesis","Metabolism:Lipid metabolism"
"bioplanet_486","Fatty acid biosynthesis","Small molecule metabolism"
"bioplanet_487","Prolactin activation of MAPK signaling","Cancer"
"bioplanet_487","Prolactin activation of MAPK signaling","Cell death"
"bioplanet_487","Prolactin activation of MAPK signaling","Cell proliferation"
"bioplanet_487","Prolactin activation of MAPK signaling","Circulatory system"
"bioplanet_487","Prolactin activation of MAPK signaling","Endocrine system"
"bioplanet_487","Prolactin activation of MAPK signaling","Immune system"
"bioplanet_487","Prolactin activation of MAPK signaling","Infectious disease"
"bioplanet_487","Prolactin activation of MAPK signaling","Nervous system"
"bioplanet_487","Prolactin activation of MAPK signaling","Organismal Systems:Endocrine system"
"bioplanet_487","Prolactin activation of MAPK signaling","Reproduction"
"bioplanet_487","Prolactin activation of MAPK signaling","Stress response"
"bioplanet_488","Estrogen receptor signaling pathway","Cancer"
"bioplanet_488","Estrogen receptor signaling pathway","Cell differentiation"
"bioplanet_488","Estrogen receptor signaling pathway","Chronology"
"bioplanet_488","Estrogen receptor signaling pathway","Endocrine system"
"bioplanet_488","Estrogen receptor signaling pathway","Musculoskeletal system"
"bioplanet_488","Estrogen receptor signaling pathway","Organismal Systems:Endocrine system"
"bioplanet_488","Estrogen receptor signaling pathway","Reproduction"
"bioplanet_488","Estrogen receptor signaling pathway","Stress response"
"bioplanet_488","Estrogen receptor signaling pathway","Transcription"
"bioplanet_489","Antigen-activated B-cell receptor generation of second messengers","Circulatory system"
"bioplanet_489","Antigen-activated B-cell receptor generation of second messengers","Immune disease"
"bioplanet_489","Antigen-activated B-cell receptor generation of second messengers","Immune system"
"bioplanet_489","Antigen-activated B-cell receptor generation of second messengers","Infectious disease"
"bioplanet_489","Antigen-activated B-cell receptor generation of second messengers","Organismal Systems:Immune system"
"bioplanet_489","Antigen-activated B-cell receptor generation of second messengers","Protein folding, sorting and degradation"
"bioplanet_489","Antigen-activated B-cell receptor generation of second messengers","Small molecule metabolism"
"bioplanet_489","Antigen-activated B-cell receptor generation of second messengers","Stress response"
"bioplanet_49","4-1BB-dependent immune response","Cancer"
"bioplanet_49","4-1BB-dependent immune response","CellActivation"
"bioplanet_49","4-1BB-dependent immune response","CellSignaling"
"bioplanet_49","4-1BB-dependent immune response","Immune system"
"bioplanet_49","4-1BB-dependent immune response","Immunology"
"bioplanet_49","4-1BB-dependent immune response","Infectious disease"
"bioplanet_49","4-1BB-dependent immune response","Stress response"
"bioplanet_49","4-1BB-dependent immune response","Transcription"
"bioplanet_490","Signaling events mediated by PRL","Cell division"
"bioplanet_490","Signaling events mediated by PRL","Cell proliferation"
"bioplanet_490","Signaling events mediated by PRL","Circulatory system"
"bioplanet_490","Signaling events mediated by PRL","Immune system"
"bioplanet_490","Signaling events mediated by PRL","Nervous system"
"bioplanet_490","Signaling events mediated by PRL","Signal transduction"
"bioplanet_490","Signaling events mediated by PRL","Stress response"
"bioplanet_491","Signaling events mediated by HDAC class II","Cancer"
"bioplanet_491","Signaling events mediated by HDAC class II","Protein modification"
"bioplanet_491","Signaling events mediated by HDAC class II","Signal transduction"
"bioplanet_491","Signaling events mediated by HDAC class II","Stress response"
"bioplanet_491","Signaling events mediated by HDAC class II","Transcriptional regulation"
"bioplanet_492","Signaling events mediated by hepatocyte growth factor receptor (c-Met)","Cancer"
"bioplanet_492","Signaling events mediated by hepatocyte growth factor receptor (c-Met)","Cell differentiation"
"bioplanet_492","Signaling events mediated by hepatocyte growth factor receptor (c-Met)","Cell proliferation"
"bioplanet_492","Signaling events mediated by hepatocyte growth factor receptor (c-Met)","Signal transduction"
"bioplanet_492","Signaling events mediated by hepatocyte growth factor receptor (c-Met)","Stress response"
"bioplanet_493","Signaling events mediated by PTP1B","Cancer"
"bioplanet_493","Signaling events mediated by PTP1B","Cell differentiation"
"bioplanet_493","Signaling events mediated by PTP1B","Circulatory system"
"bioplanet_493","Signaling events mediated by PTP1B","Protein modification"
"bioplanet_493","Signaling events mediated by PTP1B","Signal transduction"
"bioplanet_493","Signaling events mediated by PTP1B","Stress response"
"bioplanet_494","Signaling by aurora kinases","Signal transduction"
"bioplanet_495","Signaling events regulated by Ret tyrosine kinase","Cancer"
"bioplanet_495","Signaling events regulated by Ret tyrosine kinase","Cell proliferation"
"bioplanet_495","Signaling events regulated by Ret tyrosine kinase","Protein modification"
"bioplanet_495","Signaling events regulated by Ret tyrosine kinase","Signal transduction"
"bioplanet_495","Signaling events regulated by Ret tyrosine kinase","Stress response"
"bioplanet_495","Signaling events regulated by Ret tyrosine kinase","Transcription"
"bioplanet_496","Signaling events mediated by T cell protein tyrosine phosphatase (TC-PTP)","Cancer"
"bioplanet_496","Signaling events mediated by T cell protein tyrosine phosphatase (TC-PTP)","Cell proliferation"
"bioplanet_496","Signaling events mediated by T cell protein tyrosine phosphatase (TC-PTP)","Circulatory system"
"bioplanet_496","Signaling events mediated by T cell protein tyrosine phosphatase (TC-PTP)","Immune system"
"bioplanet_496","Signaling events mediated by T cell protein tyrosine phosphatase (TC-PTP)","Infectious disease"
"bioplanet_496","Signaling events mediated by T cell protein tyrosine phosphatase (TC-PTP)","Protein modification"
"bioplanet_496","Signaling events mediated by T cell protein tyrosine phosphatase (TC-PTP)","Signal transduction"
"bioplanet_496","Signaling events mediated by T cell protein tyrosine phosphatase (TC-PTP)","Stress response"
"bioplanet_497","Signaling events mediated by HDAC class I","Cancer"
"bioplanet_497","Signaling events mediated by HDAC class I","Protein modification"
"bioplanet_497","Signaling events mediated by HDAC class I","Signal transduction"
"bioplanet_497","Signaling events mediated by HDAC class I","Stress response"
"bioplanet_497","Signaling events mediated by HDAC class I","Transcriptional regulation"
"bioplanet_498","Signaling events mediated by the hedgehog family","Cancer"
"bioplanet_498","Signaling events mediated by the hedgehog family","Cell proliferation"
"bioplanet_498","Signaling events mediated by the hedgehog family","Circulatory system"
"bioplanet_498","Signaling events mediated by the hedgehog family","Genetic disease"
"bioplanet_498","Signaling events mediated by the hedgehog family","Nervous system"
"bioplanet_498","Signaling events mediated by the hedgehog family","Signal transduction"
"bioplanet_499","Signaling events mediated by stem cell factor receptor (c-Kit)","Cancer"
"bioplanet_499","Signaling events mediated by stem cell factor receptor (c-Kit)","Cell differentiation"
"bioplanet_499","Signaling events mediated by stem cell factor receptor (c-Kit)","Circulatory system"
"bioplanet_499","Signaling events mediated by stem cell factor receptor (c-Kit)","Signal transduction"
"bioplanet_499","Signaling events mediated by stem cell factor receptor (c-Kit)","Stress response"
"bioplanet_5","Collagen binding in corneal epithelia mediated by Erk and PI-3 Kinase","Adhesion"
"bioplanet_5","Collagen binding in corneal epithelia mediated by Erk and PI-3 Kinase","Cancer"
"bioplanet_5","Collagen binding in corneal epithelia mediated by Erk and PI-3 Kinase","Cell proliferation"
"bioplanet_5","Collagen binding in corneal epithelia mediated by Erk and PI-3 Kinase","CellSignaling"
"bioplanet_5","Collagen binding in corneal epithelia mediated by Erk and PI-3 Kinase","Sensory system"
"bioplanet_5","Collagen binding in corneal epithelia mediated by Erk and PI-3 Kinase","Stress response"
"bioplanet_50","Lck and Fyn tyrosine kinases in initiation of T cell receptor activation","Cell differentiation"
"bioplanet_50","Lck and Fyn tyrosine kinases in initiation of T cell receptor activation","CellActivation"
"bioplanet_50","Lck and Fyn tyrosine kinases in initiation of T cell receptor activation","CellSignaling"
"bioplanet_50","Lck and Fyn tyrosine kinases in initiation of T cell receptor activation","DNA replication"
"bioplanet_50","Lck and Fyn tyrosine kinases in initiation of T cell receptor activation","Immune system"
"bioplanet_50","Lck and Fyn tyrosine kinases in initiation of T cell receptor activation","Immunology"
"bioplanet_50","Lck and Fyn tyrosine kinases in initiation of T cell receptor activation","Infectious disease"
"bioplanet_50","Lck and Fyn tyrosine kinases in initiation of T cell receptor activation","Protein modification"
"bioplanet_500","Signaling events mediated by VEGFR1 and VEGFR2","Cancer"
"bioplanet_500","Signaling events mediated by VEGFR1 and VEGFR2","Cell differentiation"
"bioplanet_500","Signaling events mediated by VEGFR1 and VEGFR2","Cell proliferation"
"bioplanet_500","Signaling events mediated by VEGFR1 and VEGFR2","Circulatory system"
"bioplanet_500","Signaling events mediated by VEGFR1 and VEGFR2","Signal transduction"
"bioplanet_500","Signaling events mediated by VEGFR1 and VEGFR2","Stress response"
"bioplanet_501","Signaling events mediated by focal adhesion kinase","Cancer"
"bioplanet_501","Signaling events mediated by focal adhesion kinase","Circulatory system"
"bioplanet_501","Signaling events mediated by focal adhesion kinase","Nervous system"
"bioplanet_501","Signaling events mediated by focal adhesion kinase","Signal transduction"
"bioplanet_502","Signaling by EGFR","Signal transduction"
"bioplanet_502","Signaling by EGFR","Stress response"
"bioplanet_503","Signal amplification","Cell proliferation"
"bioplanet_503","Signal amplification","Nervous system"
"bioplanet_503","Signal amplification","Signal transduction"
"bioplanet_504","Signal attenuation","Cancer"
"bioplanet_504","Signal attenuation","Nervous system"
"bioplanet_504","Signal attenuation","Signal transduction"
"bioplanet_505","Signal regulatory protein (SIRP) family interactions","Immune system"
"bioplanet_505","Signal regulatory protein (SIRP) family interactions","Reproduction"
"bioplanet_505","Signal regulatory protein (SIRP) family interactions","Signal transduction"
"bioplanet_506","Signal transduction by L1","Cancer"
"bioplanet_506","Signal transduction by L1","Immune system"
"bioplanet_506","Signal transduction by L1","Nervous system"
"bioplanet_506","Signal transduction by L1","Signal transduction"
"bioplanet_506","Signal transduction by L1","Stress response"
"bioplanet_507","Signaling by bone morphogenetic protein (BMP)","Cancer"
"bioplanet_507","Signaling by bone morphogenetic protein (BMP)","Genetic disease"
"bioplanet_507","Signaling by bone morphogenetic protein (BMP)","Musculoskeletal system"
"bioplanet_507","Signaling by bone morphogenetic protein (BMP)","Nervous system"
"bioplanet_507","Signaling by bone morphogenetic protein (BMP)","Protein modification"
"bioplanet_507","Signaling by bone morphogenetic protein (BMP)","Signal transduction"
"bioplanet_508","Signaling by EGFR in cancer","Cancer"
"bioplanet_508","Signaling by EGFR in cancer","Signal transduction"
"bioplanet_508","Signaling by EGFR in cancer","Stress response"
"bioplanet_508","Signaling by EGFR in cancer","Transport"
"bioplanet_509","Signaling by ERBB2","Cancer"
"bioplanet_509","Signaling by ERBB2","Cell proliferation"
"bioplanet_509","Signaling by ERBB2","Signal transduction"
"bioplanet_509","Signaling by ERBB2","Transport"
"bioplanet_51","T cell activation co-stimulatory signal","Cell differentiation"
"bioplanet_51","T cell activation co-stimulatory signal","Cell proliferation"
"bioplanet_51","T cell activation co-stimulatory signal","CellActivation"
"bioplanet_51","T cell activation co-stimulatory signal","CellSignaling"
"bioplanet_51","T cell activation co-stimulatory signal","Immune disease"
"bioplanet_51","T cell activation co-stimulatory signal","Immune system"
"bioplanet_51","T cell activation co-stimulatory signal","Immunology"
"bioplanet_51","T cell activation co-stimulatory signal","Infectious disease"
"bioplanet_510","Signaling by ERBB4","Cancer"
"bioplanet_510","Signaling by ERBB4","Cell proliferation"
"bioplanet_510","Signaling by ERBB4","Circulatory system"
"bioplanet_510","Signaling by ERBB4","Genetic disease"
"bioplanet_510","Signaling by ERBB4","Nervous system"
"bioplanet_510","Signaling by ERBB4","Neurological disease"
"bioplanet_510","Signaling by ERBB4","Signal transduction"
"bioplanet_510","Signaling by ERBB4","Stress response"
"bioplanet_511","Signaling by FGFR in disease","Cancer"
"bioplanet_511","Signaling by FGFR in disease","Cell growth"
"bioplanet_511","Signaling by FGFR in disease","Cell proliferation"
"bioplanet_511","Signaling by FGFR in disease","Genetic disease"
"bioplanet_511","Signaling by FGFR in disease","Musculoskeletal system"
"bioplanet_511","Signaling by FGFR in disease","Signal transduction"
"bioplanet_511","Signaling by FGFR in disease","Stress response"
"bioplanet_511","Signaling by FGFR in disease","Transport"
"bioplanet_512","Signaling by FGFR mutants","Cancer"
"bioplanet_512","Signaling by FGFR mutants","Cell proliferation"
"bioplanet_512","Signaling by FGFR mutants","Genetic disease"
"bioplanet_512","Signaling by FGFR mutants","Musculoskeletal system"
"bioplanet_512","Signaling by FGFR mutants","Signal transduction"
"bioplanet_513","Signaling by FGFR1 fusion mutants","Cancer"
"bioplanet_513","Signaling by FGFR1 fusion mutants","Genetic disease"
"bioplanet_513","Signaling by FGFR1 fusion mutants","Infectious disease"
"bioplanet_513","Signaling by FGFR1 fusion mutants","Sensory system"
"bioplanet_513","Signaling by FGFR1 fusion mutants","Signal transduction"
"bioplanet_514","Signaling by FGFR1 mutants","Cancer"
"bioplanet_514","Signaling by FGFR1 mutants","Cell death"
"bioplanet_514","Signaling by FGFR1 mutants","Circulatory system"
"bioplanet_514","Signaling by FGFR1 mutants","Genetic disease"
"bioplanet_514","Signaling by FGFR1 mutants","Nervous system"
"bioplanet_514","Signaling by FGFR1 mutants","Signal transduction"
"bioplanet_515","Signaling by Hippo","Circulatory system"
"bioplanet_515","Signaling by Hippo","Infectious disease"
"bioplanet_515","Signaling by Hippo","Signal transduction"
"bioplanet_516","Signaling by insulin receptor","Endocrine and metabolic disease"
"bioplanet_516","Signaling by insulin receptor","Endocrine system"
"bioplanet_516","Signaling by insulin receptor","Lipid metabolism"
"bioplanet_516","Signaling by insulin receptor","Musculoskeletal system"
"bioplanet_516","Signaling by insulin receptor","Signal transduction"
"bioplanet_516","Signaling by insulin receptor","Small molecule metabolism"
"bioplanet_516","Signaling by insulin receptor","Stress response"
"bioplanet_516","Signaling by insulin receptor","Transport"
"bioplanet_517","Signaling by interleukins","Cell differentiation"
"bioplanet_517","Signaling by interleukins","Circulatory system"
"bioplanet_517","Signaling by interleukins","Immune system"
"bioplanet_517","Signaling by interleukins","Signal transduction"
"bioplanet_517","Signaling by interleukins","Stress response"
"bioplanet_518","Signaling by NODAL","Signal transduction"
"bioplanet_518","Signaling by NODAL","Stress response"
"bioplanet_519","Signaling by NOTCH","Cancer"
"bioplanet_519","Signaling by NOTCH","Cell differentiation"
"bioplanet_519","Signaling by NOTCH","Chronology"
"bioplanet_519","Signaling by NOTCH","Immune system"
"bioplanet_519","Signaling by NOTCH","Nervous system"
"bioplanet_519","Signaling by NOTCH","Neurological disease"
"bioplanet_519","Signaling by NOTCH","Signal transduction"
"bioplanet_519","Signaling by NOTCH","Stress response"
"bioplanet_519","Signaling by NOTCH","Transcriptional regulation"
"bioplanet_52","Chromatin remodeling by hSWI/SNF ATP-dependent complexes","CellActivation"
"bioplanet_52","Chromatin remodeling by hSWI/SNF ATP-dependent complexes","Transcription"
"bioplanet_52","Chromatin remodeling by hSWI/SNF ATP-dependent complexes","Transcriptional regulation"
"bioplanet_52","Chromatin remodeling by hSWI/SNF ATP-dependent complexes","Translation"
"bioplanet_52","Chromatin remodeling by hSWI/SNF ATP-dependent complexes","expression"
"bioplanet_520","Signaling by NOTCH1","Cancer"
"bioplanet_520","Signaling by NOTCH1","Cell differentiation"
"bioplanet_520","Signaling by NOTCH1","Nervous system"
"bioplanet_520","Signaling by NOTCH1","Neurological disease"
"bioplanet_520","Signaling by NOTCH1","Signal transduction"
"bioplanet_520","Signaling by NOTCH1","Transcription"
"bioplanet_521","Signaling by NOTCH2","Cell differentiation"
"bioplanet_521","Signaling by NOTCH2","Genetic disease"
"bioplanet_521","Signaling by NOTCH2","Signal transduction"
"bioplanet_521","Signaling by NOTCH2","Transcriptional regulation"
"bioplanet_522","Signaling by PDGF","Cancer"
"bioplanet_522","Signaling by PDGF","Circulatory system"
"bioplanet_522","Signaling by PDGF","Immune system"
"bioplanet_522","Signaling by PDGF","Infectious disease"
"bioplanet_522","Signaling by PDGF","Nervous system"
"bioplanet_522","Signaling by PDGF","Signal transduction"
"bioplanet_522","Signaling by PDGF","Stress response"
"bioplanet_523","Signaling by Robo receptor","Cell proliferation"
"bioplanet_523","Signaling by Robo receptor","Infectious disease"
"bioplanet_523","Signaling by Robo receptor","Nervous system"
"bioplanet_523","Signaling by Robo receptor","Signal transduction"
"bioplanet_524","Signaling by SCF-KIT","Cancer"
"bioplanet_524","Signaling by SCF-KIT","Cell differentiation"
"bioplanet_524","Signaling by SCF-KIT","Cell proliferation"
"bioplanet_524","Signaling by SCF-KIT","Circulatory system"
"bioplanet_524","Signaling by SCF-KIT","Immune system"
"bioplanet_524","Signaling by SCF-KIT","Infectious disease"
"bioplanet_524","Signaling by SCF-KIT","Nervous system"
"bioplanet_524","Signaling by SCF-KIT","Signal transduction"
"bioplanet_524","Signaling by SCF-KIT","Stress response"
"bioplanet_525","Signaling by TGF-beta receptor complex","Cancer"
"bioplanet_525","Signaling by TGF-beta receptor complex","Cell division"
"bioplanet_525","Signaling by TGF-beta receptor complex","Chronology"
"bioplanet_525","Signaling by TGF-beta receptor complex","Immune system"
"bioplanet_525","Signaling by TGF-beta receptor complex","Reproduction"
"bioplanet_525","Signaling by TGF-beta receptor complex","Signal transduction"
"bioplanet_525","Signaling by TGF-beta receptor complex","Stress response"
"bioplanet_526","Signaling by VEGF","Cancer"
"bioplanet_526","Signaling by VEGF","Circulatory system"
"bioplanet_526","Signaling by VEGF","Signal transduction"
"bioplanet_527","Signaling by activated point mutants of FGFR1","Cancer"
"bioplanet_527","Signaling by activated point mutants of FGFR1","Cell division"
"bioplanet_527","Signaling by activated point mutants of FGFR1","Cell proliferation"
"bioplanet_527","Signaling by activated point mutants of FGFR1","Signal transduction"
"bioplanet_528","Signaling by constitutively active EGFR","Cancer"
"bioplanet_528","Signaling by constitutively active EGFR","Circulatory system"
"bioplanet_528","Signaling by constitutively active EGFR","Immune system"
"bioplanet_528","Signaling by constitutively active EGFR","Infectious disease"
"bioplanet_528","Signaling by constitutively active EGFR","Signal transduction"
"bioplanet_528","Signaling by constitutively active EGFR","Stress response"
"bioplanet_529","Signaling by the B cell receptor (BCR)","Cell death"
"bioplanet_529","Signaling by the B cell receptor (BCR)","DNA replication"
"bioplanet_529","Signaling by the B cell receptor (BCR)","Immune system"
"bioplanet_529","Signaling by the B cell receptor (BCR)","Infectious disease"
"bioplanet_529","Signaling by the B cell receptor (BCR)","Signal transduction"
"bioplanet_529","Signaling by the B cell receptor (BCR)","Stress response"
"bioplanet_53","FOSB gene expression and drug abuse","Cell differentiation"
"bioplanet_53","FOSB gene expression and drug abuse","Cell division"
"bioplanet_53","FOSB gene expression and drug abuse","CellActivation"
"bioplanet_53","FOSB gene expression and drug abuse","Nervous system"
"bioplanet_53","FOSB gene expression and drug abuse","Neurological disease"
"bioplanet_53","FOSB gene expression and drug abuse","Neuroscience"
"bioplanet_53","FOSB gene expression and drug abuse","Substance dependence"
"bioplanet_53","FOSB gene expression and drug abuse","Transcription"
"bioplanet_53","FOSB gene expression and drug abuse","expression"
"bioplanet_530","Signaling by NGF","Cardiovascular disease"
"bioplanet_530","Signaling by NGF","Circulatory system"
"bioplanet_530","Signaling by NGF","Infectious disease"
"bioplanet_530","Signaling by NGF","Nervous system"
"bioplanet_530","Signaling by NGF","Signal transduction"
"bioplanet_530","Signaling by NGF","Stress response"
"bioplanet_530","Signaling by NGF","Transport"
"bioplanet_531","Signaling to ERKs","Cell proliferation"
"bioplanet_531","Signaling to ERKs","Circulatory system"
"bioplanet_531","Signaling to ERKs","Genetic disease"
"bioplanet_531","Signaling to ERKs","Nervous system"
"bioplanet_531","Signaling to ERKs","Neurological disease"
"bioplanet_531","Signaling to ERKs","Signal transduction"
"bioplanet_531","Signaling to ERKs","Stress response"
"bioplanet_531","Signaling to ERKs","Transcription"
"bioplanet_532","Signaling to STAT3","Cell death"
"bioplanet_532","Signaling to STAT3","Signal transduction"
"bioplanet_532","Signaling to STAT3","Stress response"
"bioplanet_533","Signaling to p38 via RIT and RIN","Cancer"
"bioplanet_533","Signaling to p38 via RIT and RIN","Nervous system"
"bioplanet_533","Signaling to p38 via RIT and RIN","Signal transduction"
"bioplanet_533","Signaling to p38 via RIT and RIN","Translation"
"bioplanet_534","Signal transduction","Cell death"
"bioplanet_534","Signal transduction","Cell growth"
"bioplanet_534","Signal transduction","Cell motility"
"bioplanet_534","Signal transduction","Cell proliferation"
"bioplanet_534","Signal transduction","Signal transduction"
"bioplanet_535","Signaling by GPCR","Circulatory system"
"bioplanet_535","Signaling by GPCR","G-protein coupled receptor"
"bioplanet_535","Signaling by GPCR","Nervous system"
"bioplanet_535","Signaling by GPCR","Neurological disease"
"bioplanet_535","Signaling by GPCR","Signal transduction"
"bioplanet_536","Signal transduction of S1P receptor","Endocrine and metabolic disease"
"bioplanet_536","Signal transduction of S1P receptor","Infectious disease"
"bioplanet_536","Signal transduction of S1P receptor","Signal transduction"
"bioplanet_536","Signal transduction of S1P receptor","Stress response"
"bioplanet_537","Inhibitor of DNA binding (ID) signaling pathway","Cancer"
"bioplanet_537","Inhibitor of DNA binding (ID) signaling pathway","Cell differentiation"
"bioplanet_537","Inhibitor of DNA binding (ID) signaling pathway","Signal transduction"
"bioplanet_537","Inhibitor of DNA binding (ID) signaling pathway","Transcription"
"bioplanet_537","Inhibitor of DNA binding (ID) signaling pathway","Transcriptional regulation"
"bioplanet_538","T cell receptor signaling in naive CD4+ T cells","Cell differentiation"
"bioplanet_538","T cell receptor signaling in naive CD4+ T cells","Immune disease"
"bioplanet_538","T cell receptor signaling in naive CD4+ T cells","Immune system"
"bioplanet_538","T cell receptor signaling in naive CD4+ T cells","Infectious disease"
"bioplanet_538","T cell receptor signaling in naive CD4+ T cells","Signal transduction"
"bioplanet_539","T cell receptor signaling in naive CD8+ T cells","Cell differentiation"
"bioplanet_539","T cell receptor signaling in naive CD8+ T cells","Immune disease"
"bioplanet_539","T cell receptor signaling in naive CD8+ T cells","Immune system"
"bioplanet_539","T cell receptor signaling in naive CD8+ T cells","Signal transduction"
"bioplanet_54","TACI and BCMA stimulation of B cell immune responses","CellActivation"
"bioplanet_54","TACI and BCMA stimulation of B cell immune responses","Immune system"
"bioplanet_54","TACI and BCMA stimulation of B cell immune responses","Immunology"
"bioplanet_54","TACI and BCMA stimulation of B cell immune responses","Infectious disease"
"bioplanet_540","FGF signaling pathway","Cancer"
"bioplanet_540","FGF signaling pathway","Cell proliferation"
"bioplanet_540","FGF signaling pathway","Circulatory system"
"bioplanet_540","FGF signaling pathway","Immune system"
"bioplanet_540","FGF signaling pathway","Musculoskeletal system"
"bioplanet_540","FGF signaling pathway","Nervous system"
"bioplanet_540","FGF signaling pathway","Protein modification"
"bioplanet_540","FGF signaling pathway","Reproduction"
"bioplanet_540","FGF signaling pathway","Signal transduction"
"bioplanet_540","FGF signaling pathway","Stress response"
"bioplanet_541","ADP signalling through P2Y purinoceptor 1","G-protein coupled receptor"
"bioplanet_541","ADP signalling through P2Y purinoceptor 1","Immune system"
"bioplanet_541","ADP signalling through P2Y purinoceptor 1","Signal transduction"
"bioplanet_542","ADP signalling through P2Y purinoceptor 12","G-protein coupled receptor"
"bioplanet_542","ADP signalling through P2Y purinoceptor 12","Immune system"
"bioplanet_542","ADP signalling through P2Y purinoceptor 12","Signal transduction"
"bioplanet_543","","Signal transduction"
"bioplanet_544","NGF signaling via TRKA from the plasma membrane","Circulatory system"
"bioplanet_544","NGF signaling via TRKA from the plasma membrane","Endocrine system"
"bioplanet_544","NGF signaling via TRKA from the plasma membrane","Immune system"
"bioplanet_544","NGF signaling via TRKA from the plasma membrane","Infectious disease"
"bioplanet_544","NGF signaling via TRKA from the plasma membrane","Nervous system"
"bioplanet_544","NGF signaling via TRKA from the plasma membrane","Protein modification"
"bioplanet_544","NGF signaling via TRKA from the plasma membrane","Signal transduction"
"bioplanet_544","NGF signaling via TRKA from the plasma membrane","Stress response"
"bioplanet_544","NGF signaling via TRKA from the plasma membrane","Transport"
"bioplanet_545","BMP signaling pathway in stem cells","Genetic disease"
"bioplanet_545","BMP signaling pathway in stem cells","Musculoskeletal system"
"bioplanet_545","BMP signaling pathway in stem cells","Signal transduction"
"bioplanet_546","Fas signaling pathway in hepatocytes","Cell death"
"bioplanet_546","Fas signaling pathway in hepatocytes","Digestive system"
"bioplanet_546","Fas signaling pathway in hepatocytes","Endocrine and metabolic disease"
"bioplanet_546","Fas signaling pathway in hepatocytes","Signal transduction"
"bioplanet_547","Fas signaling pathway","Cancer"
"bioplanet_547","Fas signaling pathway","Cardiovascular disease"
"bioplanet_547","Fas signaling pathway","Cell death"
"bioplanet_547","Fas signaling pathway","Cell differentiation"
"bioplanet_547","Fas signaling pathway","Circulatory system"
"bioplanet_547","Fas signaling pathway","Genetic disease"
"bioplanet_547","Fas signaling pathway","Immune system"
"bioplanet_547","Fas signaling pathway","Infectious disease"
"bioplanet_547","Fas signaling pathway","Signal transduction"
"bioplanet_547","Fas signaling pathway","Stress response"
"bioplanet_548","Fas signaling pathway in cardiomyocytes","Cancer"
"bioplanet_548","Fas signaling pathway in cardiomyocytes","Cardiovascular disease"
"bioplanet_548","Fas signaling pathway in cardiomyocytes","Cell death"
"bioplanet_548","Fas signaling pathway in cardiomyocytes","Genetic disease"
"bioplanet_548","Fas signaling pathway in cardiomyocytes","Signal transduction"
"bioplanet_549","BMP signaling and regulation","Genetic disease"
"bioplanet_549","BMP signaling and regulation","Musculoskeletal system"
"bioplanet_549","BMP signaling and regulation","Signal transduction"
"bioplanet_55","Th1/Th2 differentiation pathway","Cell differentiation"
"bioplanet_55","Th1/Th2 differentiation pathway","CellActivation"
"bioplanet_55","Th1/Th2 differentiation pathway","Immune disease"
"bioplanet_55","Th1/Th2 differentiation pathway","Immune system"
"bioplanet_55","Th1/Th2 differentiation pathway","Immunology"
"bioplanet_55","Th1/Th2 differentiation pathway","Infectious disease"
"bioplanet_550","TOR signaling","Cancer"
"bioplanet_550","TOR signaling","Endocrine and metabolic disease"
"bioplanet_550","TOR signaling","Endocrine system"
"bioplanet_550","TOR signaling","Lipid metabolism"
"bioplanet_550","TOR signaling","Signal transduction"
"bioplanet_550","TOR signaling","Transport"
"bioplanet_551","Thyroid-stimulating hormone signaling pathway","Cancer"
"bioplanet_551","Thyroid-stimulating hormone signaling pathway","Cell division"
"bioplanet_551","Thyroid-stimulating hormone signaling pathway","Cell proliferation"
"bioplanet_551","Thyroid-stimulating hormone signaling pathway","Circulatory system"
"bioplanet_551","Thyroid-stimulating hormone signaling pathway","Endocrine system"
"bioplanet_551","Thyroid-stimulating hormone signaling pathway","Energy metabolism"
"bioplanet_551","Thyroid-stimulating hormone signaling pathway","Nervous system"
"bioplanet_551","Thyroid-stimulating hormone signaling pathway","Signal transduction"
"bioplanet_551","Thyroid-stimulating hormone signaling pathway","Stress response"
"bioplanet_552","FSH signaling pathway","Cancer"
"bioplanet_552","FSH signaling pathway","Cell proliferation"
"bioplanet_552","FSH signaling pathway","Endocrine system"
"bioplanet_552","FSH signaling pathway","Genetic disease"
"bioplanet_552","FSH signaling pathway","Signal transduction"
"bioplanet_552","FSH signaling pathway","Stress response"
"bioplanet_552","FSH signaling pathway","Transcription"
"bioplanet_553","Wnt signaling pathway and pluripotency","Cancer"
"bioplanet_553","Wnt signaling pathway and pluripotency","Cell differentiation"
"bioplanet_553","Wnt signaling pathway and pluripotency","Circulatory system"
"bioplanet_553","Wnt signaling pathway and pluripotency","Signal transduction"
"bioplanet_554","G13 signaling pathway","Cancer"
"bioplanet_554","G13 signaling pathway","Cell motility"
"bioplanet_554","G13 signaling pathway","Nervous system"
"bioplanet_554","G13 signaling pathway","Signal transduction"
"bioplanet_554","G13 signaling pathway","Stress response"
"bioplanet_556","RhoA signaling pathway","Cell motility"
"bioplanet_556","RhoA signaling pathway","Nervous system"
"bioplanet_556","RhoA signaling pathway","Signal transduction"
"bioplanet_557","Arf6 signal transduction regulation","Cardiovascular disease"
"bioplanet_557","Arf6 signal transduction regulation","Circulatory system"
"bioplanet_557","Arf6 signal transduction regulation","Signal transduction"
"bioplanet_557","Arf6 signal transduction regulation","Transport"
"bioplanet_558","LKB1 signaling events","Cancer"
"bioplanet_558","LKB1 signaling events","Cell death"
"bioplanet_558","LKB1 signaling events","Endocrine system"
"bioplanet_558","LKB1 signaling events","Signal transduction"
"bioplanet_559","SHP2 signaling","Cancer"
"bioplanet_559","SHP2 signaling","Cell proliferation"
"bioplanet_559","SHP2 signaling","Circulatory system"
"bioplanet_559","SHP2 signaling","Immune system"
"bioplanet_559","SHP2 signaling","Infectious disease"
"bioplanet_559","SHP2 signaling","Nervous system"
"bioplanet_559","SHP2 signaling","Signal transduction"
"bioplanet_56","Tob role in T-cell activation","Cell differentiation"
"bioplanet_56","Tob role in T-cell activation","Cell growth"
"bioplanet_56","Tob role in T-cell activation","CellActivation"
"bioplanet_56","Tob role in T-cell activation","Circulatory system"
"bioplanet_56","Tob role in T-cell activation","Immune system"
"bioplanet_56","Tob role in T-cell activation","Immunology"
"bioplanet_56","Tob role in T-cell activation","Infectious disease"
"bioplanet_560","Tie2 signaling","Cancer"
"bioplanet_560","Tie2 signaling","Circulatory system"
"bioplanet_560","Tie2 signaling","Signal transduction"
"bioplanet_561","GAB1 signalosome","Cancer"
"bioplanet_561","GAB1 signalosome","Cell differentiation"
"bioplanet_561","GAB1 signalosome","Cell proliferation"
"bioplanet_561","GAB1 signalosome","Immune system"
"bioplanet_561","GAB1 signalosome","Nervous system"
"bioplanet_561","GAB1 signalosome","Reproduction"
"bioplanet_561","GAB1 signalosome","Signal transduction"
"bioplanet_561","GAB1 signalosome","Stress response"
"bioplanet_561","GAB1 signalosome","Transport"
"bioplanet_562","NCAM signaling for neurite out-growth","Genetic disease"
"bioplanet_562","NCAM signaling for neurite out-growth","Nervous system"
"bioplanet_562","NCAM signaling for neurite out-growth","Signal transduction"
"bioplanet_562","NCAM signaling for neurite out-growth","Transport"
"bioplanet_563","Cell death signaling by NRIF in the nucleus","Cell death"
"bioplanet_563","Cell death signaling by NRIF in the nucleus","Cell proliferation"
"bioplanet_563","Cell death signaling by NRIF in the nucleus","DNA repair"
"bioplanet_563","Cell death signaling by NRIF in the nucleus","Neurological disease"
"bioplanet_563","Cell death signaling by NRIF in the nucleus","Protein modification"
"bioplanet_563","Cell death signaling by NRIF in the nucleus","Signal transduction"
"bioplanet_563","Cell death signaling by NRIF in the nucleus","Stress response"
"bioplanet_563","Cell death signaling by NRIF in the nucleus","Transport"
"bioplanet_564","PD-1 signaling","Circulatory system"
"bioplanet_564","PD-1 signaling","Immune disease"
"bioplanet_564","PD-1 signaling","Immune system"
"bioplanet_564","PD-1 signaling","Signal transduction"
"bioplanet_565","Rap1 signaling","Cell proliferation"
"bioplanet_565","Rap1 signaling","Circulatory system"
"bioplanet_565","Rap1 signaling","Immune system"
"bioplanet_565","Rap1 signaling","Reproduction"
"bioplanet_565","Rap1 signaling","Signal transduction"
"bioplanet_565","Rap1 signaling","Stress response"
"bioplanet_566","S6K1 signaling","Endocrine system"
"bioplanet_566","S6K1 signaling","Signal transduction"
"bioplanet_567","Interleukin-5 signaling pathway","Cancer"
"bioplanet_567","Interleukin-5 signaling pathway","Cell differentiation"
"bioplanet_567","Interleukin-5 signaling pathway","Cell proliferation"
"bioplanet_567","Interleukin-5 signaling pathway","Circulatory system"
"bioplanet_567","Interleukin-5 signaling pathway","Immune system"
"bioplanet_567","Interleukin-5 signaling pathway","Infectious disease"
"bioplanet_567","Interleukin-5 signaling pathway","Reproduction"
"bioplanet_567","Interleukin-5 signaling pathway","Signal transduction"
"bioplanet_567","Interleukin-5 signaling pathway","Stress response"
"bioplanet_567","Interleukin-5 signaling pathway","Transcription"
"bioplanet_568","AMPK signaling","Cancer"
"bioplanet_568","AMPK signaling","Carbohydrate metabolism"
"bioplanet_568","AMPK signaling","Chronology"
"bioplanet_568","AMPK signaling","Circulatory system"
"bioplanet_568","AMPK signaling","Digestive system"
"bioplanet_568","AMPK signaling","Endocrine and metabolic disease"
"bioplanet_568","AMPK signaling","Lipid metabolism"
"bioplanet_568","AMPK signaling","Signal transduction"
"bioplanet_568","AMPK signaling","Small molecule metabolism"
"bioplanet_568","AMPK signaling","Stress response"
"bioplanet_569","","Signal transduction"
"bioplanet_57","ADP-ribosylation factor","CellActivation"
"bioplanet_57","ADP-ribosylation factor","Immune disease"
"bioplanet_57","ADP-ribosylation factor","Metabolism"
"bioplanet_57","ADP-ribosylation factor","Transport"
"bioplanet_570","Interleukin-7 signaling pathway","Cancer"
"bioplanet_570","Interleukin-7 signaling pathway","Cell proliferation"
"bioplanet_570","Interleukin-7 signaling pathway","Circulatory system"
"bioplanet_570","Interleukin-7 signaling pathway","Immune system"
"bioplanet_570","Interleukin-7 signaling pathway","Reproduction"
"bioplanet_570","Interleukin-7 signaling pathway","Signal transduction"
"bioplanet_570","Interleukin-7 signaling pathway","Stress response"
"bioplanet_571","Interleukin-9 signaling pathway","Cancer"
"bioplanet_571","Interleukin-9 signaling pathway","Cell differentiation"
"bioplanet_571","Interleukin-9 signaling pathway","Immune system"
"bioplanet_571","Interleukin-9 signaling pathway","Infectious disease"
"bioplanet_571","Interleukin-9 signaling pathway","Signal transduction"
"bioplanet_571","Interleukin-9 signaling pathway","Stress response"
"bioplanet_572","Interleukin-3 signaling pathway","Cardiovascular disease"
"bioplanet_572","Interleukin-3 signaling pathway","Cell differentiation"
"bioplanet_572","Interleukin-3 signaling pathway","Cell proliferation"
"bioplanet_572","Interleukin-3 signaling pathway","Circulatory system"
"bioplanet_572","Interleukin-3 signaling pathway","Endocrine system"
"bioplanet_572","Interleukin-3 signaling pathway","Immune system"
"bioplanet_572","Interleukin-3 signaling pathway","Infectious disease"
"bioplanet_572","Interleukin-3 signaling pathway","Nervous system"
"bioplanet_572","Interleukin-3 signaling pathway","Signal transduction"
"bioplanet_572","Interleukin-3 signaling pathway","Stress response"
"bioplanet_572","Interleukin-3 signaling pathway","Transcription"
"bioplanet_573","","Signal transduction"
"bioplanet_574","","Signal transduction"
"bioplanet_575","","Signal transduction"
"bioplanet_576","ERBB4 signaling events","Cancer"
"bioplanet_576","ERBB4 signaling events","Cell differentiation"
"bioplanet_576","ERBB4 signaling events","Cell proliferation"
"bioplanet_576","ERBB4 signaling events","Circulatory system"
"bioplanet_576","ERBB4 signaling events","Infectious disease"
"bioplanet_576","ERBB4 signaling events","Nervous system"
"bioplanet_576","ERBB4 signaling events","Reproduction"
"bioplanet_576","ERBB4 signaling events","Signal transduction"
"bioplanet_576","ERBB4 signaling events","Stress response"
"bioplanet_577","TRAIL signaling pathway","Cell death"
"bioplanet_577","TRAIL signaling pathway","Immune system"
"bioplanet_577","TRAIL signaling pathway","Infectious disease"
"bioplanet_577","TRAIL signaling pathway","Signal transduction"
"bioplanet_577","TRAIL signaling pathway","Stress response"
"bioplanet_578","CDC42 signaling events","Cancer"
"bioplanet_578","CDC42 signaling events","Cell proliferation"
"bioplanet_578","CDC42 signaling events","DNA replication"
"bioplanet_578","CDC42 signaling events","Immune system"
"bioplanet_578","CDC42 signaling events","Infectious disease"
"bioplanet_578","CDC42 signaling events","Signal transduction"
"bioplanet_578","CDC42 signaling events","Stress response"
"bioplanet_578","CDC42 signaling events","Transcription"
"bioplanet_579","BARD1 signaling events","Cell division"
"bioplanet_579","BARD1 signaling events","Cell proliferation"
"bioplanet_579","BARD1 signaling events","DNA repair"
"bioplanet_579","BARD1 signaling events","DNA replication"
"bioplanet_579","BARD1 signaling events","Endocrine and metabolic disease"
"bioplanet_579","BARD1 signaling events","Signal transduction"
"bioplanet_579","BARD1 signaling events","Stress response"
"bioplanet_58","Protein kinase A (PKA) at the centrosome","Carbohydrate metabolism"
"bioplanet_58","Protein kinase A (PKA) at the centrosome","CellCycleRegulation"
"bioplanet_58","Protein kinase A (PKA) at the centrosome","Circulatory system"
"bioplanet_58","Protein kinase A (PKA) at the centrosome","Immune system"
"bioplanet_58","Protein kinase A (PKA) at the centrosome","Infectious disease"
"bioplanet_58","Protein kinase A (PKA) at the centrosome","Protein folding, sorting and degradation"
"bioplanet_58","Protein kinase A (PKA) at the centrosome","Reproduction"
"bioplanet_580","SREBP signaling","Digestive system"
"bioplanet_580","SREBP signaling","Endocrine and metabolic disease"
"bioplanet_580","SREBP signaling","Endocrine system"
"bioplanet_580","SREBP signaling","Lipid metabolism"
"bioplanet_580","SREBP signaling","Signal transduction"
"bioplanet_580","SREBP signaling","Small molecule metabolism"
"bioplanet_580","SREBP signaling","Stress response"
"bioplanet_580","SREBP signaling","Transcriptional regulation"
"bioplanet_581","TWEAK signaling pathway","Cancer"
"bioplanet_581","TWEAK signaling pathway","Endocrine system"
"bioplanet_581","TWEAK signaling pathway","Immune system"
"bioplanet_581","TWEAK signaling pathway","Infectious disease"
"bioplanet_581","TWEAK signaling pathway","Signal transduction"
"bioplanet_581","TWEAK signaling pathway","Stress response"
"bioplanet_581","TWEAK signaling pathway","Transcription"
"bioplanet_582","Visual signal transduction: cones","Sensory system"
"bioplanet_582","Visual signal transduction: cones","Signal transduction"
"bioplanet_582","Visual signal transduction: cones","Small molecule metabolism"
"bioplanet_583","Visual signal transduction: rods","Sensory system"
"bioplanet_583","Visual signal transduction: rods","Signal transduction"
"bioplanet_583","Visual signal transduction: rods","Transport"
"bioplanet_584","p75 neurotrophin receptor signaling via NF-kB","DNA repair"
"bioplanet_584","p75 neurotrophin receptor signaling via NF-kB","Nervous system"
"bioplanet_584","p75 neurotrophin receptor signaling via NF-kB","Signal transduction"
"bioplanet_584","p75 neurotrophin receptor signaling via NF-kB","Transcription"
"bioplanet_584","p75 neurotrophin receptor signaling via NF-kB","Transcriptional regulation"
"bioplanet_584","p75 neurotrophin receptor signaling via NF-kB","Transport"
"bioplanet_585","","Signal transduction"
"bioplanet_586","Opioid signaling","Nervous system"
"bioplanet_586","Opioid signaling","Signal transduction"
"bioplanet_586","Opioid signaling","Substance dependence"
"bioplanet_586","Opioid signaling","Transport"
"bioplanet_587","T cell signal transduction","G-protein coupled receptor"
"bioplanet_587","T cell signal transduction","Immune disease"
"bioplanet_587","T cell signal transduction","Immune system"
"bioplanet_587","T cell signal transduction","Infectious disease"
"bioplanet_587","T cell signal transduction","Signal transduction"
"bioplanet_587","T cell signal transduction","Stress response"
"bioplanet_588","Leptin signaling pathway","Cancer"
"bioplanet_588","Leptin signaling pathway","Cell differentiation"
"bioplanet_588","Leptin signaling pathway","Cell proliferation"
"bioplanet_588","Leptin signaling pathway","Circulatory system"
"bioplanet_588","Leptin signaling pathway","Digestive system"
"bioplanet_588","Leptin signaling pathway","Endocrine system"
"bioplanet_588","Leptin signaling pathway","Lipid metabolism"
"bioplanet_588","Leptin signaling pathway","Nervous system"
"bioplanet_588","Leptin signaling pathway","Signal transduction"
"bioplanet_588","Leptin signaling pathway","Small molecule metabolism"
"bioplanet_588","Leptin signaling pathway","Stress response"
"bioplanet_589","Nef-induced signal transduction","Immune system"
"bioplanet_589","Nef-induced signal transduction","Infectious disease"
"bioplanet_589","Nef-induced signal transduction","Signal transduction"
"bioplanet_59","BTG family proteins and cell cycle regulation","Cancer"
"bioplanet_59","BTG family proteins and cell cycle regulation","CellCycleRegulation"
"bioplanet_59","BTG family proteins and cell cycle regulation","RNA processing"
"bioplanet_59","BTG family proteins and cell cycle regulation","Stress response"
"bioplanet_590","Nuclear signaling by ErbB4","Cell proliferation"
"bioplanet_590","Nuclear signaling by ErbB4","Chronology"
"bioplanet_590","Nuclear signaling by ErbB4","Immune system"
"bioplanet_590","Nuclear signaling by ErbB4","Infectious disease"
"bioplanet_590","Nuclear signaling by ErbB4","Nervous system"
"bioplanet_590","Nuclear signaling by ErbB4","Signal transduction"
"bioplanet_590","Nuclear signaling by ErbB4","Stress response"
"bioplanet_591","Wnt/LRP6 signaling","Cell differentiation"
"bioplanet_591","Wnt/LRP6 signaling","Signal transduction"
"bioplanet_591","Wnt/LRP6 signaling","Transcription"
"bioplanet_592","Aurora B signaling","Cell division"
"bioplanet_592","Aurora B signaling","Cell proliferation"
"bioplanet_592","Aurora B signaling","Endocrine and metabolic disease"
"bioplanet_592","Aurora B signaling","Infectious disease"
"bioplanet_592","Aurora B signaling","Reproduction"
"bioplanet_592","Aurora B signaling","Signal transduction"
"bioplanet_593","PI3K/AKT signalling","Cancer"
"bioplanet_593","PI3K/AKT signalling","Endocrine system"
"bioplanet_593","PI3K/AKT signalling","G-protein coupled receptor"
"bioplanet_593","PI3K/AKT signalling","Immune system"
"bioplanet_593","PI3K/AKT signalling","Infectious disease"
"bioplanet_593","PI3K/AKT signalling","Nervous system"
"bioplanet_593","PI3K/AKT signalling","Signal transduction"
"bioplanet_593","PI3K/AKT signalling","Stress response"
"bioplanet_594","Thrombin signaling through protease-activated receptors","Cardiovascular disease"
"bioplanet_594","Thrombin signaling through protease-activated receptors","Circulatory system"
"bioplanet_594","Thrombin signaling through protease-activated receptors","G-protein coupled receptor"
"bioplanet_594","Thrombin signaling through protease-activated receptors","Infectious disease"
"bioplanet_594","Thrombin signaling through protease-activated receptors","Signal transduction"
"bioplanet_594","Thrombin signaling through protease-activated receptors","Stress response"
"bioplanet_595","","Signal transduction"
"bioplanet_596","Immune system signaling by interferons, interleukins, prolactin, and growth hormones","Cell differentiation"
"bioplanet_596","Immune system signaling by interferons, interleukins, prolactin, and growth hormones","Immune disease"
"bioplanet_596","Immune system signaling by interferons, interleukins, prolactin, and growth hormones","Immune system"
"bioplanet_596","Immune system signaling by interferons, interleukins, prolactin, and growth hormones","Infectious disease"
"bioplanet_596","Immune system signaling by interferons, interleukins, prolactin, and growth hormones","Signal transduction"
"bioplanet_596","Immune system signaling by interferons, interleukins, prolactin, and growth hormones","Transport"
"bioplanet_597","Glucagon signaling in metabolic regulation","Carbohydrate metabolism"
"bioplanet_597","Glucagon signaling in metabolic regulation","Digestive system"
"bioplanet_597","Glucagon signaling in metabolic regulation","Endocrine system"
"bioplanet_597","Glucagon signaling in metabolic regulation","Energy metabolism"
"bioplanet_597","Glucagon signaling in metabolic regulation","Signal transduction"
"bioplanet_597","Glucagon signaling in metabolic regulation","Transport"
"bioplanet_598","Netrin-1 signaling","Cell proliferation"
"bioplanet_598","Netrin-1 signaling","Nervous system"
"bioplanet_598","Netrin-1 signaling","Sensory system"
"bioplanet_598","Netrin-1 signaling","Signal transduction"
"bioplanet_599","TGF-beta signaling in gastrointestinal stem cells","Cell differentiation"
"bioplanet_599","TGF-beta signaling in gastrointestinal stem cells","Digestive system"
"bioplanet_599","TGF-beta signaling in gastrointestinal stem cells","Signal transduction"
"bioplanet_6","Activation of cAMP-dependent protein kinase, PKA","Adhesion"
"bioplanet_6","Activation of cAMP-dependent protein kinase, PKA","CellSignaling"
"bioplanet_6","Activation of cAMP-dependent protein kinase, PKA","Endocrine and metabolic disease"
"bioplanet_6","Activation of cAMP-dependent protein kinase, PKA","Endocrine system"
"bioplanet_6","Activation of cAMP-dependent protein kinase, PKA","G-protein coupled receptor"
"bioplanet_6","Activation of cAMP-dependent protein kinase, PKA","Immune system"
"bioplanet_6","Activation of cAMP-dependent protein kinase, PKA","Infectious disease"
"bioplanet_6","Activation of cAMP-dependent protein kinase, PKA","Small molecule metabolism"
"bioplanet_6","Activation of cAMP-dependent protein kinase, PKA","Transport"
"bioplanet_60","Cdc25 and Chk1 regulatory pathway in response to DNA damage","Cell division"
"bioplanet_60","Cdc25 and Chk1 regulatory pathway in response to DNA damage","CellCycleRegulation"
"bioplanet_60","Cdc25 and Chk1 regulatory pathway in response to DNA damage","DNA repair"
"bioplanet_60","Cdc25 and Chk1 regulatory pathway in response to DNA damage","Immune disease"
"bioplanet_60","Cdc25 and Chk1 regulatory pathway in response to DNA damage","Reproduction"
"bioplanet_600","TGF-beta signaling in development","Circulatory system"
"bioplanet_600","TGF-beta signaling in development","Digestive system"
"bioplanet_600","TGF-beta signaling in development","Excretory system"
"bioplanet_600","TGF-beta signaling in development","Immune system"
"bioplanet_600","TGF-beta signaling in development","Musculoskeletal system"
"bioplanet_600","TGF-beta signaling in development","Nervous system"
"bioplanet_600","TGF-beta signaling in development","Reproduction"
"bioplanet_600","TGF-beta signaling in development","Sensory system"
"bioplanet_600","TGF-beta signaling in development","Signal transduction"
"bioplanet_601","Epstein-Barr virus LMP1 signaling","Cancer"
"bioplanet_601","Epstein-Barr virus LMP1 signaling","Cell differentiation"
"bioplanet_601","Epstein-Barr virus LMP1 signaling","Immune disease"
"bioplanet_601","Epstein-Barr virus LMP1 signaling","Infectious disease"
"bioplanet_601","Epstein-Barr virus LMP1 signaling","Signal transduction"
"bioplanet_601","Epstein-Barr virus LMP1 signaling","Stress response"
"bioplanet_602","EGF/EGFR signaling pathway","Cancer"
"bioplanet_602","EGF/EGFR signaling pathway","Cell differentiation"
"bioplanet_602","EGF/EGFR signaling pathway","Cell proliferation"
"bioplanet_602","EGF/EGFR signaling pathway","Immune system"
"bioplanet_602","EGF/EGFR signaling pathway","Infectious disease"
"bioplanet_602","EGF/EGFR signaling pathway","Nervous system"
"bioplanet_602","EGF/EGFR signaling pathway","Signal transduction"
"bioplanet_602","EGF/EGFR signaling pathway","Stress response"
"bioplanet_603","Plexin D1 signaling","Cardiovascular disease"
"bioplanet_603","Plexin D1 signaling","Circulatory system"
"bioplanet_603","Plexin D1 signaling","DNA repair"
"bioplanet_603","Plexin D1 signaling","Signal transduction"
"bioplanet_604","TNF-alpha signaling pathway","Cancer"
"bioplanet_604","TNF-alpha signaling pathway","Cell death"
"bioplanet_604","TNF-alpha signaling pathway","Cell differentiation"
"bioplanet_604","TNF-alpha signaling pathway","Immune system"
"bioplanet_604","TNF-alpha signaling pathway","Infectious disease"
"bioplanet_604","TNF-alpha signaling pathway","Signal transduction"
"bioplanet_604","TNF-alpha signaling pathway","Stress response"
"bioplanet_605","G-protein signaling pathways","Cardiovascular disease"
"bioplanet_605","G-protein signaling pathways","G-protein coupled receptor"
"bioplanet_605","G-protein signaling pathways","Nervous system"
"bioplanet_605","G-protein signaling pathways","Neurological disease"
"bioplanet_605","G-protein signaling pathways","Signal transduction"
"bioplanet_605","G-protein signaling pathways","Transport"
"bioplanet_606","CD40/CD40L signaling","Cancer"
"bioplanet_606","CD40/CD40L signaling","Cell differentiation"
"bioplanet_606","CD40/CD40L signaling","Immune system"
"bioplanet_606","CD40/CD40L signaling","Infectious disease"
"bioplanet_606","CD40/CD40L signaling","Signal transduction"
"bioplanet_606","CD40/CD40L signaling","Stress response"
"bioplanet_607","E-cadherin signaling events","Cell death"
"bioplanet_607","E-cadherin signaling events","Cell motility"
"bioplanet_607","E-cadherin signaling events","Infectious disease"
"bioplanet_607","E-cadherin signaling events","Signal transduction"
"bioplanet_607","E-cadherin signaling events","Stress response"
"bioplanet_608","PDGFB signaling pathway","Cancer"
"bioplanet_608","PDGFB signaling pathway","Cell proliferation"
"bioplanet_608","PDGFB signaling pathway","Circulatory system"
"bioplanet_608","PDGFB signaling pathway","Nervous system"
"bioplanet_608","PDGFB signaling pathway","Signal transduction"
"bioplanet_608","PDGFB signaling pathway","Stress response"
"bioplanet_609","N-cadherin signaling events","Cancer"
"bioplanet_609","N-cadherin signaling events","Genetic disease"
"bioplanet_609","N-cadherin signaling events","Nervous system"
"bioplanet_609","N-cadherin signaling events","Signal transduction"
"bioplanet_609","N-cadherin signaling events","Transport"
"bioplanet_61","Control of cell cycle and breast tumor growth by estrogen-responsive protein Efp","Cancer"
"bioplanet_61","Control of cell cycle and breast tumor growth by estrogen-responsive protein Efp","Cell proliferation"
"bioplanet_61","Control of cell cycle and breast tumor growth by estrogen-responsive protein Efp","CellCycleRegulation"
"bioplanet_61","Control of cell cycle and breast tumor growth by estrogen-responsive protein Efp","Endocrine system"
"bioplanet_610","Downstream signaling events Of B cell receptor (BCR)","Cell death"
"bioplanet_610","Downstream signaling events Of B cell receptor (BCR)","Cell division"
"bioplanet_610","Downstream signaling events Of B cell receptor (BCR)","DNA replication"
"bioplanet_610","Downstream signaling events Of B cell receptor (BCR)","Immune system"
"bioplanet_610","Downstream signaling events Of B cell receptor (BCR)","Infectious disease"
"bioplanet_610","Downstream signaling events Of B cell receptor (BCR)","Signal transduction"
"bioplanet_610","Downstream signaling events Of B cell receptor (BCR)","Stress response"
"bioplanet_611","Interferon signaling","Cancer"
"bioplanet_611","Interferon signaling","Cell proliferation"
"bioplanet_611","Interferon signaling","Immune disease"
"bioplanet_611","Interferon signaling","Immune system"
"bioplanet_611","Interferon signaling","Infectious disease"
"bioplanet_611","Interferon signaling","Signal transduction"
"bioplanet_611","Interferon signaling","Stress response"
"bioplanet_611","Interferon signaling","Transport"
"bioplanet_612","Adrenaline signaling through alpha-2 adrenergic receptor","Cardiovascular disease"
"bioplanet_612","Adrenaline signaling through alpha-2 adrenergic receptor","Circulatory system"
"bioplanet_612","Adrenaline signaling through alpha-2 adrenergic receptor","G-protein coupled receptor"
"bioplanet_612","Adrenaline signaling through alpha-2 adrenergic receptor","Nervous system"
"bioplanet_612","Adrenaline signaling through alpha-2 adrenergic receptor","Signal transduction"
"bioplanet_613","Osteoclast signaling","Musculoskeletal system"
"bioplanet_613","Osteoclast signaling","Signal transduction"
"bioplanet_614","RANKL signaling pathway","Cancer"
"bioplanet_614","RANKL signaling pathway","Cardiovascular disease"
"bioplanet_614","RANKL signaling pathway","Cell differentiation"
"bioplanet_614","RANKL signaling pathway","Circulatory system"
"bioplanet_614","RANKL signaling pathway","Immune system"
"bioplanet_614","RANKL signaling pathway","Infectious disease"
"bioplanet_614","RANKL signaling pathway","Musculoskeletal system"
"bioplanet_614","RANKL signaling pathway","Signal transduction"
"bioplanet_614","RANKL signaling pathway","Transcription"
"bioplanet_615","Osteoblast signaling","Musculoskeletal system"
"bioplanet_615","Osteoblast signaling","Signal transduction"
"bioplanet_616","FoxO family signaling","Cancer"
"bioplanet_616","FoxO family signaling","Cell death"
"bioplanet_616","FoxO family signaling","Chronology"
"bioplanet_616","FoxO family signaling","Circulatory system"
"bioplanet_616","FoxO family signaling","Lipid metabolism"
"bioplanet_616","FoxO family signaling","Nervous system"
"bioplanet_616","FoxO family signaling","Reproduction"
"bioplanet_616","FoxO family signaling","Signal transduction"
"bioplanet_616","FoxO family signaling","Transcription"
"bioplanet_617","ERBB2/ERBB3 signaling events","Cancer"
"bioplanet_617","ERBB2/ERBB3 signaling events","Cell proliferation"
"bioplanet_617","ERBB2/ERBB3 signaling events","Circulatory system"
"bioplanet_617","ERBB2/ERBB3 signaling events","Nervous system"
"bioplanet_617","ERBB2/ERBB3 signaling events","Protein modification"
"bioplanet_617","ERBB2/ERBB3 signaling events","Reproduction"
"bioplanet_617","ERBB2/ERBB3 signaling events","Signal transduction"
"bioplanet_617","ERBB2/ERBB3 signaling events","Stress response"
"bioplanet_617","ERBB2/ERBB3 signaling events","Transcription"
"bioplanet_618","Thromboxane signaling through TP receptor","Cell differentiation"
"bioplanet_618","Thromboxane signaling through TP receptor","Cell proliferation"
"bioplanet_618","Thromboxane signaling through TP receptor","G-protein coupled receptor"
"bioplanet_618","Thromboxane signaling through TP receptor","Immune system"
"bioplanet_618","Thromboxane signaling through TP receptor","Nervous system"
"bioplanet_618","Thromboxane signaling through TP receptor","Signal transduction"
"bioplanet_618","Thromboxane signaling through TP receptor","Stress response"
"bioplanet_619","FasL/CD95L signaling","Cancer"
"bioplanet_619","FasL/CD95L signaling","Cell death"
"bioplanet_619","FasL/CD95L signaling","Digestive system"
"bioplanet_619","FasL/CD95L signaling","Immune disease"
"bioplanet_619","FasL/CD95L signaling","Signal transduction"
"bioplanet_62","Cell cycle: G1/S checkpoint","Cancer"
"bioplanet_62","Cell cycle: G1/S checkpoint","Cell division"
"bioplanet_62","Cell cycle: G1/S checkpoint","Cell proliferation"
"bioplanet_62","Cell cycle: G1/S checkpoint","CellCycleRegulation"
"bioplanet_62","Cell cycle: G1/S checkpoint","DNA repair"
"bioplanet_62","Cell cycle: G1/S checkpoint","DNA replication"
"bioplanet_620","G alpha (i) signaling events","Cardiovascular disease"
"bioplanet_620","G alpha (i) signaling events","Digestive system"
"bioplanet_620","G alpha (i) signaling events","G-protein coupled receptor"
"bioplanet_620","G alpha (i) signaling events","Immune system"
"bioplanet_620","G alpha (i) signaling events","Nervous system"
"bioplanet_620","G alpha (i) signaling events","Neurological disease"
"bioplanet_620","G alpha (i) signaling events","Signal transduction"
"bioplanet_620","G alpha (i) signaling events","Transport"
"bioplanet_621","G alpha (s) signaling events","Circulatory system"
"bioplanet_621","G alpha (s) signaling events","Endocrine and metabolic disease"
"bioplanet_621","G alpha (s) signaling events","G-protein coupled receptor"
"bioplanet_621","G alpha (s) signaling events","Infectious disease"
"bioplanet_621","G alpha (s) signaling events","Nervous system"
"bioplanet_621","G alpha (s) signaling events","Neurological disease"
"bioplanet_621","G alpha (s) signaling events","Signal transduction"
"bioplanet_621","G alpha (s) signaling events","Substance dependence"
"bioplanet_622","G alpha (z) signaling events","Circulatory system"
"bioplanet_622","G alpha (z) signaling events","Endocrine and metabolic disease"
"bioplanet_622","G alpha (z) signaling events","G-protein coupled receptor"
"bioplanet_622","G alpha (z) signaling events","Musculoskeletal system"
"bioplanet_622","G alpha (z) signaling events","Nervous system"
"bioplanet_622","G alpha (z) signaling events","Neurological disease"
"bioplanet_622","G alpha (z) signaling events","Signal transduction"
"bioplanet_622","G alpha (z) signaling events","Stress response"
"bioplanet_623","Osteopontin signaling","Cardiovascular disease"
"bioplanet_623","Osteopontin signaling","Cell death"
"bioplanet_623","Osteopontin signaling","Cell differentiation"
"bioplanet_623","Osteopontin signaling","Immune system"
"bioplanet_623","Osteopontin signaling","Infectious disease"
"bioplanet_623","Osteopontin signaling","Musculoskeletal system"
"bioplanet_623","Osteopontin signaling","Signal transduction"
"bioplanet_624","Interleukin-4 signaling pathway","Cell differentiation"
"bioplanet_624","Interleukin-4 signaling pathway","Immune disease"
"bioplanet_624","Interleukin-4 signaling pathway","Infectious disease"
"bioplanet_624","Interleukin-4 signaling pathway","Signal transduction"
"bioplanet_624","Interleukin-4 signaling pathway","Stress response"
"bioplanet_625","","Signal transduction"
"bioplanet_626","","Signal transduction"
"bioplanet_627","","Signal transduction"
"bioplanet_628","BMP receptor signaling","Cancer"
"bioplanet_628","BMP receptor signaling","Musculoskeletal system"
"bioplanet_628","BMP receptor signaling","Signal transduction"
"bioplanet_628","BMP receptor signaling","Stress response"
"bioplanet_629","Interleukin-6 signaling pathway","Cancer"
"bioplanet_629","Interleukin-6 signaling pathway","Cell differentiation"
"bioplanet_629","Interleukin-6 signaling pathway","Cell proliferation"
"bioplanet_629","Interleukin-6 signaling pathway","Circulatory system"
"bioplanet_629","Interleukin-6 signaling pathway","Endocrine system"
"bioplanet_629","Interleukin-6 signaling pathway","Immune system"
"bioplanet_629","Interleukin-6 signaling pathway","Infectious disease"
"bioplanet_629","Interleukin-6 signaling pathway","Reproduction"
"bioplanet_629","Interleukin-6 signaling pathway","Signal transduction"
"bioplanet_629","Interleukin-6 signaling pathway","Stress response"
"bioplanet_63","Cell cycle: G2/M checkpoint","Cancer"
"bioplanet_63","Cell cycle: G2/M checkpoint","Cell division"
"bioplanet_63","Cell cycle: G2/M checkpoint","Cell proliferation"
"bioplanet_63","Cell cycle: G2/M checkpoint","CellCycleRegulation"
"bioplanet_63","Cell cycle: G2/M checkpoint","DNA replication"
"bioplanet_63","Cell cycle: G2/M checkpoint","Stress response"
"bioplanet_630","G beta-gamma signaling through PI3K gamma","Cancer"
"bioplanet_630","G beta-gamma signaling through PI3K gamma","Circulatory system"
"bioplanet_630","G beta-gamma signaling through PI3K gamma","G-protein coupled receptor"
"bioplanet_630","G beta-gamma signaling through PI3K gamma","Signal transduction"
"bioplanet_630","G beta-gamma signaling through PI3K gamma","Stress response"
"bioplanet_631","Gastrin-CREB signaling pathway via PKC and MAPK","Cardiovascular disease"
"bioplanet_631","Gastrin-CREB signaling pathway via PKC and MAPK","Digestive system"
"bioplanet_631","Gastrin-CREB signaling pathway via PKC and MAPK","Neurological disease"
"bioplanet_631","Gastrin-CREB signaling pathway via PKC and MAPK","Signal transduction"
"bioplanet_631","Gastrin-CREB signaling pathway via PKC and MAPK","Small molecule metabolism"
"bioplanet_632","Kit receptor signaling pathway","Cancer"
"bioplanet_632","Kit receptor signaling pathway","Cell differentiation"
"bioplanet_632","Kit receptor signaling pathway","Cell proliferation"
"bioplanet_632","Kit receptor signaling pathway","Circulatory system"
"bioplanet_632","Kit receptor signaling pathway","Immune system"
"bioplanet_632","Kit receptor signaling pathway","Infectious disease"
"bioplanet_632","Kit receptor signaling pathway","Nervous system"
"bioplanet_632","Kit receptor signaling pathway","Reproduction"
"bioplanet_632","Kit receptor signaling pathway","Signal transduction"
"bioplanet_633","EPO receptor signaling","Cancer"
"bioplanet_633","EPO receptor signaling","Cardiovascular disease"
"bioplanet_633","EPO receptor signaling","Cell differentiation"
"bioplanet_633","EPO receptor signaling","Cell proliferation"
"bioplanet_633","EPO receptor signaling","Circulatory system"
"bioplanet_633","EPO receptor signaling","Immune system"
"bioplanet_633","EPO receptor signaling","Signal transduction"
"bioplanet_633","EPO receptor signaling","Stress response"
"bioplanet_633","EPO receptor signaling","Transcription"
"bioplanet_634","Interleukin-27-mediated signaling events","Immune disease"
"bioplanet_634","Interleukin-27-mediated signaling events","Infectious disease"
"bioplanet_634","Interleukin-27-mediated signaling events","Signal transduction"
"bioplanet_635","Interleukin-12-mediated signaling events","Cell differentiation"
"bioplanet_635","Interleukin-12-mediated signaling events","Immune disease"
"bioplanet_635","Interleukin-12-mediated signaling events","Infectious disease"
"bioplanet_635","Interleukin-12-mediated signaling events","Signal transduction"
"bioplanet_636","LPA4-mediated signaling events","Cell death"
"bioplanet_636","LPA4-mediated signaling events","Cell proliferation"
"bioplanet_636","LPA4-mediated signaling events","Circulatory system"
"bioplanet_636","LPA4-mediated signaling events","Nervous system"
"bioplanet_636","LPA4-mediated signaling events","Neurological disease"
"bioplanet_636","LPA4-mediated signaling events","Signal transduction"
"bioplanet_636","LPA4-mediated signaling events","Small molecule metabolism"
"bioplanet_636","LPA4-mediated signaling events","Substance dependence"
"bioplanet_637","Alpha-M beta-2 integrin signaling","Cardiovascular disease"
"bioplanet_637","Alpha-M beta-2 integrin signaling","Cell differentiation"
"bioplanet_637","Alpha-M beta-2 integrin signaling","Circulatory system"
"bioplanet_637","Alpha-M beta-2 integrin signaling","Infectious disease"
"bioplanet_637","Alpha-M beta-2 integrin signaling","Reproduction"
"bioplanet_637","Alpha-M beta-2 integrin signaling","Signal transduction"
"bioplanet_637","Alpha-M beta-2 integrin signaling","Small molecule metabolism"
"bioplanet_638","Interleukin-23-mediated signaling events","Cell differentiation"
"bioplanet_638","Interleukin-23-mediated signaling events","Circulatory system"
"bioplanet_638","Interleukin-23-mediated signaling events","Immune system"
"bioplanet_638","Interleukin-23-mediated signaling events","Infectious disease"
"bioplanet_638","Interleukin-23-mediated signaling events","Physical disorder"
"bioplanet_638","Interleukin-23-mediated signaling events","Signal transduction"
"bioplanet_639","","Signal transduction"
"bioplanet_64","CDK regulation of DNA replication","Cancer"
"bioplanet_64","CDK regulation of DNA replication","Cell division"
"bioplanet_64","CDK regulation of DNA replication","CellCycleRegulation"
"bioplanet_64","CDK regulation of DNA replication","DNA replication"
"bioplanet_64","CDK regulation of DNA replication","Genetic disease"
"bioplanet_640","Alpha-4 beta-7 integrin signaling","Cancer"
"bioplanet_640","Alpha-4 beta-7 integrin signaling","Cell motility"
"bioplanet_640","Alpha-4 beta-7 integrin signaling","Immune disease"
"bioplanet_640","Alpha-4 beta-7 integrin signaling","Signal transduction"
"bioplanet_641","PDGF genes and receptors","Cancer"
"bioplanet_641","PDGF genes and receptors","Cell proliferation"
"bioplanet_641","PDGF genes and receptors","Circulatory system"
"bioplanet_641","PDGF genes and receptors","Immune system"
"bioplanet_641","PDGF genes and receptors","Infectious disease"
"bioplanet_641","PDGF genes and receptors","Signal transduction"
"bioplanet_641","PDGF genes and receptors","Transcription"
"bioplanet_642","","Signal transduction"
"bioplanet_643","","Signal transduction"
"bioplanet_644","","Signal transduction"
"bioplanet_645","","Signal transduction"
"bioplanet_646","","Signal transduction"
"bioplanet_647","NODAL signaling regulation","Genetic disease"
"bioplanet_647","NODAL signaling regulation","Signal transduction"
"bioplanet_648","CBL signaling regulation","Cancer"
"bioplanet_648","CBL signaling regulation","Cell differentiation"
"bioplanet_648","CBL signaling regulation","Circulatory system"
"bioplanet_648","CBL signaling regulation","Immune disease"
"bioplanet_648","CBL signaling regulation","Immune system"
"bioplanet_648","CBL signaling regulation","Signal transduction"
"bioplanet_649","GM-CSF-mediated signaling events","Cancer"
"bioplanet_649","GM-CSF-mediated signaling events","Cell proliferation"
"bioplanet_649","GM-CSF-mediated signaling events","Circulatory system"
"bioplanet_649","GM-CSF-mediated signaling events","Immune system"
"bioplanet_649","GM-CSF-mediated signaling events","Infectious disease"
"bioplanet_649","GM-CSF-mediated signaling events","Signal transduction"
"bioplanet_649","GM-CSF-mediated signaling events","Stress response"
"bioplanet_649","GM-CSF-mediated signaling events","Transcription"
"bioplanet_649","GM-CSF-mediated signaling events","Transport"
"bioplanet_65","Ran role in mitotic spindle regulation","Cell division"
"bioplanet_65","Ran role in mitotic spindle regulation","CellCycleRegulation"
"bioplanet_65","Ran role in mitotic spindle regulation","Immune disease"
"bioplanet_65","Ran role in mitotic spindle regulation","RNA processing"
"bioplanet_65","Ran role in mitotic spindle regulation","Stress response"
"bioplanet_650","CXCR4 signaling pathway","Cancer"
"bioplanet_650","CXCR4 signaling pathway","Cell proliferation"
"bioplanet_650","CXCR4 signaling pathway","Circulatory system"
"bioplanet_650","CXCR4 signaling pathway","Immune disease"
"bioplanet_650","CXCR4 signaling pathway","Infectious disease"
"bioplanet_650","CXCR4 signaling pathway","Signal transduction"
"bioplanet_650","CXCR4 signaling pathway","Stress response"
"bioplanet_651","Endogenous Toll-like receptor signaling","Cell death"
"bioplanet_651","Endogenous Toll-like receptor signaling","Cell division"
"bioplanet_651","Endogenous Toll-like receptor signaling","Immune disease"
"bioplanet_651","Endogenous Toll-like receptor signaling","Infectious disease"
"bioplanet_651","Endogenous Toll-like receptor signaling","Signal transduction"
"bioplanet_652","T cell receptor downstream signaling","Cell differentiation"
"bioplanet_652","T cell receptor downstream signaling","Cell proliferation"
"bioplanet_652","T cell receptor downstream signaling","Immune disease"
"bioplanet_652","T cell receptor downstream signaling","Immune system"
"bioplanet_652","T cell receptor downstream signaling","Infectious disease"
"bioplanet_652","T cell receptor downstream signaling","Signal transduction"
"bioplanet_653","IGF1 receptor signaling through beta-arrestin","Cell death"
"bioplanet_653","IGF1 receptor signaling through beta-arrestin","Cell differentiation"
"bioplanet_653","IGF1 receptor signaling through beta-arrestin","Nervous system"
"bioplanet_653","IGF1 receptor signaling through beta-arrestin","Neurological disease"
"bioplanet_653","IGF1 receptor signaling through beta-arrestin","Signal transduction"
"bioplanet_653","IGF1 receptor signaling through beta-arrestin","Transcription"
"bioplanet_654","Alpha-6 beta-4 integrin signaling pathway","Cancer"
"bioplanet_654","Alpha-6 beta-4 integrin signaling pathway","Cardiovascular disease"
"bioplanet_654","Alpha-6 beta-4 integrin signaling pathway","Cell differentiation"
"bioplanet_654","Alpha-6 beta-4 integrin signaling pathway","Cell division"
"bioplanet_654","Alpha-6 beta-4 integrin signaling pathway","Cell growth"
"bioplanet_654","Alpha-6 beta-4 integrin signaling pathway","Cell motility"
"bioplanet_654","Alpha-6 beta-4 integrin signaling pathway","Cell proliferation"
"bioplanet_654","Alpha-6 beta-4 integrin signaling pathway","Circulatory system"
"bioplanet_654","Alpha-6 beta-4 integrin signaling pathway","Signal transduction"
"bioplanet_654","Alpha-6 beta-4 integrin signaling pathway","Stress response"
"bioplanet_655","Netrin-mediated signaling events","Cancer"
"bioplanet_655","Netrin-mediated signaling events","Cell proliferation"
"bioplanet_655","Netrin-mediated signaling events","Circulatory system"
"bioplanet_655","Netrin-mediated signaling events","Nervous system"
"bioplanet_655","Netrin-mediated signaling events","Neurological disease"
"bioplanet_655","Netrin-mediated signaling events","Signal transduction"
"bioplanet_656","Alpha-synuclein signaling","Cell differentiation"
"bioplanet_656","Alpha-synuclein signaling","Cell motility"
"bioplanet_656","Alpha-synuclein signaling","Cell proliferation"
"bioplanet_656","Alpha-synuclein signaling","Circulatory system"
"bioplanet_656","Alpha-synuclein signaling","Nervous system"
"bioplanet_656","Alpha-synuclein signaling","Neurological disease"
"bioplanet_656","Alpha-synuclein signaling","Signal transduction"
"bioplanet_656","Alpha-synuclein signaling","Stress response"
"bioplanet_656","Alpha-synuclein signaling","Transcription"
"bioplanet_657","GPCR downstream signaling","Cancer"
"bioplanet_657","GPCR downstream signaling","G-protein coupled receptor"
"bioplanet_657","GPCR downstream signaling","Nervous system"
"bioplanet_657","GPCR downstream signaling","Signal transduction"
"bioplanet_658","Mammalian target of rapamycin complex 1 (mTORC1)-mediated signaling","Cancer"
"bioplanet_658","Mammalian target of rapamycin complex 1 (mTORC1)-mediated signaling","Endocrine system"
"bioplanet_658","Mammalian target of rapamycin complex 1 (mTORC1)-mediated signaling","Signal transduction"
"bioplanet_658","Mammalian target of rapamycin complex 1 (mTORC1)-mediated signaling","Transport"
"bioplanet_659","CRMPs in Sema3A signaling","Nervous system"
"bioplanet_659","CRMPs in Sema3A signaling","Reproduction"
"bioplanet_659","CRMPs in Sema3A signaling","Signal transduction"
"bioplanet_66","Telomeres, telomerase, cellular aging, and immortality","Cancer"
"bioplanet_66","Telomeres, telomerase, cellular aging, and immortality","Cell division"
"bioplanet_66","Telomeres, telomerase, cellular aging, and immortality","CellCycleRegulation"
"bioplanet_66","Telomeres, telomerase, cellular aging, and immortality","Nucleic acid metabolism"
"bioplanet_66","Telomeres, telomerase, cellular aging, and immortality","Stress response"
"bioplanet_660","Death receptor signaling","Cancer"
"bioplanet_660","Death receptor signaling","Cell death"
"bioplanet_660","Death receptor signaling","Genetic disease"
"bioplanet_660","Death receptor signaling","Immune disease"
"bioplanet_660","Death receptor signaling","Protein modification"
"bioplanet_660","Death receptor signaling","Signal transduction"
"bioplanet_661","G alpha (12/13) signaling events","Circulatory system"
"bioplanet_661","G alpha (12/13) signaling events","G-protein coupled receptor"
"bioplanet_661","G alpha (12/13) signaling events","Nervous system"
"bioplanet_661","G alpha (12/13) signaling events","Signal transduction"
"bioplanet_661","G alpha (12/13) signaling events","Transport"
"bioplanet_662","Polo-like kinase signaling events in the cell cycle","Protein modification"
"bioplanet_662","Polo-like kinase signaling events in the cell cycle","Signal transduction"
"bioplanet_662","Polo-like kinase signaling events in the cell cycle","Translation"
"bioplanet_663","CTLA4 inhibitory signaling","Cancer"
"bioplanet_663","CTLA4 inhibitory signaling","Cell division"
"bioplanet_663","CTLA4 inhibitory signaling","Immune disease"
"bioplanet_663","CTLA4 inhibitory signaling","Immune system"
"bioplanet_663","CTLA4 inhibitory signaling","Signal transduction"
"bioplanet_663","CTLA4 inhibitory signaling","Stress response"
"bioplanet_664","Interferon-gamma signaling pathway","Cell proliferation"
"bioplanet_664","Interferon-gamma signaling pathway","Immune disease"
"bioplanet_664","Interferon-gamma signaling pathway","Infectious disease"
"bioplanet_664","Interferon-gamma signaling pathway","Signal transduction"
"bioplanet_664","Interferon-gamma signaling pathway","Stress response"
"bioplanet_665","","Signal transduction"
"bioplanet_666","p75 neurotrophin receptor-mediated signaling","Cell division"
"bioplanet_666","p75 neurotrophin receptor-mediated signaling","Immune system"
"bioplanet_666","p75 neurotrophin receptor-mediated signaling","Nervous system"
"bioplanet_666","p75 neurotrophin receptor-mediated signaling","Neurological disease"
"bioplanet_666","p75 neurotrophin receptor-mediated signaling","Signal transduction"
"bioplanet_666","p75 neurotrophin receptor-mediated signaling","Stress response"
"bioplanet_667","","Signal transduction"
"bioplanet_668","TGF-beta receptor activation of SMADs","Cancer"
"bioplanet_668","TGF-beta receptor activation of SMADs","DNA repair"
"bioplanet_668","TGF-beta receptor activation of SMADs","Infectious disease"
"bioplanet_668","TGF-beta receptor activation of SMADs","Protein modification"
"bioplanet_668","TGF-beta receptor activation of SMADs","Signal transduction"
"bioplanet_668","TGF-beta receptor activation of SMADs","Stress response"
"bioplanet_668","TGF-beta receptor activation of SMADs","Translation"
"bioplanet_669","TGF-beta receptor signaling in EMT (epithelial to mesenchymal transition)","Cell differentiation"
"bioplanet_669","TGF-beta receptor signaling in EMT (epithelial to mesenchymal transition)","Chronology"
"bioplanet_669","TGF-beta receptor signaling in EMT (epithelial to mesenchymal transition)","Signal transduction"
"bioplanet_669","TGF-beta receptor signaling in EMT (epithelial to mesenchymal transition)","Stress response"
"bioplanet_67","Stathmin and breast cancer resistance to antimicrotubule agents","Cancer"
"bioplanet_67","Stathmin and breast cancer resistance to antimicrotubule agents","Cell division"
"bioplanet_67","Stathmin and breast cancer resistance to antimicrotubule agents","Cell proliferation"
"bioplanet_67","Stathmin and breast cancer resistance to antimicrotubule agents","CellCycleRegulation"
"bioplanet_67","Stathmin and breast cancer resistance to antimicrotubule agents","Stress response"
"bioplanet_670","KIT signaling regulation","Circulatory system"
"bioplanet_670","KIT signaling regulation","Immune disease"
"bioplanet_670","KIT signaling regulation","Infectious disease"
"bioplanet_670","KIT signaling regulation","Signal transduction"
"bioplanet_671","Androgen receptor signaling, proteolysis, and transcription regulation","Cancer"
"bioplanet_671","Androgen receptor signaling, proteolysis, and transcription regulation","Chronology"
"bioplanet_671","Androgen receptor signaling, proteolysis, and transcription regulation","Circulatory system"
"bioplanet_671","Androgen receptor signaling, proteolysis, and transcription regulation","Endocrine system"
"bioplanet_671","Androgen receptor signaling, proteolysis, and transcription regulation","Reproduction"
"bioplanet_671","Androgen receptor signaling, proteolysis, and transcription regulation","Signal transduction"
"bioplanet_671","Androgen receptor signaling, proteolysis, and transcription regulation","Small molecule metabolism"
"bioplanet_671","Androgen receptor signaling, proteolysis, and transcription regulation","Stress response"
"bioplanet_671","Androgen receptor signaling, proteolysis, and transcription regulation","Transcription"
"bioplanet_671","Androgen receptor signaling, proteolysis, and transcription regulation","Transcriptional regulation"
"bioplanet_672","Prolactin receptor signaling pathway","Cancer"
"bioplanet_672","Prolactin receptor signaling pathway","Endocrine system"
"bioplanet_672","Prolactin receptor signaling pathway","Immune system"
"bioplanet_672","Prolactin receptor signaling pathway","Infectious disease"
"bioplanet_672","Prolactin receptor signaling pathway","Reproduction"
"bioplanet_672","Prolactin receptor signaling pathway","Signal transduction"
"bioplanet_673","Interferon alpha signaling regulation","Cancer"
"bioplanet_673","Interferon alpha signaling regulation","Cell differentiation"
"bioplanet_673","Interferon alpha signaling regulation","Immune system"
"bioplanet_673","Interferon alpha signaling regulation","Infectious disease"
"bioplanet_673","Interferon alpha signaling regulation","Signal transduction"
"bioplanet_674","Interferon gamma signaling regulation","Cell differentiation"
"bioplanet_674","Interferon gamma signaling regulation","Immune system"
"bioplanet_674","Interferon gamma signaling regulation","Infectious disease"
"bioplanet_674","Interferon gamma signaling regulation","Signal transduction"
"bioplanet_675","Type II interferon signaling (interferon-gamma)","Cell differentiation"
"bioplanet_675","Type II interferon signaling (interferon-gamma)","Infectious disease"
"bioplanet_675","Type II interferon signaling (interferon-gamma)","Signal transduction"
"bioplanet_675","Type II interferon signaling (interferon-gamma)","Stress response"
"bioplanet_676","SHC1 events in EGFR signaling","Cancer"
"bioplanet_676","SHC1 events in EGFR signaling","Protein modification"
"bioplanet_676","SHC1 events in EGFR signaling","Signal transduction"
"bioplanet_677","EGF receptor (ErbB1) signaling pathway","Cancer"
"bioplanet_677","EGF receptor (ErbB1) signaling pathway","Cardiovascular disease"
"bioplanet_677","EGF receptor (ErbB1) signaling pathway","Cell differentiation"
"bioplanet_677","EGF receptor (ErbB1) signaling pathway","Cell division"
"bioplanet_677","EGF receptor (ErbB1) signaling pathway","Cell proliferation"
"bioplanet_677","EGF receptor (ErbB1) signaling pathway","Immune disease"
"bioplanet_677","EGF receptor (ErbB1) signaling pathway","Signal transduction"
"bioplanet_677","EGF receptor (ErbB1) signaling pathway","Stress response"
"bioplanet_677","EGF receptor (ErbB1) signaling pathway","Transcription"
"bioplanet_677","EGF receptor (ErbB1) signaling pathway","Transcriptional regulation"
"bioplanet_678","G-protein beta-gamma signalling","Cancer"
"bioplanet_678","G-protein beta-gamma signalling","Circulatory system"
"bioplanet_678","G-protein beta-gamma signalling","G-protein coupled receptor"
"bioplanet_678","G-protein beta-gamma signalling","Lipid metabolism"
"bioplanet_678","G-protein beta-gamma signalling","Neurological disease"
"bioplanet_678","G-protein beta-gamma signalling","Signal transduction"
"bioplanet_678","G-protein beta-gamma signalling","Small molecule metabolism"
"bioplanet_679","Glycoprotein 1b-IX-V activation signaling","Cardiovascular disease"
"bioplanet_679","Glycoprotein 1b-IX-V activation signaling","Circulatory system"
"bioplanet_679","Glycoprotein 1b-IX-V activation signaling","Signal transduction"
"bioplanet_68","Cell cycle progression regulation by PLK3","Cancer"
"bioplanet_68","Cell cycle progression regulation by PLK3","Cell death"
"bioplanet_68","Cell cycle progression regulation by PLK3","Cell division"
"bioplanet_68","Cell cycle progression regulation by PLK3","CellCycleRegulation"
"bioplanet_68","Cell cycle progression regulation by PLK3","DNA repair"
"bioplanet_68","Cell cycle progression regulation by PLK3","Stress response"
"bioplanet_680","GRB7 events in ERBB2 signaling","Cancer"
"bioplanet_680","GRB7 events in ERBB2 signaling","Cell division"
"bioplanet_680","GRB7 events in ERBB2 signaling","Protein modification"
"bioplanet_680","GRB7 events in ERBB2 signaling","Signal transduction"
"bioplanet_681","NADE-dependent death signaling","Cell death"
"bioplanet_681","NADE-dependent death signaling","Nervous system"
"bioplanet_681","NADE-dependent death signaling","Neurological disease"
"bioplanet_681","NADE-dependent death signaling","Signal transduction"
"bioplanet_682","PI3K events in ERBB2 signaling","Cell proliferation"
"bioplanet_682","PI3K events in ERBB2 signaling","G-protein coupled receptor"
"bioplanet_682","PI3K events in ERBB2 signaling","Immune system"
"bioplanet_682","PI3K events in ERBB2 signaling","Infectious disease"
"bioplanet_682","PI3K events in ERBB2 signaling","Reproduction"
"bioplanet_682","PI3K events in ERBB2 signaling","Signal transduction"
"bioplanet_682","PI3K events in ERBB2 signaling","Stress response"
"bioplanet_683","Platelet activation, signaling and aggregation","Cardiovascular disease"
"bioplanet_683","Platelet activation, signaling and aggregation","Circulatory system"
"bioplanet_683","Platelet activation, signaling and aggregation","Hemostasis"
"bioplanet_684","SHC1 events in ERBB2 signaling","Cancer"
"bioplanet_684","SHC1 events in ERBB2 signaling","Protein modification"
"bioplanet_684","SHC1 events in ERBB2 signaling","Signal transduction"
"bioplanet_685","Sema4D in semaphorin signaling","Cell proliferation"
"bioplanet_685","Sema4D in semaphorin signaling","Nervous system"
"bioplanet_685","Sema4D in semaphorin signaling","Signal transduction"
"bioplanet_686","Interferon alpha/beta signaling","Cell differentiation"
"bioplanet_686","Interferon alpha/beta signaling","Immune disease"
"bioplanet_686","Interferon alpha/beta signaling","Infectious disease"
"bioplanet_686","Interferon alpha/beta signaling","Signal transduction"
"bioplanet_687","Integrin-linked kinase signaling","Cancer"
"bioplanet_687","Integrin-linked kinase signaling","Cell proliferation"
"bioplanet_687","Integrin-linked kinase signaling","Infectious disease"
"bioplanet_687","Integrin-linked kinase signaling","Signal transduction"
"bioplanet_688","Alpha-6 beta-1 and alpha-6 beta-4 integrin signaling","Cancer"
"bioplanet_688","Alpha-6 beta-1 and alpha-6 beta-4 integrin signaling","Cell motility"
"bioplanet_688","Alpha-6 beta-1 and alpha-6 beta-4 integrin signaling","Cell proliferation"
"bioplanet_688","Alpha-6 beta-1 and alpha-6 beta-4 integrin signaling","Circulatory system"
"bioplanet_688","Alpha-6 beta-1 and alpha-6 beta-4 integrin signaling","Digestive system"
"bioplanet_688","Alpha-6 beta-1 and alpha-6 beta-4 integrin signaling","Infectious disease"
"bioplanet_688","Alpha-6 beta-1 and alpha-6 beta-4 integrin signaling","Nervous system"
"bioplanet_688","Alpha-6 beta-1 and alpha-6 beta-4 integrin signaling","Reproduction"
"bioplanet_688","Alpha-6 beta-1 and alpha-6 beta-4 integrin signaling","Signal transduction"
"bioplanet_688","Alpha-6 beta-1 and alpha-6 beta-4 integrin signaling","Stress response"
"bioplanet_689","Integrin alpha-2b beta-3 signaling","Cancer"
"bioplanet_689","Integrin alpha-2b beta-3 signaling","Circulatory system"
"bioplanet_689","Integrin alpha-2b beta-3 signaling","Infectious disease"
"bioplanet_689","Integrin alpha-2b beta-3 signaling","Signal transduction"
"bioplanet_69","p27 phosphorylation regulation during cell cycle progression","Cancer"
"bioplanet_69","p27 phosphorylation regulation during cell cycle progression","Cell proliferation"
"bioplanet_69","p27 phosphorylation regulation during cell cycle progression","CellCycleRegulation"
"bioplanet_69","p27 phosphorylation regulation during cell cycle progression","CellSignaling"
"bioplanet_69","p27 phosphorylation regulation during cell cycle progression","Infectious disease"
"bioplanet_69","p27 phosphorylation regulation during cell cycle progression","Nervous system"
"bioplanet_69","p27 phosphorylation regulation during cell cycle progression","Protein modification"
"bioplanet_690","NF-kappaB activation","Cancer"
"bioplanet_690","NF-kappaB activation","Cardiovascular disease"
"bioplanet_690","NF-kappaB activation","Cell death"
"bioplanet_690","NF-kappaB activation","Immune disease"
"bioplanet_690","NF-kappaB activation","Immune system"
"bioplanet_690","NF-kappaB activation","Infectious disease"
"bioplanet_690","NF-kappaB activation","Nervous system"
"bioplanet_690","NF-kappaB activation","Signal transduction"
"bioplanet_690","NF-kappaB activation","Transcription"
"bioplanet_690","NF-kappaB activation","Transcriptional regulation"
"bioplanet_691","Sprouty regulation of FGF signaling","DNA repair"
"bioplanet_691","Sprouty regulation of FGF signaling","Protein modification"
"bioplanet_691","Sprouty regulation of FGF signaling","Signal transduction"
"bioplanet_691","Sprouty regulation of FGF signaling","Stress response"
"bioplanet_691","Sprouty regulation of FGF signaling","Transport"
"bioplanet_692","Thromboxane A2 receptor signaling","Cardiovascular disease"
"bioplanet_692","Thromboxane A2 receptor signaling","Cell differentiation"
"bioplanet_692","Thromboxane A2 receptor signaling","Cell proliferation"
"bioplanet_692","Thromboxane A2 receptor signaling","Circulatory system"
"bioplanet_692","Thromboxane A2 receptor signaling","G-protein coupled receptor"
"bioplanet_692","Thromboxane A2 receptor signaling","Immune system"
"bioplanet_692","Thromboxane A2 receptor signaling","Nervous system"
"bioplanet_692","Thromboxane A2 receptor signaling","Signal transduction"
"bioplanet_692","Thromboxane A2 receptor signaling","Stress response"
"bioplanet_693","p130Cas linkage to MAPK signaling for integrins","Cancer"
"bioplanet_693","p130Cas linkage to MAPK signaling for integrins","Cell motility"
"bioplanet_693","p130Cas linkage to MAPK signaling for integrins","Circulatory system"
"bioplanet_693","p130Cas linkage to MAPK signaling for integrins","Immune system"
"bioplanet_693","p130Cas linkage to MAPK signaling for integrins","Infectious disease"
"bioplanet_693","p130Cas linkage to MAPK signaling for integrins","Signal transduction"
"bioplanet_694","CD28-dependent PI3K/Akt signaling","Cancer"
"bioplanet_694","CD28-dependent PI3K/Akt signaling","Cell differentiation"
"bioplanet_694","CD28-dependent PI3K/Akt signaling","Genetic disease"
"bioplanet_694","CD28-dependent PI3K/Akt signaling","Immune disease"
"bioplanet_694","CD28-dependent PI3K/Akt signaling","Immune system"
"bioplanet_694","CD28-dependent PI3K/Akt signaling","Infectious disease"
"bioplanet_694","CD28-dependent PI3K/Akt signaling","Signal transduction"
"bioplanet_694","CD28-dependent PI3K/Akt signaling","Stress response"
"bioplanet_695","DCC-mediated attractive signaling","Immune system"
"bioplanet_695","DCC-mediated attractive signaling","Infectious disease"
"bioplanet_695","DCC-mediated attractive signaling","Nervous system"
"bioplanet_695","DCC-mediated attractive signaling","Signal transduction"
"bioplanet_696","Downregulation of ERBB4 signaling","Chronology"
"bioplanet_696","Downregulation of ERBB4 signaling","DNA repair"
"bioplanet_696","Downregulation of ERBB4 signaling","Immune system"
"bioplanet_696","Downregulation of ERBB4 signaling","Signal transduction"
"bioplanet_696","Downregulation of ERBB4 signaling","Stress response"
"bioplanet_697","","Signal transduction"
"bioplanet_698","Retrograde neurotrophin signaling","Nervous system"
"bioplanet_698","Retrograde neurotrophin signaling","Neurological disease"
"bioplanet_698","Retrograde neurotrophin signaling","Signal transduction"
"bioplanet_699","Sema3A-plexin repulsion signaling by inhibiting integrin adhesion","Cancer"
"bioplanet_699","Sema3A-plexin repulsion signaling by inhibiting integrin adhesion","Nervous system"
"bioplanet_699","Sema3A-plexin repulsion signaling by inhibiting integrin adhesion","Signal transduction"
"bioplanet_7","Mammalian calpain regulation of cell motility","Adhesion"
"bioplanet_7","Mammalian calpain regulation of cell motility","Cancer"
"bioplanet_7","Mammalian calpain regulation of cell motility","Cell motility"
"bioplanet_7","Mammalian calpain regulation of cell motility","Cell proliferation"
"bioplanet_7","Mammalian calpain regulation of cell motility","CellSignaling"
"bioplanet_7","Mammalian calpain regulation of cell motility","Transport"
"bioplanet_70","Influence of Ras and Rho proteins on G1 to S transition","Cancer"
"bioplanet_70","Influence of Ras and Rho proteins on G1 to S transition","Cell differentiation"
"bioplanet_70","Influence of Ras and Rho proteins on G1 to S transition","Cell division"
"bioplanet_70","Influence of Ras and Rho proteins on G1 to S transition","Cell proliferation"
"bioplanet_70","Influence of Ras and Rho proteins on G1 to S transition","CellCycleRegulation"
"bioplanet_70","Influence of Ras and Rho proteins on G1 to S transition","CellSignaling"
"bioplanet_70","Influence of Ras and Rho proteins on G1 to S transition","Immune system"
"bioplanet_70","Influence of Ras and Rho proteins on G1 to S transition","Infectious disease"
"bioplanet_70","Influence of Ras and Rho proteins on G1 to S transition","Translation"
"bioplanet_700","Interleukin receptor SHC signaling","Cell differentiation"
"bioplanet_700","Interleukin receptor SHC signaling","Cell proliferation"
"bioplanet_700","Interleukin receptor SHC signaling","Immune system"
"bioplanet_700","Interleukin receptor SHC signaling","Infectious disease"
"bioplanet_700","Interleukin receptor SHC signaling","Signal transduction"
"bioplanet_701","Abl role in Robo-Slit signaling","Signal transduction"
"bioplanet_702","Apoptosis modulation and signaling","Cancer"
"bioplanet_702","Apoptosis modulation and signaling","Cell death"
"bioplanet_702","Apoptosis modulation and signaling","Immune system"
"bioplanet_702","Apoptosis modulation and signaling","Neurological disease"
"bioplanet_702","Apoptosis modulation and signaling","Signal transduction"
"bioplanet_702","Apoptosis modulation and signaling","Stress response"
"bioplanet_703","p75 neurotrophin receptor-mediated signaling","Cancer"
"bioplanet_703","p75 neurotrophin receptor-mediated signaling","DNA replication"
"bioplanet_703","p75 neurotrophin receptor-mediated signaling","Infectious disease"
"bioplanet_703","p75 neurotrophin receptor-mediated signaling","Nervous system"
"bioplanet_703","p75 neurotrophin receptor-mediated signaling","Signal transduction"
"bioplanet_703","p75 neurotrophin receptor-mediated signaling","Stress response"
"bioplanet_704","Netrin mediated repulsion signals","Cell proliferation"
"bioplanet_704","Netrin mediated repulsion signals","Nervous system"
"bioplanet_704","Netrin mediated repulsion signals","Signal transduction"
"bioplanet_704","Netrin mediated repulsion signals","Stress response"
"bioplanet_705","Recruitment of repair and signaling proteins to double-strand breaks","DNA repair"
"bioplanet_705","Recruitment of repair and signaling proteins to double-strand breaks","DNA replication"
"bioplanet_705","Recruitment of repair and signaling proteins to double-strand breaks","Signal transduction"
"bioplanet_706","Angiotensin II-stimulated signaling through G-proteins and beta-arrestin","Cardiovascular disease"
"bioplanet_706","Angiotensin II-stimulated signaling through G-proteins and beta-arrestin","Circulatory system"
"bioplanet_706","Angiotensin II-stimulated signaling through G-proteins and beta-arrestin","G-protein coupled receptor"
"bioplanet_706","Angiotensin II-stimulated signaling through G-proteins and beta-arrestin","Immune system"
"bioplanet_706","Angiotensin II-stimulated signaling through G-proteins and beta-arrestin","Infectious disease"
"bioplanet_706","Angiotensin II-stimulated signaling through G-proteins and beta-arrestin","Signal transduction"
"bioplanet_706","Angiotensin II-stimulated signaling through G-proteins and beta-arrestin","Stress response"
"bioplanet_706","Angiotensin II-stimulated signaling through G-proteins and beta-arrestin","Transcription"
"bioplanet_707","Activated NOTCH1 signaling in the nucleus","Cancer"
"bioplanet_707","Activated NOTCH1 signaling in the nucleus","Cell differentiation"
"bioplanet_707","Activated NOTCH1 signaling in the nucleus","Chronology"
"bioplanet_707","Activated NOTCH1 signaling in the nucleus","Circulatory system"
"bioplanet_707","Activated NOTCH1 signaling in the nucleus","DNA repair"
"bioplanet_707","Activated NOTCH1 signaling in the nucleus","Infectious disease"
"bioplanet_707","Activated NOTCH1 signaling in the nucleus","Nervous system"
"bioplanet_707","Activated NOTCH1 signaling in the nucleus","Neurological disease"
"bioplanet_707","Activated NOTCH1 signaling in the nucleus","Signal transduction"
"bioplanet_707","Activated NOTCH1 signaling in the nucleus","Stress response"
"bioplanet_707","Activated NOTCH1 signaling in the nucleus","Transport"
"bioplanet_708","PKA activation in glucagon signaling","Cardiovascular disease"
"bioplanet_708","PKA activation in glucagon signaling","Endocrine system"
"bioplanet_708","PKA activation in glucagon signaling","G-protein coupled receptor"
"bioplanet_708","PKA activation in glucagon signaling","Infectious disease"
"bioplanet_708","PKA activation in glucagon signaling","Signal transduction"
"bioplanet_708","PKA activation in glucagon signaling","Stress response"
"bioplanet_708","PKA activation in glucagon signaling","Transport"
"bioplanet_709","Interleukin-3, interleukin-5, and GM-CSF signaling","Cell differentiation"
"bioplanet_709","Interleukin-3, interleukin-5, and GM-CSF signaling","Cell proliferation"
"bioplanet_709","Interleukin-3, interleukin-5, and GM-CSF signaling","Circulatory system"
"bioplanet_709","Interleukin-3, interleukin-5, and GM-CSF signaling","Immune disease"
"bioplanet_709","Interleukin-3, interleukin-5, and GM-CSF signaling","Immune system"
"bioplanet_709","Interleukin-3, interleukin-5, and GM-CSF signaling","Infectious disease"
"bioplanet_709","Interleukin-3, interleukin-5, and GM-CSF signaling","Signal transduction"
"bioplanet_71","Cyclins and cell cycle regulation","Cancer"
"bioplanet_71","Cyclins and cell cycle regulation","Cell division"
"bioplanet_71","Cyclins and cell cycle regulation","CellCycleRegulation"
"bioplanet_71","Cyclins and cell cycle regulation","CellSignaling"
"bioplanet_71","Cyclins and cell cycle regulation","CytokinesChemokines"
"bioplanet_71","Cyclins and cell cycle regulation","DNA repair"
"bioplanet_71","Cyclins and cell cycle regulation","DNA replication"
"bioplanet_71","Cyclins and cell cycle regulation","Stress response"
"bioplanet_710","Negative regulation of FGFR signaling","Cancer"
"bioplanet_710","Negative regulation of FGFR signaling","Genetic disease"
"bioplanet_710","Negative regulation of FGFR signaling","Musculoskeletal system"
"bioplanet_710","Negative regulation of FGFR signaling","Signal transduction"
"bioplanet_710","Negative regulation of FGFR signaling","Stress response"
"bioplanet_710","Negative regulation of FGFR signaling","Transcription"
"bioplanet_710","Negative regulation of FGFR signaling","Transport"
"bioplanet_711","Natural killer cell receptor signaling pathway","Cell proliferation"
"bioplanet_711","Natural killer cell receptor signaling pathway","Circulatory system"
"bioplanet_711","Natural killer cell receptor signaling pathway","Immune system"
"bioplanet_711","Natural killer cell receptor signaling pathway","Infectious disease"
"bioplanet_711","Natural killer cell receptor signaling pathway","Signal transduction"
"bioplanet_711","Natural killer cell receptor signaling pathway","Stress response"
"bioplanet_711","Natural killer cell receptor signaling pathway","Transcription"
"bioplanet_712","","Signal transduction"
"bioplanet_713","Seven transmembrane receptor signaling through beta-arrestin","Cardiovascular disease"
"bioplanet_713","Seven transmembrane receptor signaling through beta-arrestin","Cell proliferation"
"bioplanet_713","Seven transmembrane receptor signaling through beta-arrestin","Circulatory system"
"bioplanet_713","Seven transmembrane receptor signaling through beta-arrestin","Immune system"
"bioplanet_713","Seven transmembrane receptor signaling through beta-arrestin","Infectious disease"
"bioplanet_713","Seven transmembrane receptor signaling through beta-arrestin","Nervous system"
"bioplanet_713","Seven transmembrane receptor signaling through beta-arrestin","Signal transduction"
"bioplanet_713","Seven transmembrane receptor signaling through beta-arrestin","Stress response"
"bioplanet_714","Downregulation of ERBB2-ERBB3 signaling","Cancer"
"bioplanet_714","Downregulation of ERBB2-ERBB3 signaling","Cell proliferation"
"bioplanet_714","Downregulation of ERBB2-ERBB3 signaling","DNA repair"
"bioplanet_714","Downregulation of ERBB2-ERBB3 signaling","Protein modification"
"bioplanet_714","Downregulation of ERBB2-ERBB3 signaling","Signal transduction"
"bioplanet_714","Downregulation of ERBB2-ERBB3 signaling","Transport"
"bioplanet_715","Serotonin receptor 2 and STAT3 signaling","Circulatory system"
"bioplanet_715","Serotonin receptor 2 and STAT3 signaling","G-protein coupled receptor"
"bioplanet_715","Serotonin receptor 2 and STAT3 signaling","Nervous system"
"bioplanet_715","Serotonin receptor 2 and STAT3 signaling","Signal transduction"
"bioplanet_716","Retinoic acid receptor-mediated signaling","Cancer"
"bioplanet_716","Retinoic acid receptor-mediated signaling","Lipid metabolism"
"bioplanet_716","Retinoic acid receptor-mediated signaling","Signal transduction"
"bioplanet_716","Retinoic acid receptor-mediated signaling","Stress response"
"bioplanet_716","Retinoic acid receptor-mediated signaling","Transcription"
"bioplanet_716","Retinoic acid receptor-mediated signaling","Transcriptional regulation"
"bioplanet_716","Retinoic acid receptor-mediated signaling","Transport"
"bioplanet_717","Toll-like receptor signaling pathway regulation","Cell differentiation"
"bioplanet_717","Toll-like receptor signaling pathway regulation","Immune disease"
"bioplanet_717","Toll-like receptor signaling pathway regulation","Immune system"
"bioplanet_717","Toll-like receptor signaling pathway regulation","Infectious disease"
"bioplanet_717","Toll-like receptor signaling pathway regulation","Signal transduction"
"bioplanet_717","Toll-like receptor signaling pathway regulation","Stress response"
"bioplanet_717","Toll-like receptor signaling pathway regulation","Transcriptional regulation"
"bioplanet_718","Plasma membrane estrogen receptor signaling","Cancer"
"bioplanet_718","Plasma membrane estrogen receptor signaling","Cell proliferation"
"bioplanet_718","Plasma membrane estrogen receptor signaling","Circulatory system"
"bioplanet_718","Plasma membrane estrogen receptor signaling","Endocrine system"
"bioplanet_718","Plasma membrane estrogen receptor signaling","Signal transduction"
"bioplanet_718","Plasma membrane estrogen receptor signaling","Stress response"
"bioplanet_719","GRB2-SOS provides linkage to MAPK signaling for integrins","Cardiovascular disease"
"bioplanet_719","GRB2-SOS provides linkage to MAPK signaling for integrins","Circulatory system"
"bioplanet_719","GRB2-SOS provides linkage to MAPK signaling for integrins","Infectious disease"
"bioplanet_719","GRB2-SOS provides linkage to MAPK signaling for integrins","Signal transduction"
"bioplanet_72","Sonic Hedgehog (SHH) receptor PTCH1 regulation of cell cycle","Cancer"
"bioplanet_72","Sonic Hedgehog (SHH) receptor PTCH1 regulation of cell cycle","Cell differentiation"
"bioplanet_72","Sonic Hedgehog (SHH) receptor PTCH1 regulation of cell cycle","Cell division"
"bioplanet_72","Sonic Hedgehog (SHH) receptor PTCH1 regulation of cell cycle","Cell proliferation"
"bioplanet_72","Sonic Hedgehog (SHH) receptor PTCH1 regulation of cell cycle","CellCycleRegulation"
"bioplanet_72","Sonic Hedgehog (SHH) receptor PTCH1 regulation of cell cycle","CellSignaling"
"bioplanet_72","Sonic Hedgehog (SHH) receptor PTCH1 regulation of cell cycle","DevelopmentalBiology"
"bioplanet_72","Sonic Hedgehog (SHH) receptor PTCH1 regulation of cell cycle","Genetic disease"
"bioplanet_720","Negative regulators of RIG-I/MDA5 signaling","DNA repair"
"bioplanet_720","Negative regulators of RIG-I/MDA5 signaling","Immune system"
"bioplanet_720","Negative regulators of RIG-I/MDA5 signaling","Infectious disease"
"bioplanet_720","Negative regulators of RIG-I/MDA5 signaling","Signal transduction"
"bioplanet_720","Negative regulators of RIG-I/MDA5 signaling","Transport"
"bioplanet_721","Serotonin receptor 4/6/7 and NR3C signaling","G-protein coupled receptor"
"bioplanet_721","Serotonin receptor 4/6/7 and NR3C signaling","Immune system"
"bioplanet_721","Serotonin receptor 4/6/7 and NR3C signaling","Infectious disease"
"bioplanet_721","Serotonin receptor 4/6/7 and NR3C signaling","Nervous system"
"bioplanet_721","Serotonin receptor 4/6/7 and NR3C signaling","Neurological disease"
"bioplanet_721","Serotonin receptor 4/6/7 and NR3C signaling","Signal transduction"
"bioplanet_721","Serotonin receptor 4/6/7 and NR3C signaling","Substance dependence"
"bioplanet_722","Calcineurin-dependent NFAT signaling role in lymphocytes","Cancer"
"bioplanet_722","Calcineurin-dependent NFAT signaling role in lymphocytes","Cell death"
"bioplanet_722","Calcineurin-dependent NFAT signaling role in lymphocytes","Circulatory system"
"bioplanet_722","Calcineurin-dependent NFAT signaling role in lymphocytes","Immune system"
"bioplanet_722","Calcineurin-dependent NFAT signaling role in lymphocytes","Infectious disease"
"bioplanet_722","Calcineurin-dependent NFAT signaling role in lymphocytes","Signal transduction"
"bioplanet_722","Calcineurin-dependent NFAT signaling role in lymphocytes","Stress response"
"bioplanet_723","Nuclear beta-catenin signaling and target gene transcription regulation","Cancer"
"bioplanet_723","Nuclear beta-catenin signaling and target gene transcription regulation","Circulatory system"
"bioplanet_723","Nuclear beta-catenin signaling and target gene transcription regulation","Infectious disease"
"bioplanet_723","Nuclear beta-catenin signaling and target gene transcription regulation","Musculoskeletal system"
"bioplanet_723","Nuclear beta-catenin signaling and target gene transcription regulation","Nervous system"
"bioplanet_723","Nuclear beta-catenin signaling and target gene transcription regulation","Reproduction"
"bioplanet_723","Nuclear beta-catenin signaling and target gene transcription regulation","Sensory system"
"bioplanet_723","Nuclear beta-catenin signaling and target gene transcription regulation","Signal transduction"
"bioplanet_723","Nuclear beta-catenin signaling and target gene transcription regulation","Stress response"
"bioplanet_723","Nuclear beta-catenin signaling and target gene transcription regulation","Transcription"
"bioplanet_724","Angiopoietin receptor Tie2-mediated signaling","Cancer"
"bioplanet_724","Angiopoietin receptor Tie2-mediated signaling","Cardiovascular disease"
"bioplanet_724","Angiopoietin receptor Tie2-mediated signaling","Cell differentiation"
"bioplanet_724","Angiopoietin receptor Tie2-mediated signaling","Circulatory system"
"bioplanet_724","Angiopoietin receptor Tie2-mediated signaling","Immune system"
"bioplanet_724","Angiopoietin receptor Tie2-mediated signaling","Reproduction"
"bioplanet_724","Angiopoietin receptor Tie2-mediated signaling","Signal transduction"
"bioplanet_724","Angiopoietin receptor Tie2-mediated signaling","Stress response"
"bioplanet_725","Second messenger role in netrin-1 signaling","Circulatory system"
"bioplanet_725","Second messenger role in netrin-1 signaling","Infectious disease"
"bioplanet_725","Second messenger role in netrin-1 signaling","Signal transduction"
"bioplanet_725","Second messenger role in netrin-1 signaling","Transport"
"bioplanet_726","Serotonin receptor 2 and ELK-SRF/GATA4 signaling","Cardiovascular disease"
"bioplanet_726","Serotonin receptor 2 and ELK-SRF/GATA4 signaling","Circulatory system"
"bioplanet_726","Serotonin receptor 2 and ELK-SRF/GATA4 signaling","G-protein coupled receptor"
"bioplanet_726","Serotonin receptor 2 and ELK-SRF/GATA4 signaling","Nervous system"
"bioplanet_726","Serotonin receptor 2 and ELK-SRF/GATA4 signaling","Signal transduction"
"bioplanet_727","Neurotrophic factor-mediated Trk receptor signaling","Cancer"
"bioplanet_727","Neurotrophic factor-mediated Trk receptor signaling","Cell proliferation"
"bioplanet_727","Neurotrophic factor-mediated Trk receptor signaling","Infectious disease"
"bioplanet_727","Neurotrophic factor-mediated Trk receptor signaling","Nervous system"
"bioplanet_727","Neurotrophic factor-mediated Trk receptor signaling","Signal transduction"
"bioplanet_727","Neurotrophic factor-mediated Trk receptor signaling","Stress response"
"bioplanet_728","Advanced glycosylation endproduct receptor signaling","Cancer"
"bioplanet_728","Advanced glycosylation endproduct receptor signaling","Signal transduction"
"bioplanet_729","TRAF6-mediated IRF7 activation in TLR7/8 or 9 signaling","Immune disease"
"bioplanet_729","TRAF6-mediated IRF7 activation in TLR7/8 or 9 signaling","Infectious disease"
"bioplanet_729","TRAF6-mediated IRF7 activation in TLR7/8 or 9 signaling","Signal transduction"
"bioplanet_729","TRAF6-mediated IRF7 activation in TLR7/8 or 9 signaling","Transcription"
"bioplanet_729","TRAF6-mediated IRF7 activation in TLR7/8 or 9 signaling","Transcriptional regulation"
"bioplanet_73","Splicing regulation through Sam68","CellCycleRegulation"
"bioplanet_73","Splicing regulation through Sam68","RNA processing"
"bioplanet_73","Splicing regulation through Sam68","expression"
"bioplanet_730","G-protein-independent seven transmembrane receptor signaling","Cardiovascular disease"
"bioplanet_730","G-protein-independent seven transmembrane receptor signaling","Cell differentiation"
"bioplanet_730","G-protein-independent seven transmembrane receptor signaling","Endocrine and metabolic disease"
"bioplanet_730","G-protein-independent seven transmembrane receptor signaling","Immune system"
"bioplanet_730","G-protein-independent seven transmembrane receptor signaling","Reproduction"
"bioplanet_730","G-protein-independent seven transmembrane receptor signaling","Signal transduction"
"bioplanet_730","G-protein-independent seven transmembrane receptor signaling","Stress response"
"bioplanet_730","G-protein-independent seven transmembrane receptor signaling","Transcription"
"bioplanet_731","Urokinase-type plasminogen activator (uPA) and uPAR-mediated signaling","Cardiovascular disease"
"bioplanet_731","Urokinase-type plasminogen activator (uPA) and uPAR-mediated signaling","Cell proliferation"
"bioplanet_731","Urokinase-type plasminogen activator (uPA) and uPAR-mediated signaling","Circulatory system"
"bioplanet_731","Urokinase-type plasminogen activator (uPA) and uPAR-mediated signaling","Immune system"
"bioplanet_731","Urokinase-type plasminogen activator (uPA) and uPAR-mediated signaling","Signal transduction"
"bioplanet_731","Urokinase-type plasminogen activator (uPA) and uPAR-mediated signaling","Stress response"
"bioplanet_732","Nucleotide-binding domain, leucine rich repeat containing receptor (NLR) signaling pathways","Signal transduction"
"bioplanet_732","Nucleotide-binding domain, leucine rich repeat containing receptor (NLR) signaling pathways","Transcription"
"bioplanet_732","Nucleotide-binding domain, leucine rich repeat containing receptor (NLR) signaling pathways","Transcriptional regulation"
"bioplanet_733","Bile acids and bile salt biosynthesis","Digestive system"
"bioplanet_733","Bile acids and bile salt biosynthesis","Endocrine and metabolic disease"
"bioplanet_733","Bile acids and bile salt biosynthesis","Lipid metabolism"
"bioplanet_733","Bile acids and bile salt biosynthesis","Metabolism:Biosynthesis"
"bioplanet_733","Bile acids and bile salt biosynthesis","Small molecule metabolism"
"bioplanet_734","Nucleotide di- and triphosphate biosynthesis and interconversion","Immune disease"
"bioplanet_734","Nucleotide di- and triphosphate biosynthesis and interconversion","Metabolism:Biosynthesis"
"bioplanet_734","Nucleotide di- and triphosphate biosynthesis and interconversion","Nucleic acid metabolism"
"bioplanet_734","Nucleotide di- and triphosphate biosynthesis and interconversion","Small molecule metabolism"
"bioplanet_735","GDP-mannose biosynthesis","Carbohydrate metabolism"
"bioplanet_735","GDP-mannose biosynthesis","Genetic disease"
"bioplanet_735","GDP-mannose biosynthesis","Metabolism:Biosynthesis"
"bioplanet_735","GDP-mannose biosynthesis","Nucleic acid metabolism"
"bioplanet_736","Phosphatidic acid biosynthesis","Lipid metabolism"
"bioplanet_736","Phosphatidic acid biosynthesis","Metabolism:Biosynthesis"
"bioplanet_736","Phosphatidic acid biosynthesis","Neurological disease"
"bioplanet_736","Phosphatidic acid biosynthesis","Small molecule metabolism"
"bioplanet_737","Phosphatidylcholine biosynthesis","Genetic disease"
"bioplanet_737","Phosphatidylcholine biosynthesis","Lipid metabolism"
"bioplanet_737","Phosphatidylcholine biosynthesis","Metabolism:Biosynthesis"
"bioplanet_737","Phosphatidylcholine biosynthesis","Neurological disease"
"bioplanet_737","Phosphatidylcholine biosynthesis","Small molecule metabolism"
"bioplanet_738","Phosphatidylethanolamine biosynthesis","Lipid metabolism"
"bioplanet_738","Phosphatidylethanolamine biosynthesis","Metabolism:Biosynthesis"
"bioplanet_738","Phosphatidylethanolamine biosynthesis","Small molecule metabolism"
"bioplanet_739","Phosphatidylglycerol biosynthesis","Lipid metabolism"
"bioplanet_739","Phosphatidylglycerol biosynthesis","Metabolism:Biosynthesis"
"bioplanet_739","Phosphatidylglycerol biosynthesis","Small molecule metabolism"
"bioplanet_74","Tumor suppressor Arf inhibits ribosomal biogenesis","Cancer"
"bioplanet_74","Tumor suppressor Arf inhibits ribosomal biogenesis","CellCycleRegulation"
"bioplanet_74","Tumor suppressor Arf inhibits ribosomal biogenesis","Stress response"
"bioplanet_74","Tumor suppressor Arf inhibits ribosomal biogenesis","Translation"
"bioplanet_74","Tumor suppressor Arf inhibits ribosomal biogenesis","expression"
"bioplanet_740","PIP biosynthesis at the ER membrane","G-protein coupled receptor"
"bioplanet_740","PIP biosynthesis at the ER membrane","Lipid metabolism"
"bioplanet_740","PIP biosynthesis at the ER membrane","Metabolism:Biosynthesis"
"bioplanet_741","PIP biosynthesis at the Golgi membrane","G-protein coupled receptor"
"bioplanet_741","PIP biosynthesis at the Golgi membrane","Lipid metabolism"
"bioplanet_741","PIP biosynthesis at the Golgi membrane","Metabolism:Biosynthesis"
"bioplanet_742","PIP biosynthesis at the early endosome membrane","Genetic disease"
"bioplanet_742","PIP biosynthesis at the early endosome membrane","Lipid metabolism"
"bioplanet_742","PIP biosynthesis at the early endosome membrane","Metabolism:Biosynthesis"
"bioplanet_743","PIP biosynthesis at the late endosome membrane","Circulatory system"
"bioplanet_743","PIP biosynthesis at the late endosome membrane","Genetic disease"
"bioplanet_743","PIP biosynthesis at the late endosome membrane","Lipid metabolism"
"bioplanet_743","PIP biosynthesis at the late endosome membrane","Metabolism:Biosynthesis"
"bioplanet_744","PIP biosynthesis at the plasma membrane","G-protein coupled receptor"
"bioplanet_744","PIP biosynthesis at the plasma membrane","Immune system"
"bioplanet_744","PIP biosynthesis at the plasma membrane","Lipid metabolism"
"bioplanet_744","PIP biosynthesis at the plasma membrane","Metabolism:Biosynthesis"
"bioplanet_745","UDP-N-acetyl-glucosamine biosynthesis","Carbohydrate metabolism"
"bioplanet_745","UDP-N-acetyl-glucosamine biosynthesis","Metabolism:Biosynthesis"
"bioplanet_746","Bile acid and bile salt biosynthesis via 24-hydroxycholesterol","Digestive system"
"bioplanet_746","Bile acid and bile salt biosynthesis via 24-hydroxycholesterol","Endocrine and metabolic disease"
"bioplanet_746","Bile acid and bile salt biosynthesis via 24-hydroxycholesterol","Lipid metabolism"
"bioplanet_746","Bile acid and bile salt biosynthesis via 24-hydroxycholesterol","Metabolism:Biosynthesis"
"bioplanet_746","Bile acid and bile salt biosynthesis via 24-hydroxycholesterol","Small molecule metabolism"
"bioplanet_746","Bile acid and bile salt biosynthesis via 24-hydroxycholesterol","Xenobiotic metabolism"
"bioplanet_747","Bile acid and bile salt biosynthesis via 27-hydroxycholesterol","Digestive system"
"bioplanet_747","Bile acid and bile salt biosynthesis via 27-hydroxycholesterol","Endocrine and metabolic disease"
"bioplanet_747","Bile acid and bile salt biosynthesis via 27-hydroxycholesterol","Lipid metabolism"
"bioplanet_747","Bile acid and bile salt biosynthesis via 27-hydroxycholesterol","Metabolism:Biosynthesis"
"bioplanet_747","Bile acid and bile salt biosynthesis via 27-hydroxycholesterol","Small molecule metabolism"
"bioplanet_748","Bile acid and bile salt biosynthesis via 7-alpha-hydroxycholesterol","Digestive system"
"bioplanet_748","Bile acid and bile salt biosynthesis via 7-alpha-hydroxycholesterol","Endocrine and metabolic disease"
"bioplanet_748","Bile acid and bile salt biosynthesis via 7-alpha-hydroxycholesterol","Lipid metabolism"
"bioplanet_748","Bile acid and bile salt biosynthesis via 7-alpha-hydroxycholesterol","Metabolism:Biosynthesis"
"bioplanet_748","Bile acid and bile salt biosynthesis via 7-alpha-hydroxycholesterol","Small molecule metabolism"
"bioplanet_749","Dolichyl-phosphate mannose biosynthesis","Carbohydrate metabolism"
"bioplanet_749","Dolichyl-phosphate mannose biosynthesis","Genetic disease"
"bioplanet_749","Dolichyl-phosphate mannose biosynthesis","Metabolism:Biosynthesis"
"bioplanet_749","Dolichyl-phosphate mannose biosynthesis","Small molecule metabolism"
"bioplanet_75","MAL role in Rho-mediated activation of SRF","Cancer"
"bioplanet_75","MAL role in Rho-mediated activation of SRF","CellSignaling"
"bioplanet_75","MAL role in Rho-mediated activation of SRF","Nervous system"
"bioplanet_750","Glycosylphosphatidylinositol (GPI) biosynthesis","Cardiovascular disease"
"bioplanet_750","Glycosylphosphatidylinositol (GPI) biosynthesis","Endocrine and metabolic disease"
"bioplanet_750","Glycosylphosphatidylinositol (GPI) biosynthesis","Metabolism:Biosynthesis"
"bioplanet_751","N-glycan precursor substrate biosynthesis","Carbohydrate metabolism"
"bioplanet_751","N-glycan precursor substrate biosynthesis","Genetic disease"
"bioplanet_751","N-glycan precursor substrate biosynthesis","Metabolism:Biosynthesis"
"bioplanet_751","N-glycan precursor substrate biosynthesis","Protein modification"
"bioplanet_752","Ghrelin biosynthesis, secretion, and deacylation","Endocrine and metabolic disease"
"bioplanet_752","Ghrelin biosynthesis, secretion, and deacylation","Endocrine system"
"bioplanet_752","Ghrelin biosynthesis, secretion, and deacylation","Metabolism:Biosynthesis"
"bioplanet_752","Ghrelin biosynthesis, secretion, and deacylation","Protein modification"
"bioplanet_753","Glucose-dependent insulinotropic polypeptide (GIP) biosynthesis, secretion, and inactivation","Endocrine system"
"bioplanet_753","Glucose-dependent insulinotropic polypeptide (GIP) biosynthesis, secretion, and inactivation","Metabolism:Biosynthesis"
"bioplanet_753","Glucose-dependent insulinotropic polypeptide (GIP) biosynthesis, secretion, and inactivation","Nervous system"
"bioplanet_753","Glucose-dependent insulinotropic polypeptide (GIP) biosynthesis, secretion, and inactivation","Transport"
"bioplanet_754","Biosynthesis of the N-glycan precursor (dolichol lipid-linked oligosaccharide, LLO) and transfer to a nascent protein","Endocrine and metabolic disease"
"bioplanet_754","Biosynthesis of the N-glycan precursor (dolichol lipid-linked oligosaccharide, LLO) and transfer to a nascent protein","Genetic disease"
"bioplanet_754","Biosynthesis of the N-glycan precursor (dolichol lipid-linked oligosaccharide, LLO) and transfer to a nascent protein","Metabolism:Biosynthesis"
"bioplanet_754","Biosynthesis of the N-glycan precursor (dolichol lipid-linked oligosaccharide, LLO) and transfer to a nascent protein","Protein modification"
"bioplanet_755","GABA biosynthesis, release, reuptake and degradation","Metabolism:Biosynthesis"
"bioplanet_755","GABA biosynthesis, release, reuptake and degradation","Nervous system"
"bioplanet_755","GABA biosynthesis, release, reuptake and degradation","Neurological disease"
"bioplanet_755","GABA biosynthesis, release, reuptake and degradation","Small molecule metabolism"
"bioplanet_756","Insulin biosynthesis and processing","Carbohydrate metabolism"
"bioplanet_756","Insulin biosynthesis and processing","Endocrine system"
"bioplanet_756","Insulin biosynthesis and processing","Metabolism:Biosynthesis"
"bioplanet_756","Insulin biosynthesis and processing","Protein folding, sorting and degradation"
"bioplanet_756","Insulin biosynthesis and processing","Protein modification"
"bioplanet_757","Heme biosynthesis","Endocrine and metabolic disease"
"bioplanet_757","Heme biosynthesis","Genetic disease"
"bioplanet_757","Heme biosynthesis","Metabolism:Biosynthesis"
"bioplanet_757","Heme biosynthesis","Small molecule metabolism"
"bioplanet_757","Heme biosynthesis","Vitamin and cofactor metabolism"
"bioplanet_758","Glycogen biosynthesis","Carbohydrate metabolism"
"bioplanet_758","Glycogen biosynthesis","Endocrine and metabolic disease"
"bioplanet_758","Glycogen biosynthesis","Endocrine system"
"bioplanet_758","Glycogen biosynthesis","Energy metabolism"
"bioplanet_758","Glycogen biosynthesis","Metabolism:Biosynthesis"
"bioplanet_758","Glycogen biosynthesis","Small molecule metabolism"
"bioplanet_76","Attenuation of GPCR signaling","Cell death"
"bioplanet_76","Attenuation of GPCR signaling","CellSignaling"
"bioplanet_76","Attenuation of GPCR signaling","Endocrine and metabolic disease"
"bioplanet_76","Attenuation of GPCR signaling","G-protein coupled receptor"
"bioplanet_76","Attenuation of GPCR signaling","Nervous system"
"bioplanet_76","Attenuation of GPCR signaling","Transport"
"bioplanet_760","Incretin biosynthesis, secretion, and inactivation","Carbohydrate metabolism"
"bioplanet_760","Incretin biosynthesis, secretion, and inactivation","Circulatory system"
"bioplanet_760","Incretin biosynthesis, secretion, and inactivation","Endocrine and metabolic disease"
"bioplanet_760","Incretin biosynthesis, secretion, and inactivation","Endocrine system"
"bioplanet_760","Incretin biosynthesis, secretion, and inactivation","Metabolism:Biosynthesis"
"bioplanet_760","Incretin biosynthesis, secretion, and inactivation","Small molecule metabolism"
"bioplanet_760","Incretin biosynthesis, secretion, and inactivation","Transport"
"bioplanet_761","Serine biosynthesis","Genetic disease"
"bioplanet_761","Serine biosynthesis","Metabolism:Biosynthesis"
"bioplanet_761","Serine biosynthesis","Nervous system"
"bioplanet_762","Carnitine biosynthesis","Metabolism:Biosynthesis"
"bioplanet_762","Carnitine biosynthesis","Small molecule metabolism"
"bioplanet_763","Heparan sulfate/heparin glycosaminoglycan (HS-GAG) biosynthesis","Carbohydrate metabolism"
"bioplanet_763","Heparan sulfate/heparin glycosaminoglycan (HS-GAG) biosynthesis","Circulatory system"
"bioplanet_763","Heparan sulfate/heparin glycosaminoglycan (HS-GAG) biosynthesis","Genetic disease"
"bioplanet_763","Heparan sulfate/heparin glycosaminoglycan (HS-GAG) biosynthesis","Metabolism:Biosynthesis"
"bioplanet_763","Heparan sulfate/heparin glycosaminoglycan (HS-GAG) biosynthesis","Small molecule metabolism"
"bioplanet_764","Vitamin D biosynthesis","Circulatory system"
"bioplanet_764","Vitamin D biosynthesis","Metabolism:Biosynthesis"
"bioplanet_764","Vitamin D biosynthesis","Musculoskeletal system"
"bioplanet_764","Vitamin D biosynthesis","Small molecule metabolism"
"bioplanet_764","Vitamin D biosynthesis","Vitamin and cofactor metabolism"
"bioplanet_765","Amino acid biosynthesis and interconversion (transamination)","Endocrine and metabolic disease"
"bioplanet_765","Amino acid biosynthesis and interconversion (transamination)","Energy metabolism"
"bioplanet_765","Amino acid biosynthesis and interconversion (transamination)","Genetic disease"
"bioplanet_765","Amino acid biosynthesis and interconversion (transamination)","Metabolism:Biosynthesis"
"bioplanet_765","Amino acid biosynthesis and interconversion (transamination)","Small molecule metabolism"
"bioplanet_766","Lagging strand processive biosynthesis","Cell division"
"bioplanet_766","Lagging strand processive biosynthesis","DNA repair"
"bioplanet_766","Lagging strand processive biosynthesis","DNA replication"
"bioplanet_766","Lagging strand processive biosynthesis","Metabolism:Biosynthesis"
"bioplanet_766","Lagging strand processive biosynthesis","Nucleic acid metabolism"
"bioplanet_767","Eicosanoid biosynthesis","Cardiovascular disease"
"bioplanet_767","Eicosanoid biosynthesis","Immune disease"
"bioplanet_767","Eicosanoid biosynthesis","Lipid metabolism"
"bioplanet_767","Eicosanoid biosynthesis","Metabolism:Biosynthesis"
"bioplanet_767","Eicosanoid biosynthesis","Small molecule metabolism"
"bioplanet_768","Androgen biosynthesis","Cancer"
"bioplanet_768","Androgen biosynthesis","Endocrine and metabolic disease"
"bioplanet_768","Androgen biosynthesis","Endocrine system"
"bioplanet_768","Androgen biosynthesis","Metabolism:Biosynthesis"
"bioplanet_768","Androgen biosynthesis","Reproduction"
"bioplanet_768","Androgen biosynthesis","Small molecule metabolism"
"bioplanet_769","Collagen biosynthesis and modifying enzymes","Circulatory system"
"bioplanet_769","Collagen biosynthesis and modifying enzymes","Metabolism:Biosynthesis"
"bioplanet_769","Collagen biosynthesis and modifying enzymes","Musculoskeletal system"
"bioplanet_769","Collagen biosynthesis and modifying enzymes","Physical disorder"
"bioplanet_769","Collagen biosynthesis and modifying enzymes","Stress response"
"bioplanet_77","Stress fiber formation mediated by Rho-selective guanine exchange factor AKAP13","Cardiovascular disease"
"bioplanet_77","Stress fiber formation mediated by Rho-selective guanine exchange factor AKAP13","CellSignaling"
"bioplanet_77","Stress fiber formation mediated by Rho-selective guanine exchange factor AKAP13","Stress response"
"bioplanet_770","Glutathione biosynthesis and recycling","Cardiovascular disease"
"bioplanet_770","Glutathione biosynthesis and recycling","Genetic disease"
"bioplanet_770","Glutathione biosynthesis and recycling","Metabolism:Biosynthesis"
"bioplanet_770","Glutathione biosynthesis and recycling","Small molecule metabolism"
"bioplanet_770","Glutathione biosynthesis and recycling","Xenobiotic metabolism"
"bioplanet_771","Thyroxine biosynthesis","Endocrine system"
"bioplanet_771","Thyroxine biosynthesis","Energy metabolism"
"bioplanet_771","Thyroxine biosynthesis","Metabolism:Biosynthesis"
"bioplanet_771","Thyroxine biosynthesis","Small molecule metabolism"
"bioplanet_772","Coenzyme A biosynthesis","Energy metabolism"
"bioplanet_772","Coenzyme A biosynthesis","Metabolism:Biosynthesis"
"bioplanet_772","Coenzyme A biosynthesis","Small molecule metabolism"
"bioplanet_772","Coenzyme A biosynthesis","Vitamin and cofactor metabolism"
"bioplanet_773","Hyaluronan biosynthesis and export","Cell motility"
"bioplanet_773","Hyaluronan biosynthesis and export","Metabolism:Biosynthesis"
"bioplanet_773","Hyaluronan biosynthesis and export","Musculoskeletal system"
"bioplanet_773","Hyaluronan biosynthesis and export","Nervous system"
"bioplanet_774","Pyrimidine biosynthesis","DNA repair"
"bioplanet_774","Pyrimidine biosynthesis","Metabolism:Biosynthesis"
"bioplanet_774","Pyrimidine biosynthesis","Nucleic acid metabolism"
"bioplanet_774","Pyrimidine biosynthesis","Small molecule metabolism"
"bioplanet_775","Acetylcholine biosynthesis","Genetic disease"
"bioplanet_775","Acetylcholine biosynthesis","Lipid metabolism"
"bioplanet_775","Acetylcholine biosynthesis","Metabolism:Biosynthesis"
"bioplanet_775","Acetylcholine biosynthesis","Nervous system"
"bioplanet_775","Acetylcholine biosynthesis","Neurological disease"
"bioplanet_775","Acetylcholine biosynthesis","Small molecule metabolism"
"bioplanet_776","Prostaglandin biosynthesis and regulation","Circulatory system"
"bioplanet_776","Prostaglandin biosynthesis and regulation","Immune disease"
"bioplanet_776","Prostaglandin biosynthesis and regulation","Metabolism:Biosynthesis"
"bioplanet_776","Prostaglandin biosynthesis and regulation","Nervous system"
"bioplanet_776","Prostaglandin biosynthesis and regulation","Small molecule metabolism"
"bioplanet_777","Cholesterol biosynthesis","Cardiovascular disease"
"bioplanet_777","Cholesterol biosynthesis","Endocrine and metabolic disease"
"bioplanet_777","Cholesterol biosynthesis","Endocrine system"
"bioplanet_777","Cholesterol biosynthesis","Lipid metabolism"
"bioplanet_777","Cholesterol biosynthesis","Metabolism:Biosynthesis"
"bioplanet_777","Cholesterol biosynthesis","Small molecule metabolism"
"bioplanet_778","Leading strand biosynthesis","DNA repair"
"bioplanet_778","Leading strand biosynthesis","Metabolism:Biosynthesis"
"bioplanet_778","Leading strand biosynthesis","Nucleic acid metabolism"
"bioplanet_779","Plasmalogen biosynthesis","Cardiovascular disease"
"bioplanet_779","Plasmalogen biosynthesis","Circulatory system"
"bioplanet_779","Plasmalogen biosynthesis","Genetic disease"
"bioplanet_779","Plasmalogen biosynthesis","Immune system"
"bioplanet_779","Plasmalogen biosynthesis","Lipid metabolism"
"bioplanet_779","Plasmalogen biosynthesis","Metabolism:Biosynthesis"
"bioplanet_779","Plasmalogen biosynthesis","Nervous system"
"bioplanet_779","Plasmalogen biosynthesis","Neurological disease"
"bioplanet_779","Plasmalogen biosynthesis","Small molecule metabolism"
"bioplanet_78","Beta-arrestins in GPCR desensitization","CellSignaling"
"bioplanet_78","Beta-arrestins in GPCR desensitization","G-protein coupled receptor"
"bioplanet_78","Beta-arrestins in GPCR desensitization","Nervous system"
"bioplanet_780","Biogenic amine biosynthesis","Cancer"
"bioplanet_780","Biogenic amine biosynthesis","Chronology"
"bioplanet_780","Biogenic amine biosynthesis","Metabolism:Biosynthesis"
"bioplanet_780","Biogenic amine biosynthesis","Nervous system"
"bioplanet_780","Biogenic amine biosynthesis","Neurological disease"
"bioplanet_780","Biogenic amine biosynthesis","Small molecule metabolism"
"bioplanet_781","Triglyceride biosynthesis","Digestive system"
"bioplanet_781","Triglyceride biosynthesis","Lipid metabolism"
"bioplanet_781","Triglyceride biosynthesis","Metabolism:Biosynthesis"
"bioplanet_781","Triglyceride biosynthesis","Small molecule metabolism"
"bioplanet_781","Triglyceride biosynthesis","Transport"
"bioplanet_782","Pregnenolone biosynthesis","Lipid metabolism"
"bioplanet_782","Pregnenolone biosynthesis","Metabolism:Biosynthesis"
"bioplanet_782","Pregnenolone biosynthesis","Reproduction"
"bioplanet_782","Pregnenolone biosynthesis","Small molecule metabolism"
"bioplanet_783","Catecholamine biosynthesis","Cancer"
"bioplanet_783","Catecholamine biosynthesis","Cardiovascular disease"
"bioplanet_783","Catecholamine biosynthesis","Metabolism:Biosynthesis"
"bioplanet_783","Catecholamine biosynthesis","Nervous system"
"bioplanet_783","Catecholamine biosynthesis","Neurological disease"
"bioplanet_783","Catecholamine biosynthesis","Small molecule metabolism"
"bioplanet_784","Triacylglyceride biosynthesis","Digestive system"
"bioplanet_784","Triacylglyceride biosynthesis","Lipid metabolism"
"bioplanet_784","Triacylglyceride biosynthesis","Metabolism:Biosynthesis"
"bioplanet_784","Triacylglyceride biosynthesis","Small molecule metabolism"
"bioplanet_784","Triacylglyceride biosynthesis","Transport"
"bioplanet_785","Fatty acyl-CoA biosynthesis","Energy metabolism"
"bioplanet_785","Fatty acyl-CoA biosynthesis","Lipid metabolism"
"bioplanet_785","Fatty acyl-CoA biosynthesis","Metabolism:Biosynthesis"
"bioplanet_785","Fatty acyl-CoA biosynthesis","Small molecule metabolism"
"bioplanet_786","Glucocorticoid biosynthesis","Chronology"
"bioplanet_786","Glucocorticoid biosynthesis","Energy metabolism"
"bioplanet_786","Glucocorticoid biosynthesis","Genetic disease"
"bioplanet_786","Glucocorticoid biosynthesis","Immune system"
"bioplanet_786","Glucocorticoid biosynthesis","Metabolism:Biosynthesis"
"bioplanet_786","Glucocorticoid biosynthesis","Small molecule metabolism"
"bioplanet_787","Peptide hormone biosynthesis","Digestive system"
"bioplanet_787","Peptide hormone biosynthesis","Endocrine system"
"bioplanet_787","Peptide hormone biosynthesis","Metabolism:Biosynthesis"
"bioplanet_787","Peptide hormone biosynthesis","Nervous system"
"bioplanet_787","Peptide hormone biosynthesis","Protein folding, sorting and degradation"
"bioplanet_787","Peptide hormone biosynthesis","Reproduction"
"bioplanet_788","Viral messenger RNA biosynthesis","Environmental adaptation"
"bioplanet_788","Viral messenger RNA biosynthesis","Infectious disease"
"bioplanet_788","Viral messenger RNA biosynthesis","Metabolism:Biosynthesis"
"bioplanet_788","Viral messenger RNA biosynthesis","Nucleic acid metabolism"
"bioplanet_788","Viral messenger RNA biosynthesis","RNA processing"
"bioplanet_788","Viral messenger RNA biosynthesis","Transcription"
"bioplanet_788","Viral messenger RNA biosynthesis","Transcriptional regulation"
"bioplanet_789","Dermatan sulfate biosynthesis","Carbohydrate metabolism"
"bioplanet_789","Dermatan sulfate biosynthesis","Cardiovascular disease"
"bioplanet_789","Dermatan sulfate biosynthesis","Circulatory system"
"bioplanet_789","Dermatan sulfate biosynthesis","Infectious disease"
"bioplanet_789","Dermatan sulfate biosynthesis","Metabolism:Biosynthesis"
"bioplanet_79","Beta-arrestin-dependent recruitment of Src kinases in GPCR signaling","Cardiovascular disease"
"bioplanet_79","Beta-arrestin-dependent recruitment of Src kinases in GPCR signaling","CellSignaling"
"bioplanet_79","Beta-arrestin-dependent recruitment of Src kinases in GPCR signaling","G-protein coupled receptor"
"bioplanet_790","Mineralocorticoid biosynthesis","Cardiovascular disease"
"bioplanet_790","Mineralocorticoid biosynthesis","Chronology"
"bioplanet_790","Mineralocorticoid biosynthesis","Circulatory system"
"bioplanet_790","Mineralocorticoid biosynthesis","Endocrine system"
"bioplanet_790","Mineralocorticoid biosynthesis","Excretory system"
"bioplanet_790","Mineralocorticoid biosynthesis","Metabolism:Biosynthesis"
"bioplanet_790","Mineralocorticoid biosynthesis","Small molecule metabolism"
"bioplanet_791","Chondroitin sulfate biosynthesis","Carbohydrate metabolism"
"bioplanet_791","Chondroitin sulfate biosynthesis","Metabolism:Biosynthesis"
"bioplanet_791","Chondroitin sulfate biosynthesis","Musculoskeletal system"
"bioplanet_791","Chondroitin sulfate biosynthesis","Small molecule metabolism"
"bioplanet_792","Gap-filling DNA repair biosynthesis and ligation in global genomic nucleotide excision repair","Cancer"
"bioplanet_792","Gap-filling DNA repair biosynthesis and ligation in global genomic nucleotide excision repair","Cell division"
"bioplanet_792","Gap-filling DNA repair biosynthesis and ligation in global genomic nucleotide excision repair","DNA repair"
"bioplanet_792","Gap-filling DNA repair biosynthesis and ligation in global genomic nucleotide excision repair","DNA replication"
"bioplanet_792","Gap-filling DNA repair biosynthesis and ligation in global genomic nucleotide excision repair","Metabolism:Biosynthesis"
"bioplanet_792","Gap-filling DNA repair biosynthesis and ligation in global genomic nucleotide excision repair","Nucleic acid metabolism"
"bioplanet_793","Glycerophospholipid biosynthesis","Energy metabolism"
"bioplanet_793","Glycerophospholipid biosynthesis","Genetic disease"
"bioplanet_793","Glycerophospholipid biosynthesis","Lipid metabolism"
"bioplanet_793","Glycerophospholipid biosynthesis","Metabolism:Biosynthesis"
"bioplanet_793","Glycerophospholipid biosynthesis","Small molecule metabolism"
"bioplanet_794","Molybdenum cofactor biosynthesis","Cardiovascular disease"
"bioplanet_794","Molybdenum cofactor biosynthesis","Metabolism:Biosynthesis"
"bioplanet_794","Molybdenum cofactor biosynthesis","Small molecule metabolism"
"bioplanet_794","Molybdenum cofactor biosynthesis","Vitamin and cofactor metabolism"
"bioplanet_795","Sphingolipid de novo biosynthesis","Lipid metabolism"
"bioplanet_795","Sphingolipid de novo biosynthesis","Metabolism:Biosynthesis"
"bioplanet_795","Sphingolipid de novo biosynthesis","Nervous system"
"bioplanet_795","Sphingolipid de novo biosynthesis","Small molecule metabolism"
"bioplanet_796","Tetrahydrobiopterin (BH4) biosynthesis, recycling, salvage and regulation","Metabolism:Biosynthesis"
"bioplanet_796","Tetrahydrobiopterin (BH4) biosynthesis, recycling, salvage and regulation","Nervous system"
"bioplanet_796","Tetrahydrobiopterin (BH4) biosynthesis, recycling, salvage and regulation","Small molecule metabolism"
"bioplanet_797","Serotonin and melatonin biosynthesis","Chronology"
"bioplanet_797","Serotonin and melatonin biosynthesis","G-protein coupled receptor"
"bioplanet_797","Serotonin and melatonin biosynthesis","Metabolism:Biosynthesis"
"bioplanet_797","Serotonin and melatonin biosynthesis","Nervous system"
"bioplanet_797","Serotonin and melatonin biosynthesis","Small molecule metabolism"
"bioplanet_798","Termination of O-glycan biosynthesis","Carbohydrate metabolism"
"bioplanet_798","Termination of O-glycan biosynthesis","Endocrine and metabolic disease"
"bioplanet_798","Termination of O-glycan biosynthesis","Metabolism:Biosynthesis"
"bioplanet_798","Termination of O-glycan biosynthesis","Protein modification"
"bioplanet_798","Termination of O-glycan biosynthesis","Small molecule metabolism"
"bioplanet_8","PI3K subunit p85 role in regulation of actin organization and cell migration","Adhesion"
"bioplanet_8","PI3K subunit p85 role in regulation of actin organization and cell migration","Cell motility"
"bioplanet_8","PI3K subunit p85 role in regulation of actin organization and cell migration","CellSignaling"
"bioplanet_8","PI3K subunit p85 role in regulation of actin organization and cell migration","G-protein coupled receptor"
"bioplanet_8","PI3K subunit p85 role in regulation of actin organization and cell migration","Immune system"
"bioplanet_8","PI3K subunit p85 role in regulation of actin organization and cell migration","Infectious disease"
"bioplanet_80","Calcium/calmodulin-dependent protein kinase activation","CellSignaling"
"bioplanet_80","Calcium/calmodulin-dependent protein kinase activation","Circulatory system"
"bioplanet_80","Calcium/calmodulin-dependent protein kinase activation","Nervous system"
"bioplanet_80","Calcium/calmodulin-dependent protein kinase activation","Protein modification"
"bioplanet_80","Calcium/calmodulin-dependent protein kinase activation","Stress response"
"bioplanet_80","Calcium/calmodulin-dependent protein kinase activation","Substance dependence"
"bioplanet_800","Post-translational modification: biosynthesis of GPI-anchored proteins","Metabolism:Biosynthesis"
"bioplanet_800","Post-translational modification: biosynthesis of GPI-anchored proteins","Protein modification"
"bioplanet_801","Respiratory electron transport, ATP biosynthesis by chemiosmotic coupling, and heat production by uncoupling proteins","Energy metabolism"
"bioplanet_801","Respiratory electron transport, ATP biosynthesis by chemiosmotic coupling, and heat production by uncoupling proteins","Lipid metabolism"
"bioplanet_801","Respiratory electron transport, ATP biosynthesis by chemiosmotic coupling, and heat production by uncoupling proteins","Metabolism:Biosynthesis"
"bioplanet_801","Respiratory electron transport, ATP biosynthesis by chemiosmotic coupling, and heat production by uncoupling proteins","Small molecule metabolism"
"bioplanet_801","Respiratory electron transport, ATP biosynthesis by chemiosmotic coupling, and heat production by uncoupling proteins","Transport"
"bioplanet_802","Purine ribonucleoside monophosphate biosynthesis","Metabolism:Biosynthesis"
"bioplanet_802","Purine ribonucleoside monophosphate biosynthesis","Nucleic acid metabolism"
"bioplanet_802","Purine ribonucleoside monophosphate biosynthesis","Small molecule metabolism"
"bioplanet_803","Reactions specific to the complex N-glycan biosynthesis pathway","Carbohydrate metabolism"
"bioplanet_803","Reactions specific to the complex N-glycan biosynthesis pathway","Metabolism:Biosynthesis"
"bioplanet_803","Reactions specific to the complex N-glycan biosynthesis pathway","Stress response"
"bioplanet_804","Tetrasaccharide linker sequence formation in glycosaminoglycan biosynthesis","Cancer"
"bioplanet_804","Tetrasaccharide linker sequence formation in glycosaminoglycan biosynthesis","Carbohydrate metabolism"
"bioplanet_804","Tetrasaccharide linker sequence formation in glycosaminoglycan biosynthesis","Metabolism:Biosynthesis"
"bioplanet_804","Tetrasaccharide linker sequence formation in glycosaminoglycan biosynthesis","Musculoskeletal system"
"bioplanet_804","Tetrasaccharide linker sequence formation in glycosaminoglycan biosynthesis","Small molecule metabolism"
"bioplanet_805","Association of TriC/CCT with target proteins during biosynthesis","Metabolism:Biosynthesis"
"bioplanet_805","Association of TriC/CCT with target proteins during biosynthesis","Protein folding, sorting and degradation"
"bioplanet_807","Amino acid metabolism","Endocrine and metabolic disease"
"bioplanet_807","Amino acid metabolism","Genetic disease"
"bioplanet_807","Amino acid metabolism","Metabolism"
"bioplanet_807","Amino acid metabolism","Small molecule metabolism"
"bioplanet_808","Carbohydrate metabolism","Carbohydrate metabolism"
"bioplanet_808","Carbohydrate metabolism","Digestive system"
"bioplanet_808","Carbohydrate metabolism","Endocrine and metabolic disease"
"bioplanet_808","Carbohydrate metabolism","Energy metabolism"
"bioplanet_808","Carbohydrate metabolism","Genetic disease"
"bioplanet_808","Carbohydrate metabolism","Metabolism"
"bioplanet_808","Carbohydrate metabolism","Transport"
"bioplanet_809","Folate and pterine metabolism","Endocrine and metabolic disease"
"bioplanet_809","Folate and pterine metabolism","Metabolism"
"bioplanet_809","Folate and pterine metabolism","Nucleic acid metabolism"
"bioplanet_809","Folate and pterine metabolism","Small molecule metabolism"
"bioplanet_809","Folate and pterine metabolism","Vitamin and cofactor metabolism"
"bioplanet_81","CBL-mediated ligand-induced downregulation of EGF receptors","Cancer"
"bioplanet_81","CBL-mediated ligand-induced downregulation of EGF receptors","Cell proliferation"
"bioplanet_81","CBL-mediated ligand-induced downregulation of EGF receptors","CellSignaling"
"bioplanet_81","CBL-mediated ligand-induced downregulation of EGF receptors","Endocrine and metabolic disease"
"bioplanet_81","CBL-mediated ligand-induced downregulation of EGF receptors","Immune system"
"bioplanet_81","CBL-mediated ligand-induced downregulation of EGF receptors","Reproduction"
"bioplanet_81","CBL-mediated ligand-induced downregulation of EGF receptors","Transcriptional regulation"
"bioplanet_810","Lipid and lipoprotein metabolism","Chronology"
"bioplanet_810","Lipid and lipoprotein metabolism","Digestive system"
"bioplanet_810","Lipid and lipoprotein metabolism","Endocrine and metabolic disease"
"bioplanet_810","Lipid and lipoprotein metabolism","Lipid metabolism"
"bioplanet_810","Lipid and lipoprotein metabolism","Metabolism"
"bioplanet_810","Lipid and lipoprotein metabolism","Small molecule metabolism"
"bioplanet_811","Nitric oxide metabolism","Cardiovascular disease"
"bioplanet_811","Nitric oxide metabolism","Circulatory system"
"bioplanet_811","Nitric oxide metabolism","Metabolism"
"bioplanet_811","Nitric oxide metabolism","Small molecule metabolism"
"bioplanet_812","Non-coding RNA metabolism","Immune system"
"bioplanet_812","Non-coding RNA metabolism","Metabolism"
"bioplanet_812","Non-coding RNA metabolism","Nucleic acid metabolism"
"bioplanet_812","Non-coding RNA metabolism","RNA processing"
"bioplanet_812","Non-coding RNA metabolism","Small molecule metabolism"
"bioplanet_812","Non-coding RNA metabolism","Stress response"
"bioplanet_812","Non-coding RNA metabolism","Transport"
"bioplanet_813","Nucleotide metabolism","DNA repair"
"bioplanet_813","Nucleotide metabolism","DNA replication"
"bioplanet_813","Nucleotide metabolism","Immune system"
"bioplanet_813","Nucleotide metabolism","Metabolism"
"bioplanet_813","Nucleotide metabolism","Nucleic acid metabolism"
"bioplanet_813","Nucleotide metabolism","Small molecule metabolism"
"bioplanet_814","Polyamine metabolism","Metabolism"
"bioplanet_814","Polyamine metabolism","Small molecule metabolism"
"bioplanet_814","Polyamine metabolism","Xenobiotic metabolism"
"bioplanet_815","Porphyrin metabolism","Metabolism"
"bioplanet_815","Porphyrin metabolism","Small molecule metabolism"
"bioplanet_815","Porphyrin metabolism","Transcription"
"bioplanet_815","Porphyrin metabolism","Vitamin and cofactor metabolism"
"bioplanet_816","Protein metabolism","Metabolism"
"bioplanet_816","Protein metabolism","Protein folding, sorting and degradation"
"bioplanet_816","Protein metabolism","Protein modification"
"bioplanet_816","Protein metabolism","Translation"
"bioplanet_817","Steroid hormone, vitamin A, and vitamin D metabolism","Cardiovascular disease"
"bioplanet_817","Steroid hormone, vitamin A, and vitamin D metabolism","Endocrine and metabolic disease"
"bioplanet_817","Steroid hormone, vitamin A, and vitamin D metabolism","Endocrine system"
"bioplanet_817","Steroid hormone, vitamin A, and vitamin D metabolism","Genetic disease"
"bioplanet_817","Steroid hormone, vitamin A, and vitamin D metabolism","Lipid metabolism"
"bioplanet_817","Steroid hormone, vitamin A, and vitamin D metabolism","Metabolism"
"bioplanet_817","Steroid hormone, vitamin A, and vitamin D metabolism","Reproduction"
"bioplanet_817","Steroid hormone, vitamin A, and vitamin D metabolism","Small molecule metabolism"
"bioplanet_817","Steroid hormone, vitamin A, and vitamin D metabolism","Vitamin and cofactor metabolism"
"bioplanet_817","Steroid hormone, vitamin A, and vitamin D metabolism","Xenobiotic metabolism"
"bioplanet_818","Metabolism of vitamins and cofactors","Metabolism"
"bioplanet_818","Metabolism of vitamins and cofactors","Small molecule metabolism"
"bioplanet_818","Metabolism of vitamins and cofactors","Vitamin and cofactor metabolism"
"bioplanet_819","","Metabolism"
"bioplanet_82","Cystic fibrosis transmembrane conductance regulator (CFTR) and beta 2 adrenergic receptor (b2AR) pathway","Cell death"
"bioplanet_82","Cystic fibrosis transmembrane conductance regulator (CFTR) and beta 2 adrenergic receptor (b2AR) pathway","CellSignaling"
"bioplanet_82","Cystic fibrosis transmembrane conductance regulator (CFTR) and beta 2 adrenergic receptor (b2AR) pathway","Circulatory system"
"bioplanet_82","Cystic fibrosis transmembrane conductance regulator (CFTR) and beta 2 adrenergic receptor (b2AR) pathway","Endocrine system"
"bioplanet_82","Cystic fibrosis transmembrane conductance regulator (CFTR) and beta 2 adrenergic receptor (b2AR) pathway","Transport"
"bioplanet_820","Phosphatidylinositol metabolism","Lipid metabolism"
"bioplanet_820","Phosphatidylinositol metabolism","Metabolism"
"bioplanet_820","Phosphatidylinositol metabolism","Small molecule metabolism"
"bioplanet_820","Phosphatidylinositol metabolism","Stress response"
"bioplanet_821","Iron metabolism in placenta","Endocrine and metabolic disease"
"bioplanet_821","Iron metabolism in placenta","Metabolism"
"bioplanet_821","Iron metabolism in placenta","Small molecule metabolism"
"bioplanet_821","Iron metabolism in placenta","Transport"
"bioplanet_822","Energy metabolism","Chronology"
"bioplanet_822","Energy metabolism","Circulatory system"
"bioplanet_822","Energy metabolism","Endocrine and metabolic disease"
"bioplanet_822","Energy metabolism","Energy metabolism"
"bioplanet_822","Energy metabolism","Lipid metabolism"
"bioplanet_822","Energy metabolism","Metabolism"
"bioplanet_822","Energy metabolism","Nervous system"
"bioplanet_822","Energy metabolism","Neurological disease"
"bioplanet_822","Energy metabolism","Small molecule metabolism"
"bioplanet_822","Energy metabolism","Stress response"
"bioplanet_823","Folate metabolism","Endocrine and metabolic disease"
"bioplanet_823","Folate metabolism","Genetic disease"
"bioplanet_823","Folate metabolism","Metabolism"
"bioplanet_823","Folate metabolism","Small molecule metabolism"
"bioplanet_823","Folate metabolism","Vitamin and cofactor metabolism"
"bioplanet_824","Glucose metabolism","Carbohydrate metabolism"
"bioplanet_824","Glucose metabolism","Endocrine and metabolic disease"
"bioplanet_824","Glucose metabolism","Genetic disease"
"bioplanet_824","Glucose metabolism","Metabolism"
"bioplanet_824","Glucose metabolism","Small molecule metabolism"
"bioplanet_824","Glucose metabolism","Transport"
"bioplanet_825","Glycine metabolism","Genetic disease"
"bioplanet_825","Glycine metabolism","Metabolism"
"bioplanet_826","Creatine metabolism","Cardiovascular disease"
"bioplanet_826","Creatine metabolism","Energy metabolism"
"bioplanet_826","Creatine metabolism","Metabolism"
"bioplanet_826","Creatine metabolism","Musculoskeletal system"
"bioplanet_826","Creatine metabolism","Small molecule metabolism"
"bioplanet_826","Creatine metabolism","Transport"
"bioplanet_827","Abacavir metabolism","Infectious disease"
"bioplanet_827","Abacavir metabolism","Metabolism"
"bioplanet_827","Abacavir metabolism","Nucleic acid metabolism"
"bioplanet_827","Abacavir metabolism","Xenobiotic metabolism"
"bioplanet_828","Abnormal metabolism in phenylketonuria","Genetic disease"
"bioplanet_828","Abnormal metabolism in phenylketonuria","Metabolism"
"bioplanet_828","Abnormal metabolism in phenylketonuria","Nervous system"
"bioplanet_828","Abnormal metabolism in phenylketonuria","Neurological disease"
"bioplanet_829","Pyruvate metabolism and citric acid (TCA) cycle","Endocrine and metabolic disease"
"bioplanet_829","Pyruvate metabolism and citric acid (TCA) cycle","Energy metabolism"
"bioplanet_829","Pyruvate metabolism and citric acid (TCA) cycle","Genetic disease"
"bioplanet_829","Pyruvate metabolism and citric acid (TCA) cycle","Metabolism"
"bioplanet_829","Pyruvate metabolism and citric acid (TCA) cycle","Small molecule metabolism"
"bioplanet_83","MAP kinase pathway regulation through dual specificity phosphatases","Cardiovascular disease"
"bioplanet_83","MAP kinase pathway regulation through dual specificity phosphatases","CellSignaling"
"bioplanet_83","MAP kinase pathway regulation through dual specificity phosphatases","Protein modification"
"bioplanet_830","Nicotine metabolism","Metabolism"
"bioplanet_830","Nicotine metabolism","Neurological disease"
"bioplanet_830","Nicotine metabolism","Small molecule metabolism"
"bioplanet_830","Nicotine metabolism","Xenobiotic metabolism"
"bioplanet_831","Selenium metabolism and selenoproteins","Genetic disease"
"bioplanet_831","Selenium metabolism and selenoproteins","Metabolism"
"bioplanet_831","Selenium metabolism and selenoproteins","Small molecule metabolism"
"bioplanet_831","Selenium metabolism and selenoproteins","Vitamin and cofactor metabolism"
"bioplanet_832","Glycogen metabolism","Carbohydrate metabolism"
"bioplanet_832","Glycogen metabolism","Endocrine and metabolic disease"
"bioplanet_832","Glycogen metabolism","Endocrine system"
"bioplanet_832","Glycogen metabolism","Genetic disease"
"bioplanet_832","Glycogen metabolism","Metabolism"
"bioplanet_832","Glycogen metabolism","Small molecule metabolism"
"bioplanet_833","Estrogen metabolism","Cancer"
"bioplanet_833","Estrogen metabolism","Endocrine system"
"bioplanet_833","Estrogen metabolism","Lipid metabolism"
"bioplanet_833","Estrogen metabolism","Metabolism"
"bioplanet_833","Estrogen metabolism","Reproduction"
"bioplanet_833","Estrogen metabolism","Small molecule metabolism"
"bioplanet_833","Estrogen metabolism","Vitamin and cofactor metabolism"
"bioplanet_834","Tamoxifen metabolism","Cancer"
"bioplanet_834","Tamoxifen metabolism","Metabolism"
"bioplanet_834","Tamoxifen metabolism","Small molecule metabolism"
"bioplanet_834","Tamoxifen metabolism","Stress response"
"bioplanet_834","Tamoxifen metabolism","Vitamin and cofactor metabolism"
"bioplanet_834","Tamoxifen metabolism","Xenobiotic metabolism"
"bioplanet_835","Arylamine metabolism","Metabolism"
"bioplanet_835","Arylamine metabolism","Small molecule metabolism"
"bioplanet_835","Arylamine metabolism","Xenobiotic metabolism"
"bioplanet_836","Prostanoid metabolism","Infectious disease"
"bioplanet_836","Prostanoid metabolism","Lipid metabolism"
"bioplanet_836","Prostanoid metabolism","Metabolism"
"bioplanet_836","Prostanoid metabolism","Small molecule metabolism"
"bioplanet_837","Glyoxylate metabolism","Energy metabolism"
"bioplanet_837","Glyoxylate metabolism","Metabolism"
"bioplanet_837","Glyoxylate metabolism","Small molecule metabolism"
"bioplanet_838","Hyaluronan metabolism","Cancer"
"bioplanet_838","Hyaluronan metabolism","Carbohydrate metabolism"
"bioplanet_838","Hyaluronan metabolism","Cell motility"
"bioplanet_838","Hyaluronan metabolism","Genetic disease"
"bioplanet_838","Hyaluronan metabolism","Immune system"
"bioplanet_838","Hyaluronan metabolism","Metabolism"
"bioplanet_838","Hyaluronan metabolism","Musculoskeletal system"
"bioplanet_839","Nicotinate metabolism","Metabolism"
"bioplanet_839","Nicotinate metabolism","Small molecule metabolism"
"bioplanet_839","Nicotinate metabolism","Vitamin and cofactor metabolism"
"bioplanet_84","Support of platelet aggregation by Eph kinases and ephrins","CellSignaling"
"bioplanet_84","Support of platelet aggregation by Eph kinases and ephrins","Circulatory system"
"bioplanet_84","Support of platelet aggregation by Eph kinases and ephrins","Musculoskeletal system"
"bioplanet_840","One-carbon metabolism","Genetic disease"
"bioplanet_840","One-carbon metabolism","Metabolism"
"bioplanet_840","One-carbon metabolism","Neurological disease"
"bioplanet_840","One-carbon metabolism","Nucleic acid metabolism"
"bioplanet_840","One-carbon metabolism","Small molecule metabolism"
"bioplanet_840","One-carbon metabolism","Xenobiotic metabolism"
"bioplanet_842","Ketone body metabolism","Lipid metabolism"
"bioplanet_842","Ketone body metabolism","Metabolism"
"bioplanet_842","Ketone body metabolism","Small molecule metabolism"
"bioplanet_842","Ketone body metabolism","Stress response"
"bioplanet_843","Lipoprotein metabolism","Digestive system"
"bioplanet_843","Lipoprotein metabolism","Endocrine and metabolic disease"
"bioplanet_843","Lipoprotein metabolism","Lipid metabolism"
"bioplanet_843","Lipoprotein metabolism","Metabolism"
"bioplanet_843","Lipoprotein metabolism","Stress response"
"bioplanet_843","Lipoprotein metabolism","Transport"
"bioplanet_844","Vitamin B12 metabolism","Digestive system"
"bioplanet_844","Vitamin B12 metabolism","Endocrine and metabolic disease"
"bioplanet_844","Vitamin B12 metabolism","Energy metabolism"
"bioplanet_844","Vitamin B12 metabolism","Metabolism"
"bioplanet_844","Vitamin B12 metabolism","Small molecule metabolism"
"bioplanet_844","Vitamin B12 metabolism","Transport"
"bioplanet_844","Vitamin B12 metabolism","Vitamin and cofactor metabolism"
"bioplanet_845","Phospholipid metabolism","Cell division"
"bioplanet_845","Phospholipid metabolism","Lipid metabolism"
"bioplanet_845","Phospholipid metabolism","Metabolism"
"bioplanet_845","Phospholipid metabolism","Small molecule metabolism"
"bioplanet_846","Aflatoxin B1 metabolism","Cancer"
"bioplanet_846","Aflatoxin B1 metabolism","Metabolism"
"bioplanet_846","Aflatoxin B1 metabolism","Small molecule metabolism"
"bioplanet_846","Aflatoxin B1 metabolism","Xenobiotic metabolism"
"bioplanet_847","Urea cycle and metabolism of amino groups","Excretory system"
"bioplanet_847","Urea cycle and metabolism of amino groups","Metabolism"
"bioplanet_847","Urea cycle and metabolism of amino groups","Small molecule metabolism"
"bioplanet_848","Benzo(a)pyrene metabolism","Cancer"
"bioplanet_848","Benzo(a)pyrene metabolism","Digestive system"
"bioplanet_848","Benzo(a)pyrene metabolism","Metabolism"
"bioplanet_848","Benzo(a)pyrene metabolism","Small molecule metabolism"
"bioplanet_848","Benzo(a)pyrene metabolism","Xenobiotic metabolism"
"bioplanet_849","Sulfur amino acid metabolism","Endocrine and metabolic disease"
"bioplanet_849","Sulfur amino acid metabolism","Genetic disease"
"bioplanet_849","Sulfur amino acid metabolism","Metabolism"
"bioplanet_849","Sulfur amino acid metabolism","Small molecule metabolism"
"bioplanet_849","Sulfur amino acid metabolism","Transcription"
"bioplanet_85","Neuroregulin receptor degredation protein-1 controls ErbB3 receptor recycling","Cell differentiation"
"bioplanet_85","Neuroregulin receptor degredation protein-1 controls ErbB3 receptor recycling","Cell proliferation"
"bioplanet_85","Neuroregulin receptor degredation protein-1 controls ErbB3 receptor recycling","CellSignaling"
"bioplanet_85","Neuroregulin receptor degredation protein-1 controls ErbB3 receptor recycling","Circulatory system"
"bioplanet_85","Neuroregulin receptor degredation protein-1 controls ErbB3 receptor recycling","Immune system"
"bioplanet_85","Neuroregulin receptor degredation protein-1 controls ErbB3 receptor recycling","Nervous system"
"bioplanet_85","Neuroregulin receptor degredation protein-1 controls ErbB3 receptor recycling","Sensory system"
"bioplanet_850","Glycosaminoglycan metabolism","Carbohydrate metabolism"
"bioplanet_850","Glycosaminoglycan metabolism","Genetic disease"
"bioplanet_850","Glycosaminoglycan metabolism","Metabolism"
"bioplanet_850","Glycosaminoglycan metabolism","Protein modification"
"bioplanet_850","Glycosaminoglycan metabolism","Small molecule metabolism"
"bioplanet_851","Glycosphingolipid metabolism","Endocrine and metabolic disease"
"bioplanet_851","Glycosphingolipid metabolism","Genetic disease"
"bioplanet_851","Glycosphingolipid metabolism","Lipid metabolism"
"bioplanet_851","Glycosphingolipid metabolism","Metabolism"
"bioplanet_851","Glycosphingolipid metabolism","Neurological disease"
"bioplanet_851","Glycosphingolipid metabolism","Small molecule metabolism"
"bioplanet_852","Peroxisomal lipid metabolism","Genetic disease"
"bioplanet_852","Peroxisomal lipid metabolism","Lipid metabolism"
"bioplanet_852","Peroxisomal lipid metabolism","Metabolism"
"bioplanet_852","Peroxisomal lipid metabolism","Small molecule metabolism"
"bioplanet_853","Lipid metabolism regulation by peroxisome proliferator-activated receptor alpha (PPAR-alpha)","Cancer"
"bioplanet_853","Lipid metabolism regulation by peroxisome proliferator-activated receptor alpha (PPAR-alpha)","Endocrine and metabolic disease"
"bioplanet_853","Lipid metabolism regulation by peroxisome proliferator-activated receptor alpha (PPAR-alpha)","Lipid metabolism"
"bioplanet_853","Lipid metabolism regulation by peroxisome proliferator-activated receptor alpha (PPAR-alpha)","Metabolism"
"bioplanet_853","Lipid metabolism regulation by peroxisome proliferator-activated receptor alpha (PPAR-alpha)","Small molecule metabolism"
"bioplanet_853","Lipid metabolism regulation by peroxisome proliferator-activated receptor alpha (PPAR-alpha)","Stress response"
"bioplanet_854","Vitamin B1 (thiamin) metabolism","Digestive system"
"bioplanet_854","Vitamin B1 (thiamin) metabolism","Energy metabolism"
"bioplanet_854","Vitamin B1 (thiamin) metabolism","Metabolism"
"bioplanet_854","Vitamin B1 (thiamin) metabolism","Small molecule metabolism"
"bioplanet_854","Vitamin B1 (thiamin) metabolism","Vitamin and cofactor metabolism"
"bioplanet_855","Ganglio sphingolipid metabolism","Lipid metabolism"
"bioplanet_855","Ganglio sphingolipid metabolism","Metabolism"
"bioplanet_855","Ganglio sphingolipid metabolism","Nervous system"
"bioplanet_855","Ganglio sphingolipid metabolism","Neurological disease"
"bioplanet_855","Ganglio sphingolipid metabolism","Protein modification"
"bioplanet_856","Codeine and morphine metabolism","Metabolism"
"bioplanet_856","Codeine and morphine metabolism","Nervous system"
"bioplanet_856","Codeine and morphine metabolism","Neurological disease"
"bioplanet_856","Codeine and morphine metabolism","Small molecule metabolism"
"bioplanet_856","Codeine and morphine metabolism","Transport"
"bioplanet_856","Codeine and morphine metabolism","Xenobiotic metabolism"
"bioplanet_857","Vitamin C (ascorbate) metabolism","Metabolism"
"bioplanet_857","Vitamin C (ascorbate) metabolism","Musculoskeletal system"
"bioplanet_857","Vitamin C (ascorbate) metabolism","Physical disorder"
"bioplanet_857","Vitamin C (ascorbate) metabolism","Small molecule metabolism"
"bioplanet_857","Vitamin C (ascorbate) metabolism","Vitamin and cofactor metabolism"
"bioplanet_858","Integration of energy metabolism","Cancer"
"bioplanet_858","Integration of energy metabolism","Circulatory system"
"bioplanet_858","Integration of energy metabolism","Endocrine and metabolic disease"
"bioplanet_858","Integration of energy metabolism","Energy metabolism"
"bioplanet_858","Integration of energy metabolism","Metabolism"
"bioplanet_858","Integration of energy metabolism","Nervous system"
"bioplanet_858","Integration of energy metabolism","Small molecule metabolism"
"bioplanet_859","Alanine and aspartate metabolism","Genetic disease"
"bioplanet_859","Alanine and aspartate metabolism","Metabolism"
"bioplanet_859","Alanine and aspartate metabolism","Neurological disease"
"bioplanet_859","Alanine and aspartate metabolism","Small molecule metabolism"
"bioplanet_86","","CellSignaling"
"bioplanet_860","Vitamin D (calciferol) metabolism","Digestive system"
"bioplanet_860","Vitamin D (calciferol) metabolism","Metabolism"
"bioplanet_860","Vitamin D (calciferol) metabolism","Musculoskeletal system"
"bioplanet_860","Vitamin D (calciferol) metabolism","Small molecule metabolism"
"bioplanet_860","Vitamin D (calciferol) metabolism","Vitamin and cofactor metabolism"
"bioplanet_861","Abacavir transport and metabolism","Infectious disease"
"bioplanet_861","Abacavir transport and metabolism","Metabolism"
"bioplanet_861","Abacavir transport and metabolism","Small molecule metabolism"
"bioplanet_861","Abacavir transport and metabolism","Transport"
"bioplanet_861","Abacavir transport and metabolism","Xenobiotic metabolism"
"bioplanet_862","Vitamin B2 (riboflavin) metabolism","Digestive system"
"bioplanet_862","Vitamin B2 (riboflavin) metabolism","Energy metabolism"
"bioplanet_862","Vitamin B2 (riboflavin) metabolism","Metabolism"
"bioplanet_862","Vitamin B2 (riboflavin) metabolism","Small molecule metabolism"
"bioplanet_862","Vitamin B2 (riboflavin) metabolism","Vitamin and cofactor metabolism"
"bioplanet_863","Bile acid and bile salt metabolism","Digestive system"
"bioplanet_863","Bile acid and bile salt metabolism","Endocrine and metabolic disease"
"bioplanet_863","Bile acid and bile salt metabolism","Lipid metabolism"
"bioplanet_863","Bile acid and bile salt metabolism","Metabolism"
"bioplanet_863","Bile acid and bile salt metabolism","Small molecule metabolism"
"bioplanet_863","Bile acid and bile salt metabolism","Transport"
"bioplanet_863","Bile acid and bile salt metabolism","Xenobiotic metabolism"
"bioplanet_864","Keratan sulfate/keratin metabolism","Excretory system"
"bioplanet_864","Keratan sulfate/keratin metabolism","Genetic disease"
"bioplanet_864","Keratan sulfate/keratin metabolism","Infectious disease"
"bioplanet_864","Keratan sulfate/keratin metabolism","Metabolism"
"bioplanet_864","Keratan sulfate/keratin metabolism","Protein modification"
"bioplanet_865","Vitamin A and carotenoid metabolism","Digestive system"
"bioplanet_865","Vitamin A and carotenoid metabolism","Endocrine system"
"bioplanet_865","Vitamin A and carotenoid metabolism","Metabolism"
"bioplanet_865","Vitamin A and carotenoid metabolism","Transport"
"bioplanet_865","Vitamin A and carotenoid metabolism","Vitamin and cofactor metabolism"
"bioplanet_865","Vitamin A and carotenoid metabolism","Xenobiotic metabolism"
"bioplanet_866","Vitamin B5 (pantothenate) metabolism","Digestive system"
"bioplanet_866","Vitamin B5 (pantothenate) metabolism","Energy metabolism"
"bioplanet_866","Vitamin B5 (pantothenate) metabolism","Metabolism"
"bioplanet_866","Vitamin B5 (pantothenate) metabolism","Small molecule metabolism"
"bioplanet_866","Vitamin B5 (pantothenate) metabolism","Vitamin and cofactor metabolism"
"bioplanet_867","Heparan sulfate/heparin glycosaminoglycan (HS-GAG) metabolism","Carbohydrate metabolism"
"bioplanet_867","Heparan sulfate/heparin glycosaminoglycan (HS-GAG) metabolism","Circulatory system"
"bioplanet_867","Heparan sulfate/heparin glycosaminoglycan (HS-GAG) metabolism","Genetic disease"
"bioplanet_867","Heparan sulfate/heparin glycosaminoglycan (HS-GAG) metabolism","Metabolism"
"bioplanet_868","Glucocorticoid and mineralcorticoid metabolism","Endocrine and metabolic disease"
"bioplanet_868","Glucocorticoid and mineralcorticoid metabolism","Endocrine system"
"bioplanet_868","Glucocorticoid and mineralcorticoid metabolism","Genetic disease"
"bioplanet_868","Glucocorticoid and mineralcorticoid metabolism","Metabolism"
"bioplanet_868","Glucocorticoid and mineralcorticoid metabolism","Small molecule metabolism"
"bioplanet_869","Chondroitin sulfate/dermatan sulfate metabolism","Carbohydrate metabolism"
"bioplanet_869","Chondroitin sulfate/dermatan sulfate metabolism","Endocrine and metabolic disease"
"bioplanet_869","Chondroitin sulfate/dermatan sulfate metabolism","Genetic disease"
"bioplanet_869","Chondroitin sulfate/dermatan sulfate metabolism","Infectious disease"
"bioplanet_869","Chondroitin sulfate/dermatan sulfate metabolism","Metabolism"
"bioplanet_869","Chondroitin sulfate/dermatan sulfate metabolism","Musculoskeletal system"
"bioplanet_869","Chondroitin sulfate/dermatan sulfate metabolism","Small molecule metabolism"
"bioplanet_87","Corticosteroids and cardioprotection","Cancer"
"bioplanet_87","Corticosteroids and cardioprotection","Cardiovascular disease"
"bioplanet_87","Corticosteroids and cardioprotection","CellSignaling"
"bioplanet_87","Corticosteroids and cardioprotection","Circulatory system"
"bioplanet_87","Corticosteroids and cardioprotection","Endocrine system"
"bioplanet_87","Corticosteroids and cardioprotection","Small molecule metabolism"
"bioplanet_870","Astrocytic glutamate-glutamine uptake and metabolism","Metabolism"
"bioplanet_870","Astrocytic glutamate-glutamine uptake and metabolism","Nervous system"
"bioplanet_870","Astrocytic glutamate-glutamine uptake and metabolism","Neurological disease"
"bioplanet_870","Astrocytic glutamate-glutamine uptake and metabolism","Small molecule metabolism"
"bioplanet_870","Astrocytic glutamate-glutamine uptake and metabolism","Transport"
"bioplanet_871","Fatty acid, triacylglycerol, and ketone body metabolism","Circulatory system"
"bioplanet_871","Fatty acid, triacylglycerol, and ketone body metabolism","Digestive system"
"bioplanet_871","Fatty acid, triacylglycerol, and ketone body metabolism","Genetic disease"
"bioplanet_871","Fatty acid, triacylglycerol, and ketone body metabolism","Lipid metabolism"
"bioplanet_871","Fatty acid, triacylglycerol, and ketone body metabolism","Metabolism"
"bioplanet_871","Fatty acid, triacylglycerol, and ketone body metabolism","Small molecule metabolism"
"bioplanet_872","Alpha-linolenic (omega3) and linoleic (omega6) acid metabolism","Endocrine and metabolic disease"
"bioplanet_872","Alpha-linolenic (omega3) and linoleic (omega6) acid metabolism","Genetic disease"
"bioplanet_872","Alpha-linolenic (omega3) and linoleic (omega6) acid metabolism","Lipid metabolism"
"bioplanet_872","Alpha-linolenic (omega3) and linoleic (omega6) acid metabolism","Metabolism"
"bioplanet_872","Alpha-linolenic (omega3) and linoleic (omega6) acid metabolism","Small molecule metabolism"
"bioplanet_873","Degradation of beta-catenin by the destruction complex","Cell death"
"bioplanet_873","Degradation of beta-catenin by the destruction complex","Cell division"
"bioplanet_873","Degradation of beta-catenin by the destruction complex","DNA replication"
"bioplanet_873","Degradation of beta-catenin by the destruction complex","Immune system"
"bioplanet_873","Degradation of beta-catenin by the destruction complex","Infectious disease"
"bioplanet_873","Degradation of beta-catenin by the destruction complex","Protein modification"
"bioplanet_873","Degradation of beta-catenin by the destruction complex","RNA processing"
"bioplanet_873","Degradation of beta-catenin by the destruction complex","Signal transduction"
"bioplanet_874","Degradation of cysteine and homocysteine","Circulatory system"
"bioplanet_874","Degradation of cysteine and homocysteine","Energy metabolism"
"bioplanet_874","Degradation of cysteine and homocysteine","Metabolism"
"bioplanet_874","Degradation of cysteine and homocysteine","Small molecule metabolism"
"bioplanet_875","Autodegradation of Cdh1 by Cdh1-APC/C","Cell death"
"bioplanet_875","Autodegradation of Cdh1 by Cdh1-APC/C","Cell division"
"bioplanet_875","Autodegradation of Cdh1 by Cdh1-APC/C","Cellular Processes:Cellular community"
"bioplanet_875","Autodegradation of Cdh1 by Cdh1-APC/C","DNA replication"
"bioplanet_875","Autodegradation of Cdh1 by Cdh1-APC/C","Immune system"
"bioplanet_875","Autodegradation of Cdh1 by Cdh1-APC/C","Infectious disease"
"bioplanet_875","Autodegradation of Cdh1 by Cdh1-APC/C","Transcription"
"bioplanet_876","Heme degradation","Genetic disease"
"bioplanet_876","Heme degradation","Metabolism"
"bioplanet_876","Heme degradation","Small molecule metabolism"
"bioplanet_876","Heme degradation","Vitamin and cofactor metabolism"
"bioplanet_877","Chondroitin sulfate/dermatan sulfate degradation","Carbohydrate metabolism"
"bioplanet_877","Chondroitin sulfate/dermatan sulfate degradation","Endocrine and metabolic disease"
"bioplanet_877","Chondroitin sulfate/dermatan sulfate degradation","Genetic disease"
"bioplanet_877","Chondroitin sulfate/dermatan sulfate degradation","Infectious disease"
"bioplanet_877","Chondroitin sulfate/dermatan sulfate degradation","Metabolism"
"bioplanet_877","Chondroitin sulfate/dermatan sulfate degradation","Musculoskeletal system"
"bioplanet_877","Chondroitin sulfate/dermatan sulfate degradation","Small molecule metabolism"
"bioplanet_878","Heparan sulfate/heparin glycosaminoglycan (HS-GAG) degradation","Carbohydrate metabolism"
"bioplanet_878","Heparan sulfate/heparin glycosaminoglycan (HS-GAG) degradation","Circulatory system"
"bioplanet_878","Heparan sulfate/heparin glycosaminoglycan (HS-GAG) degradation","Metabolism"
"bioplanet_878","Heparan sulfate/heparin glycosaminoglycan (HS-GAG) degradation","Small molecule metabolism"
"bioplanet_879","Proteasome degradation","Immune system"
"bioplanet_879","Proteasome degradation","Infectious disease"
"bioplanet_879","Proteasome degradation","Metabolism"
"bioplanet_879","Proteasome degradation","Nucleic acid metabolism"
"bioplanet_879","Proteasome degradation","Protein folding, sorting and degradation"
"bioplanet_879","Proteasome degradation","Small molecule metabolism"
"bioplanet_879","Proteasome degradation","Stress response"
"bioplanet_879","Proteasome degradation","Transport"
"bioplanet_88","Growth hormone receptor signaling","Cardiovascular disease"
"bioplanet_88","Growth hormone receptor signaling","Cell proliferation"
"bioplanet_88","Growth hormone receptor signaling","CellSignaling"
"bioplanet_88","Growth hormone receptor signaling","Circulatory system"
"bioplanet_88","Growth hormone receptor signaling","Endocrine system"
"bioplanet_88","Growth hormone receptor signaling","Immune system"
"bioplanet_88","Growth hormone receptor signaling","Musculoskeletal system"
"bioplanet_88","Growth hormone receptor signaling","Nervous system"
"bioplanet_880","Gap junction degradation","Cellular Processes:Cellular community"
"bioplanet_880","Gap junction degradation","Circulatory system"
"bioplanet_880","Gap junction degradation","Infectious disease"
"bioplanet_880","Gap junction degradation","Neurological disease"
"bioplanet_880","Gap junction degradation","Transport"
"bioplanet_881","APC/C-mediated degradation of cell cycle proteins","Cell division"
"bioplanet_881","APC/C-mediated degradation of cell cycle proteins","Cellular Processes:Cell growth and death:Cell Cycle"
"bioplanet_881","APC/C-mediated degradation of cell cycle proteins","Immune disease"
"bioplanet_881","APC/C-mediated degradation of cell cycle proteins","Infectious disease"
"bioplanet_881","APC/C-mediated degradation of cell cycle proteins","Small molecule metabolism"
"bioplanet_882","Keratan sulfate degradation","Genetic disease"
"bioplanet_882","Keratan sulfate degradation","Infectious disease"
"bioplanet_882","Keratan sulfate degradation","Metabolism"
"bioplanet_883","Ubiquitin-mediated degradation of phosphorylated Cdc25A","Carbohydrate metabolism"
"bioplanet_883","Ubiquitin-mediated degradation of phosphorylated Cdc25A","Cell death"
"bioplanet_883","Ubiquitin-mediated degradation of phosphorylated Cdc25A","Cellular Processes:Cell growth and death"
"bioplanet_883","Ubiquitin-mediated degradation of phosphorylated Cdc25A","DNA replication"
"bioplanet_883","Ubiquitin-mediated degradation of phosphorylated Cdc25A","Immune system"
"bioplanet_883","Ubiquitin-mediated degradation of phosphorylated Cdc25A","Infectious disease"
"bioplanet_883","Ubiquitin-mediated degradation of phosphorylated Cdc25A","Stress response"
"bioplanet_884","APC/C- and Cdc20-mediated degradation of Nek2A","Cell division"
"bioplanet_884","APC/C- and Cdc20-mediated degradation of Nek2A","Cellular Processes:Cell growth and death"
"bioplanet_884","APC/C- and Cdc20-mediated degradation of Nek2A","DNA repair"
"bioplanet_884","APC/C- and Cdc20-mediated degradation of Nek2A","Immune system"
"bioplanet_884","APC/C- and Cdc20-mediated degradation of Nek2A","Infectious disease"
"bioplanet_884","APC/C- and Cdc20-mediated degradation of Nek2A","Stress response"
"bioplanet_884","APC/C- and Cdc20-mediated degradation of Nek2A","Transport"
"bioplanet_885","Cell-cell communication","Cancer"
"bioplanet_885","Cell-cell communication","Cell differentiation"
"bioplanet_885","Cell-cell communication","Cellular Processes:Cellular community"
"bioplanet_885","Cell-cell communication","Genetic disease"
"bioplanet_885","Cell-cell communication","Infectious disease"
"bioplanet_886","EGFR downregulation","Cancer"
"bioplanet_886","EGFR downregulation","DNA repair"
"bioplanet_886","EGFR downregulation","Genetic disease"
"bioplanet_886","EGFR downregulation","Immune system"
"bioplanet_886","EGFR downregulation","Infectious disease"
"bioplanet_886","EGFR downregulation","Signal transduction"
"bioplanet_886","EGFR downregulation","Stress response"
"bioplanet_886","EGFR downregulation","Transcription"
"bioplanet_887","Interleukin-1 processing","Cancer"
"bioplanet_887","Interleukin-1 processing","Cell death"
"bioplanet_887","Interleukin-1 processing","Cell differentiation"
"bioplanet_887","Interleukin-1 processing","Cell motility"
"bioplanet_887","Interleukin-1 processing","Immune system"
"bioplanet_887","Interleukin-1 processing","Organismal Systems:Immune system"
"bioplanet_888","Regulation of transcription by NOTCH1 intracellular domain","Cancer"
"bioplanet_888","Regulation of transcription by NOTCH1 intracellular domain","Chronology"
"bioplanet_888","Regulation of transcription by NOTCH1 intracellular domain","Circulatory system"
"bioplanet_888","Regulation of transcription by NOTCH1 intracellular domain","Genetic disease"
"bioplanet_888","Regulation of transcription by NOTCH1 intracellular domain","Human Diseases"
"bioplanet_888","Regulation of transcription by NOTCH1 intracellular domain","Nervous system"
"bioplanet_888","Regulation of transcription by NOTCH1 intracellular domain","Signal transduction"
"bioplanet_888","Regulation of transcription by NOTCH1 intracellular domain","Transcription"
"bioplanet_888","Regulation of transcription by NOTCH1 intracellular domain","Transcriptional regulation"
"bioplanet_889","Rho GTPase cycle","Cancer"
"bioplanet_889","Rho GTPase cycle","Cell division"
"bioplanet_889","Rho GTPase cycle","Cell motility"
"bioplanet_889","Rho GTPase cycle","Nervous system"
"bioplanet_889","Rho GTPase cycle","Signal transduction"
"bioplanet_89","Inhibition of cellular proliferation by Gleevec","Cancer"
"bioplanet_89","Inhibition of cellular proliferation by Gleevec","Cell proliferation"
"bioplanet_89","Inhibition of cellular proliferation by Gleevec","CellSignaling"
"bioplanet_89","Inhibition of cellular proliferation by Gleevec","Immune system"
"bioplanet_89","Inhibition of cellular proliferation by Gleevec","Stress response"
"bioplanet_89","Inhibition of cellular proliferation by Gleevec","Transcription"
"bioplanet_890","Axon guidance","Cancer"
"bioplanet_890","Axon guidance","Nervous system"
"bioplanet_890","Axon guidance","Neurological disease"
"bioplanet_890","Axon guidance","Organismal Systems:Development"
"bioplanet_891","Inactivation of Cdc42 and Rac","Endocrine system"
"bioplanet_891","Inactivation of Cdc42 and Rac","Nervous system"
"bioplanet_891","Inactivation of Cdc42 and Rac","Neurological disease"
"bioplanet_891","Inactivation of Cdc42 and Rac","Organismal Systems:Development"
"bioplanet_892","Activation of Rac","Nervous system"
"bioplanet_892","Activation of Rac","Organismal Systems:Development"
"bioplanet_893","Commissural axon pathfinding regulation by Slit and Robo","Cell differentiation"
"bioplanet_893","Commissural axon pathfinding regulation by Slit and Robo","Nervous system"
"bioplanet_893","Commissural axon pathfinding regulation by Slit and Robo","Neurological disease"
"bioplanet_893","Commissural axon pathfinding regulation by Slit and Robo","Organismal Systems:Development"
"bioplanet_894","Adaptive immune system","Cell motility"
"bioplanet_894","Adaptive immune system","Immune disease"
"bioplanet_894","Adaptive immune system","Immune system"
"bioplanet_894","Adaptive immune system","Infectious disease"
"bioplanet_894","Adaptive immune system","Organismal Systems:Immune system"
"bioplanet_895","Neurophilin interactions with VEGF and VEGF receptor","Cardiovascular disease"
"bioplanet_895","Neurophilin interactions with VEGF and VEGF receptor","Circulatory system"
"bioplanet_895","Neurophilin interactions with VEGF and VEGF receptor","Neurological disease"
"bioplanet_895","Neurophilin interactions with VEGF and VEGF receptor","Signal transduction"
"bioplanet_895","Neurophilin interactions with VEGF and VEGF receptor","Transcription"
"bioplanet_896","NGF processing","Cardiovascular disease"
"bioplanet_896","NGF processing","Endocrine system"
"bioplanet_896","NGF processing","Immune system"
"bioplanet_896","NGF processing","Nervous system"
"bioplanet_896","NGF processing","Reproduction"
"bioplanet_896","NGF processing","Signal transduction"
"bioplanet_897","","Signal transduction"
"bioplanet_898","Generation of second messenger molecules","Immune disease"
"bioplanet_898","Generation of second messenger molecules","Immune system"
"bioplanet_898","Generation of second messenger molecules","Signal transduction"
"bioplanet_899","Inhibition of TSC complex formation by Akt","Cancer"
"bioplanet_899","Inhibition of TSC complex formation by Akt","Circulatory system"
"bioplanet_899","Inhibition of TSC complex formation by Akt","DNA repair"
"bioplanet_899","Inhibition of TSC complex formation by Akt","Endocrine system"
"bioplanet_899","Inhibition of TSC complex formation by Akt","Signal transduction"
"bioplanet_9","Rho cell motility signaling pathway","Adhesion"
"bioplanet_9","Rho cell motility signaling pathway","Cell motility"
"bioplanet_9","Rho cell motility signaling pathway","CellSignaling"
"bioplanet_9","Rho cell motility signaling pathway","Circulatory system"
"bioplanet_9","Rho cell motility signaling pathway","CytokinesChemokines"
"bioplanet_90","ERBB2 role in signal transduction and oncology","Cancer"
"bioplanet_90","ERBB2 role in signal transduction and oncology","Cell differentiation"
"bioplanet_90","ERBB2 role in signal transduction and oncology","Cell proliferation"
"bioplanet_90","ERBB2 role in signal transduction and oncology","CellSignaling"
"bioplanet_90","ERBB2 role in signal transduction and oncology","Endocrine system"
"bioplanet_90","ERBB2 role in signal transduction and oncology","Immune system"
"bioplanet_90","ERBB2 role in signal transduction and oncology","Nervous system"
"bioplanet_90","ERBB2 role in signal transduction and oncology","Stress response"
"bioplanet_90","ERBB2 role in signal transduction and oncology","Transcription"
"bioplanet_900","NCAM1 interactions","Cancer"
"bioplanet_900","NCAM1 interactions","Circulatory system"
"bioplanet_900","NCAM1 interactions","Immune system"
"bioplanet_900","NCAM1 interactions","Organismal Systems:Development"
"bioplanet_900","NCAM1 interactions","Physical disorder"
"bioplanet_900","NCAM1 interactions","Transport"
"bioplanet_901","Costimulation by the CD28 family","Immune disease"
"bioplanet_901","Costimulation by the CD28 family","Immune system"
"bioplanet_901","Costimulation by the CD28 family","Infectious disease"
"bioplanet_901","Costimulation by the CD28 family","Organismal Systems:Immune system"
"bioplanet_901","Costimulation by the CD28 family","Physical disorder"
"bioplanet_901","Costimulation by the CD28 family","Stress response"
"bioplanet_902","PKB-mediated events","Carbohydrate metabolism"
"bioplanet_902","PKB-mediated events","Cell death"
"bioplanet_902","PKB-mediated events","Circulatory system"
"bioplanet_902","PKB-mediated events","Lipid metabolism"
"bioplanet_902","PKB-mediated events","Protein modification"
"bioplanet_902","PKB-mediated events","Signal transduction"
"bioplanet_902","PKB-mediated events","Translation"
"bioplanet_903","DARPP-32 events","Nervous system"
"bioplanet_903","DARPP-32 events","Neurological disease"
"bioplanet_903","DARPP-32 events","Protein modification"
"bioplanet_903","DARPP-32 events","Signal transduction"
"bioplanet_904","G-protein activation","Cell proliferation"
"bioplanet_904","G-protein activation","G-protein coupled receptor"
"bioplanet_904","G-protein activation","Nervous system"
"bioplanet_904","G-protein activation","Neurological disease"
"bioplanet_904","G-protein activation","Signal transduction"
"bioplanet_904","G-protein activation","Small molecule metabolism"
"bioplanet_905","Immune system","Cell differentiation"
"bioplanet_905","Immune system","Circulatory system"
"bioplanet_905","Immune system","Immune disease"
"bioplanet_905","Immune system","Immune system"
"bioplanet_905","Immune system","Infectious disease"
"bioplanet_905","Immune system","Organismal Systems:Immune system"
"bioplanet_906","Disease","Cancer"
"bioplanet_906","Disease","Cell death"
"bioplanet_906","Disease","Cell division"
"bioplanet_906","Disease","Human Diseases"
"bioplanet_906","Disease","Immune system"
"bioplanet_906","Disease","Infectious disease"
"bioplanet_906","Disease","Transcription"
"bioplanet_906","Disease","Translation"
"bioplanet_906","Disease","Transport"
"bioplanet_907","Activation of NF-kappaB in B cells","Immune system"
"bioplanet_907","Activation of NF-kappaB in B cells","Infectious disease"
"bioplanet_907","Activation of NF-kappaB in B cells","Organismal Systems:Immune system"
"bioplanet_907","Activation of NF-kappaB in B cells","Stress response"
"bioplanet_907","Activation of NF-kappaB in B cells","Transcription"
"bioplanet_907","Activation of NF-kappaB in B cells","Transcriptional regulation"
"bioplanet_908","Activation of RAS in B cells","Cancer"
"bioplanet_908","Activation of RAS in B cells","Cardiovascular disease"
"bioplanet_908","Activation of RAS in B cells","Genetic disease"
"bioplanet_908","Activation of RAS in B cells","Immune system"
"bioplanet_908","Activation of RAS in B cells","Infectious disease"
"bioplanet_908","Activation of RAS in B cells","Organismal Systems:Immune system"
"bioplanet_908","Activation of RAS in B cells","Physical disorder"
"bioplanet_909","EGFR interaction with phospholipase C-gamma","Cancer"
"bioplanet_909","EGFR interaction with phospholipase C-gamma","Human Diseases"
"bioplanet_909","EGFR interaction with phospholipase C-gamma","Immune system"
"bioplanet_909","EGFR interaction with phospholipase C-gamma","Infectious disease"
"bioplanet_909","EGFR interaction with phospholipase C-gamma","Neurological disease"
"bioplanet_909","EGFR interaction with phospholipase C-gamma","Signal transduction"
"bioplanet_909","EGFR interaction with phospholipase C-gamma","Small molecule metabolism"
"bioplanet_909","EGFR interaction with phospholipase C-gamma","Substance dependence"
"bioplanet_909","EGFR interaction with phospholipase C-gamma","Transcription"
"bioplanet_91","Skeletal muscle hypertrophy is regulated via AKT/mTOR pathway","CellSignaling"
"bioplanet_91","Skeletal muscle hypertrophy is regulated via AKT/mTOR pathway","Digestive system"
"bioplanet_91","Skeletal muscle hypertrophy is regulated via AKT/mTOR pathway","Endocrine system"
"bioplanet_91","Skeletal muscle hypertrophy is regulated via AKT/mTOR pathway","Lipid metabolism"
"bioplanet_91","Skeletal muscle hypertrophy is regulated via AKT/mTOR pathway","Musculoskeletal system"
"bioplanet_91","Skeletal muscle hypertrophy is regulated via AKT/mTOR pathway","Protein modification"
"bioplanet_91","Skeletal muscle hypertrophy is regulated via AKT/mTOR pathway","Reproduction"
"bioplanet_91","Skeletal muscle hypertrophy is regulated via AKT/mTOR pathway","Small molecule metabolism"
"bioplanet_91","Skeletal muscle hypertrophy is regulated via AKT/mTOR pathway","Stress response"
"bioplanet_910","Phospholipase C-mediated cascade","Carbohydrate metabolism"
"bioplanet_910","Phospholipase C-mediated cascade","Circulatory system"
"bioplanet_910","Phospholipase C-mediated cascade","Genetic disease"
"bioplanet_910","Phospholipase C-mediated cascade","Human Diseases"
"bioplanet_910","Phospholipase C-mediated cascade","Immune system"
"bioplanet_910","Phospholipase C-mediated cascade","Infectious disease"
"bioplanet_910","Phospholipase C-mediated cascade","Signal transduction"
"bioplanet_910","Phospholipase C-mediated cascade","Transport"
"bioplanet_911","EGFR transactivation by gastrin","Cardiovascular disease"
"bioplanet_911","EGFR transactivation by gastrin","Digestive system"
"bioplanet_911","EGFR transactivation by gastrin","Immune system"
"bioplanet_911","EGFR transactivation by gastrin","Infectious disease"
"bioplanet_911","EGFR transactivation by gastrin","Signal transduction"
"bioplanet_911","EGFR transactivation by gastrin","Transcriptional regulation"
"bioplanet_912","SHC-related events","Cancer"
"bioplanet_912","SHC-related events","Circulatory system"
"bioplanet_912","SHC-related events","Immune system"
"bioplanet_912","SHC-related events","Infectious disease"
"bioplanet_912","SHC-related events","Nervous system"
"bioplanet_912","SHC-related events","Signal transduction"
"bioplanet_913","eIF4E release","Endocrine and metabolic disease"
"bioplanet_913","eIF4E release","Energy metabolism"
"bioplanet_913","eIF4E release","Immune disease"
"bioplanet_913","eIF4E release","Immune system"
"bioplanet_913","eIF4E release","Signal transduction"
"bioplanet_913","eIF4E release","Translation"
"bioplanet_913","eIF4E release","Transport"
"bioplanet_914","AKT phosphorylation of cytosolic targets","Cancer"
"bioplanet_914","AKT phosphorylation of cytosolic targets","Carbohydrate metabolism"
"bioplanet_914","AKT phosphorylation of cytosolic targets","Endocrine system"
"bioplanet_914","AKT phosphorylation of cytosolic targets","Human Diseases"
"bioplanet_914","AKT phosphorylation of cytosolic targets","Organismal Systems:Immune system"
"bioplanet_914","AKT phosphorylation of cytosolic targets","Protein modification"
"bioplanet_914","AKT phosphorylation of cytosolic targets","Signal transduction"
"bioplanet_914","AKT phosphorylation of cytosolic targets","Stress response"
"bioplanet_915","AKT phosphorylation of nuclear targets","Cancer"
"bioplanet_915","AKT phosphorylation of nuclear targets","Carbohydrate metabolism"
"bioplanet_915","AKT phosphorylation of nuclear targets","Endocrine and metabolic disease"
"bioplanet_915","AKT phosphorylation of nuclear targets","Human Diseases"
"bioplanet_915","AKT phosphorylation of nuclear targets","Organismal Systems:Immune system"
"bioplanet_915","AKT phosphorylation of nuclear targets","Protein modification"
"bioplanet_915","AKT phosphorylation of nuclear targets","Signal transduction"
"bioplanet_916","Negative regulation of the PI3K/Akt network","Cancer"
"bioplanet_916","Negative regulation of the PI3K/Akt network","Human Diseases"
"bioplanet_916","Negative regulation of the PI3K/Akt network","Immune system"
"bioplanet_916","Negative regulation of the PI3K/Akt network","Organismal Systems:Immune system"
"bioplanet_916","Negative regulation of the PI3K/Akt network","Signal transduction"
"bioplanet_917","PI3K cascade","Cancer"
"bioplanet_917","PI3K cascade","Cell differentiation"
"bioplanet_917","PI3K cascade","Cell growth"
"bioplanet_917","PI3K cascade","Cell motility"
"bioplanet_917","PI3K cascade","Cell proliferation"
"bioplanet_917","PI3K cascade","G-protein coupled receptor"
"bioplanet_917","PI3K cascade","Human Diseases"
"bioplanet_917","PI3K cascade","Signal transduction"
"bioplanet_917","PI3K cascade","Transport"
"bioplanet_918","PI3K/AKT activation","Endocrine system"
"bioplanet_918","PI3K/AKT activation","G-protein coupled receptor"
"bioplanet_918","PI3K/AKT activation","Immune system"
"bioplanet_918","PI3K/AKT activation","Infectious disease"
"bioplanet_918","PI3K/AKT activation","Nervous system"
"bioplanet_918","PI3K/AKT activation","Signal transduction"
"bioplanet_918","PI3K/AKT activation","Stress response"
"bioplanet_919","Glycoprotein VI-mediated activation cascade","Cancer"
"bioplanet_919","Glycoprotein VI-mediated activation cascade","Circulatory system"
"bioplanet_919","Glycoprotein VI-mediated activation cascade","Digestive system"
"bioplanet_919","Glycoprotein VI-mediated activation cascade","Immune disease"
"bioplanet_919","Glycoprotein VI-mediated activation cascade","Immune system"
"bioplanet_919","Glycoprotein VI-mediated activation cascade","Infectious disease"
"bioplanet_919","Glycoprotein VI-mediated activation cascade","Organismal Systems:Immune system"
"bioplanet_919","Glycoprotein VI-mediated activation cascade","Protein modification"
"bioplanet_919","Glycoprotein VI-mediated activation cascade","Stress response"
"bioplanet_92","Ion channel and phorbal esters signaling pathway","Cardiovascular disease"
"bioplanet_92","Ion channel and phorbal esters signaling pathway","CellSignaling"
"bioplanet_92","Ion channel and phorbal esters signaling pathway","Immune system"
"bioplanet_92","Ion channel and phorbal esters signaling pathway","Nervous system"
"bioplanet_920","Sema4D-mediated inhibition of cell attachment and migration","Cell motility"
"bioplanet_920","Sema4D-mediated inhibition of cell attachment and migration","Organismal Systems:Development"
"bioplanet_920","Sema4D-mediated inhibition of cell attachment and migration","Stress response"
"bioplanet_921","CD28 co-stimulation","Cancer"
"bioplanet_921","CD28 co-stimulation","Cell differentiation"
"bioplanet_921","CD28 co-stimulation","Circulatory system"
"bioplanet_921","CD28 co-stimulation","Immune system"
"bioplanet_921","CD28 co-stimulation","Infectious disease"
"bioplanet_921","CD28 co-stimulation","Organismal Systems:Immune system"
"bioplanet_922","Platelet aggregation (plug formation)","Cardiovascular disease"
"bioplanet_922","Platelet aggregation (plug formation)","Cell differentiation"
"bioplanet_922","Platelet aggregation (plug formation)","Cell proliferation"
"bioplanet_922","Platelet aggregation (plug formation)","Circulatory system"
"bioplanet_922","Platelet aggregation (plug formation)","Hemostasis"
"bioplanet_922","Platelet aggregation (plug formation)","Immune system"
"bioplanet_923","Semaphorin interactions","Cancer"
"bioplanet_923","Semaphorin interactions","Circulatory system"
"bioplanet_923","Semaphorin interactions","Nervous system"
"bioplanet_923","Semaphorin interactions","Organismal Systems:Development"
"bioplanet_924","TRAF6-mediated induction of TAK1 complex","Chronology"
"bioplanet_924","TRAF6-mediated induction of TAK1 complex","DNA repair"
"bioplanet_924","TRAF6-mediated induction of TAK1 complex","Immune system"
"bioplanet_924","TRAF6-mediated induction of TAK1 complex","Infectious disease"
"bioplanet_924","TRAF6-mediated induction of TAK1 complex","Organismal Systems:Immune system"
"bioplanet_924","TRAF6-mediated induction of TAK1 complex","Stress response"
"bioplanet_924","TRAF6-mediated induction of TAK1 complex","Transcription"
"bioplanet_924","TRAF6-mediated induction of TAK1 complex","Transcriptional regulation"
"bioplanet_925","IKK complex recruitment mediated by RIP1","Cell death"
"bioplanet_925","IKK complex recruitment mediated by RIP1","Immune system"
"bioplanet_925","IKK complex recruitment mediated by RIP1","Infectious disease"
"bioplanet_925","IKK complex recruitment mediated by RIP1","Organismal Systems:Immune system"
"bioplanet_926","Activation of IRF3/IRF7 mediated by TBK1/IKK epsilon","Chronology"
"bioplanet_926","Activation of IRF3/IRF7 mediated by TBK1/IKK epsilon","DNA repair"
"bioplanet_926","Activation of IRF3/IRF7 mediated by TBK1/IKK epsilon","Infectious disease"
"bioplanet_926","Activation of IRF3/IRF7 mediated by TBK1/IKK epsilon","Organismal Systems:Immune system"
"bioplanet_926","Activation of IRF3/IRF7 mediated by TBK1/IKK epsilon","Stress response"
"bioplanet_926","Activation of IRF3/IRF7 mediated by TBK1/IKK epsilon","Transport"
"bioplanet_927","Cell cycle negative regulation by p75 neurotrophin receptor","Cell death"
"bioplanet_927","Cell cycle negative regulation by p75 neurotrophin receptor","Cell differentiation"
"bioplanet_927","Cell cycle negative regulation by p75 neurotrophin receptor","Nervous system"
"bioplanet_927","Cell cycle negative regulation by p75 neurotrophin receptor","Signal transduction"
"bioplanet_928","Regulated proteolysis of p75 neurotrophin receptor","Nervous system"
"bioplanet_928","Regulated proteolysis of p75 neurotrophin receptor","Neurological disease"
"bioplanet_928","Regulated proteolysis of p75 neurotrophin receptor","Protein modification"
"bioplanet_928","Regulated proteolysis of p75 neurotrophin receptor","Signal transduction"
"bioplanet_928","Regulated proteolysis of p75 neurotrophin receptor","Stress response"
"bioplanet_929","Innate immune system","Cell motility"
"bioplanet_929","Innate immune system","Immune disease"
"bioplanet_929","Innate immune system","Immune system"
"bioplanet_929","Innate immune system","Infectious disease"
"bioplanet_929","Innate immune system","Organismal Systems:Immune system"
"bioplanet_929","Innate immune system","Stress response"
"bioplanet_93","Reversal of insulin resistance by leptin","CellSignaling"
"bioplanet_93","Reversal of insulin resistance by leptin","Digestive system"
"bioplanet_93","Reversal of insulin resistance by leptin","Endocrine and metabolic disease"
"bioplanet_93","Reversal of insulin resistance by leptin","Endocrine system"
"bioplanet_93","Reversal of insulin resistance by leptin","Lipid metabolism"
"bioplanet_93","Reversal of insulin resistance by leptin","Small molecule metabolism"
"bioplanet_930","Reversible hydration of carbon dioxide","Metabolism"
"bioplanet_930","Reversible hydration of carbon dioxide","Small molecule metabolism"
"bioplanet_931","Tryptophan catabolism","Metabolism"
"bioplanet_931","Tryptophan catabolism","Small molecule metabolism"
"bioplanet_932","Urea cycle","Excretory system"
"bioplanet_932","Urea cycle","Metabolism"
"bioplanet_932","Urea cycle","Musculoskeletal system"
"bioplanet_932","Urea cycle","Small molecule metabolism"
"bioplanet_933","Branched-chain amino acid catabolism","Endocrine and metabolic disease"
"bioplanet_933","Branched-chain amino acid catabolism","Genetic disease"
"bioplanet_933","Branched-chain amino acid catabolism","Metabolism"
"bioplanet_933","Branched-chain amino acid catabolism","Small molecule metabolism"
"bioplanet_934","Histidine catabolism","Metabolism"
"bioplanet_934","Histidine catabolism","Small molecule metabolism"
"bioplanet_934","Histidine catabolism","Transport"
"bioplanet_935","Lysine catabolism","Metabolism"
"bioplanet_935","Lysine catabolism","Small molecule metabolism"
"bioplanet_936","Phenylalanine and tyrosine catabolism","Endocrine and metabolic disease"
"bioplanet_936","Phenylalanine and tyrosine catabolism","Metabolism"
"bioplanet_936","Phenylalanine and tyrosine catabolism","Small molecule metabolism"
"bioplanet_937","Digestion of dietary carbohydrate","Carbohydrate metabolism"
"bioplanet_937","Digestion of dietary carbohydrate","Digestive system"
"bioplanet_937","Digestion of dietary carbohydrate","Endocrine and metabolic disease"
"bioplanet_937","Digestion of dietary carbohydrate","Energy metabolism"
"bioplanet_937","Digestion of dietary carbohydrate","Genetic disease"
"bioplanet_937","Digestion of dietary carbohydrate","Metabolism"
"bioplanet_937","Digestion of dietary carbohydrate","Small molecule metabolism"
"bioplanet_938","Galactose catabolism","Carbohydrate metabolism"
"bioplanet_938","Galactose catabolism","Energy metabolism"
"bioplanet_938","Galactose catabolism","Genetic disease"
"bioplanet_938","Galactose catabolism","Metabolism"
"bioplanet_938","Galactose catabolism","Small molecule metabolism"
"bioplanet_939","","Metabolism"
"bioplanet_94","MAP kinase signaling pathway","Cancer"
"bioplanet_94","MAP kinase signaling pathway","Cell differentiation"
"bioplanet_94","MAP kinase signaling pathway","CellSignaling"
"bioplanet_94","MAP kinase signaling pathway","Immune system"
"bioplanet_94","MAP kinase signaling pathway","Protein modification"
"bioplanet_94","MAP kinase signaling pathway","Stress response"
"bioplanet_94","MAP kinase signaling pathway","Transcription"
"bioplanet_940","Methionine salvage pathway","Metabolism"
"bioplanet_940","Methionine salvage pathway","Small molecule metabolism"
"bioplanet_941","Mitochondrial protein import","Energy metabolism"
"bioplanet_941","Mitochondrial protein import","Metabolism"
"bioplanet_941","Mitochondrial protein import","Protein folding, sorting and degradation"
"bioplanet_941","Mitochondrial protein import","Transport"
"bioplanet_942","Purine catabolism","Metabolism"
"bioplanet_942","Purine catabolism","Nucleic acid metabolism"
"bioplanet_942","Purine catabolism","Small molecule metabolism"
"bioplanet_943","Purine salvage","Metabolism"
"bioplanet_943","Purine salvage","Nucleic acid metabolism"
"bioplanet_943","Purine salvage","Small molecule metabolism"
"bioplanet_944","Glycogen breakdown (glycogenolysis)","Carbohydrate metabolism"
"bioplanet_944","Glycogen breakdown (glycogenolysis)","Endocrine and metabolic disease"
"bioplanet_944","Glycogen breakdown (glycogenolysis)","Endocrine system"
"bioplanet_944","Glycogen breakdown (glycogenolysis)","Genetic disease"
"bioplanet_944","Glycogen breakdown (glycogenolysis)","Metabolism"
"bioplanet_944","Glycogen breakdown (glycogenolysis)","Small molecule metabolism"
"bioplanet_945","Pyruvate dehydrogenase (PDH) complex regulation","Carbohydrate metabolism"
"bioplanet_945","Pyruvate dehydrogenase (PDH) complex regulation","Energy metabolism"
"bioplanet_945","Pyruvate dehydrogenase (PDH) complex regulation","Metabolism"
"bioplanet_945","Pyruvate dehydrogenase (PDH) complex regulation","Small molecule metabolism"
"bioplanet_946","","Metabolism"
"bioplanet_947","Interconversion of 2-oxoglutarate and 2-hydroxyglutarate","Genetic disease"
"bioplanet_947","Interconversion of 2-oxoglutarate and 2-hydroxyglutarate","Immune system"
"bioplanet_947","Interconversion of 2-oxoglutarate and 2-hydroxyglutarate","Metabolism"
"bioplanet_947","Interconversion of 2-oxoglutarate and 2-hydroxyglutarate","Small molecule metabolism"
"bioplanet_948","Pyrimidine catabolism","Metabolism"
"bioplanet_948","Pyrimidine catabolism","Nucleic acid metabolism"
"bioplanet_948","Pyrimidine catabolism","Small molecule metabolism"
"bioplanet_949","Pyrimidine salvage reactions","Metabolism"
"bioplanet_949","Pyrimidine salvage reactions","Nucleic acid metabolism"
"bioplanet_949","Pyrimidine salvage reactions","Small molecule metabolism"
"bioplanet_95","Nitric oxide signaling pathway","CellSignaling"
"bioplanet_95","Nitric oxide signaling pathway","Circulatory system"
"bioplanet_95","Nitric oxide signaling pathway","Transport"
"bioplanet_950","Utilization of ketone bodies","Carbohydrate metabolism"
"bioplanet_950","Utilization of ketone bodies","Digestive system"
"bioplanet_950","Utilization of ketone bodies","Energy metabolism"
"bioplanet_950","Utilization of ketone bodies","Lipid metabolism"
"bioplanet_950","Utilization of ketone bodies","Metabolism"
"bioplanet_951","Chylomicron-mediated lipid transport","Circulatory system"
"bioplanet_951","Chylomicron-mediated lipid transport","Digestive system"
"bioplanet_951","Chylomicron-mediated lipid transport","Endocrine and metabolic disease"
"bioplanet_951","Chylomicron-mediated lipid transport","Genetic disease"
"bioplanet_951","Chylomicron-mediated lipid transport","Lipid metabolism"
"bioplanet_951","Chylomicron-mediated lipid transport","Metabolism:Lipid metabolism"
"bioplanet_951","Chylomicron-mediated lipid transport","Small molecule metabolism"
"bioplanet_951","Chylomicron-mediated lipid transport","Transport"
"bioplanet_952","HDL-mediated lipid transport","Digestive system"
"bioplanet_952","HDL-mediated lipid transport","Endocrine and metabolic disease"
"bioplanet_952","HDL-mediated lipid transport","Lipid metabolism"
"bioplanet_952","HDL-mediated lipid transport","Metabolism:Lipid metabolism"
"bioplanet_952","HDL-mediated lipid transport","Transport"
"bioplanet_954","Gluconeogenesis","Carbohydrate metabolism"
"bioplanet_954","Gluconeogenesis","Endocrine and metabolic disease"
"bioplanet_954","Gluconeogenesis","Energy metabolism"
"bioplanet_954","Gluconeogenesis","Genetic disease"
"bioplanet_954","Gluconeogenesis","Metabolism:Carbohydrate metabolism"
"bioplanet_954","Gluconeogenesis","Transport"
"bioplanet_955","Glycolysis","Carbohydrate metabolism"
"bioplanet_955","Glycolysis","Endocrine and metabolic disease"
"bioplanet_955","Glycolysis","Energy metabolism"
"bioplanet_955","Glycolysis","Genetic disease"
"bioplanet_955","Glycolysis","Metabolism:Carbohydrate metabolism"
"bioplanet_955","Glycolysis","Small molecule metabolism"
"bioplanet_956","Beta-oxidation of pristanoyl-CoA","Genetic disease"
"bioplanet_956","Beta-oxidation of pristanoyl-CoA","Lipid metabolism"
"bioplanet_956","Beta-oxidation of pristanoyl-CoA","Metabolism:Lipid metabolism"
"bioplanet_956","Beta-oxidation of pristanoyl-CoA","Small molecule metabolism"
"bioplanet_957","Beta-oxidation of very long chain fatty acids","Genetic disease"
"bioplanet_957","Beta-oxidation of very long chain fatty acids","Lipid metabolism"
"bioplanet_957","Beta-oxidation of very long chain fatty acids","Metabolism:Lipid metabolism"
"bioplanet_957","Beta-oxidation of very long chain fatty acids","Small molecule metabolism"
"bioplanet_958","Alpha-oxidation of phytanate","Genetic disease"
"bioplanet_958","Alpha-oxidation of phytanate","Lipid metabolism"
"bioplanet_958","Alpha-oxidation of phytanate","Metabolism:Lipid metabolism"
"bioplanet_958","Alpha-oxidation of phytanate","Small molecule metabolism"
"bioplanet_959","AMPK inhibition of chREBP transcriptional activation activity","Cardiovascular disease"
"bioplanet_959","AMPK inhibition of chREBP transcriptional activation activity","Metabolism:Energy metabolism"
"bioplanet_959","AMPK inhibition of chREBP transcriptional activation activity","Physical disorder"
"bioplanet_959","AMPK inhibition of chREBP transcriptional activation activity","Transcription"
"bioplanet_959","AMPK inhibition of chREBP transcriptional activation activity","Transcriptional regulation"
"bioplanet_96","","CellSignaling"
"bioplanet_960","ChREBP activates metabolic gene expression","Cancer"
"bioplanet_960","ChREBP activates metabolic gene expression","Carbohydrate metabolism"
"bioplanet_960","ChREBP activates metabolic gene expression","Endocrine system"
"bioplanet_960","ChREBP activates metabolic gene expression","Lipid metabolism"
"bioplanet_960","ChREBP activates metabolic gene expression","Metabolism:Energy metabolism"
"bioplanet_960","ChREBP activates metabolic gene expression","Small molecule metabolism"
"bioplanet_961","PKA-mediated phosphorylation of key metabolic factors","G-protein coupled receptor"
"bioplanet_961","PKA-mediated phosphorylation of key metabolic factors","Infectious disease"
"bioplanet_961","PKA-mediated phosphorylation of key metabolic factors","Metabolism:Energy metabolism"
"bioplanet_961","PKA-mediated phosphorylation of key metabolic factors","Musculoskeletal system"
"bioplanet_961","PKA-mediated phosphorylation of key metabolic factors","Protein modification"
"bioplanet_961","PKA-mediated phosphorylation of key metabolic factors","Small molecule metabolism"
"bioplanet_962","PP2A-mediated dephosphorylation of key metabolic factors","Endocrine and metabolic disease"
"bioplanet_962","PP2A-mediated dephosphorylation of key metabolic factors","Lipid metabolism"
"bioplanet_962","PP2A-mediated dephosphorylation of key metabolic factors","Metabolism:Energy metabolism"
"bioplanet_963","Abacavir transmembrane transport","Infectious disease"
"bioplanet_963","Abacavir transmembrane transport","Metabolism"
"bioplanet_963","Abacavir transmembrane transport","Small molecule metabolism"
"bioplanet_963","Abacavir transmembrane transport","Transport"
"bioplanet_964","Recycling of bile acids and salts","Digestive system"
"bioplanet_964","Recycling of bile acids and salts","Lipid metabolism"
"bioplanet_964","Recycling of bile acids and salts","Metabolism:Lipid metabolism"
"bioplanet_964","Recycling of bile acids and salts","Small molecule metabolism"
"bioplanet_964","Recycling of bile acids and salts","Stress response"
"bioplanet_965","Import of palmitoyl-CoA into the mitochondrial matrix","Cancer"
"bioplanet_965","Import of palmitoyl-CoA into the mitochondrial matrix","Endocrine and metabolic disease"
"bioplanet_965","Import of palmitoyl-CoA into the mitochondrial matrix","Endocrine system"
"bioplanet_965","Import of palmitoyl-CoA into the mitochondrial matrix","Energy metabolism"
"bioplanet_965","Import of palmitoyl-CoA into the mitochondrial matrix","Lipid metabolism"
"bioplanet_965","Import of palmitoyl-CoA into the mitochondrial matrix","Metabolism"
"bioplanet_965","Import of palmitoyl-CoA into the mitochondrial matrix","Transport"
"bioplanet_966","Thyroid hormone activity regulation","Endocrine and metabolic disease"
"bioplanet_966","Thyroid hormone activity regulation","Endocrine system"
"bioplanet_966","Thyroid hormone activity regulation","Energy metabolism"
"bioplanet_966","Thyroid hormone activity regulation","Metabolism"
"bioplanet_967","Hydrolysis of lysophosphatidylcholine (LPC)","Cell proliferation"
"bioplanet_967","Hydrolysis of lysophosphatidylcholine (LPC)","Lipid metabolism"
"bioplanet_967","Hydrolysis of lysophosphatidylcholine (LPC)","Metabolism:Lipid metabolism"
"bioplanet_967","Hydrolysis of lysophosphatidylcholine (LPC)","Small molecule metabolism"
"bioplanet_968","Acyl chain remodeling of cardiolipin","Cardiovascular disease"
"bioplanet_968","Acyl chain remodeling of cardiolipin","Endocrine and metabolic disease"
"bioplanet_968","Acyl chain remodeling of cardiolipin","Energy metabolism"
"bioplanet_968","Acyl chain remodeling of cardiolipin","Lipid metabolism"
"bioplanet_968","Acyl chain remodeling of cardiolipin","Metabolism:Lipid metabolism"
"bioplanet_968","Acyl chain remodeling of cardiolipin","Small molecule metabolism"
"bioplanet_969","Acyl chain remodeling of diacylglycerol and triacylglycerol","Endocrine and metabolic disease"
"bioplanet_969","Acyl chain remodeling of diacylglycerol and triacylglycerol","Energy metabolism"
"bioplanet_969","Acyl chain remodeling of diacylglycerol and triacylglycerol","Lipid metabolism"
"bioplanet_969","Acyl chain remodeling of diacylglycerol and triacylglycerol","Metabolism:Lipid metabolism"
"bioplanet_969","Acyl chain remodeling of diacylglycerol and triacylglycerol","Small molecule metabolism"
"bioplanet_97","PELP1 modulation of estrogen receptor activity","Cancer"
"bioplanet_97","PELP1 modulation of estrogen receptor activity","CellSignaling"
"bioplanet_97","PELP1 modulation of estrogen receptor activity","Endocrine system"
"bioplanet_97","PELP1 modulation of estrogen receptor activity","Stress response"
"bioplanet_970","Acyl chain remodelling of phosphatidylcholine","Lipid metabolism"
"bioplanet_970","Acyl chain remodelling of phosphatidylcholine","Metabolism:Lipid metabolism"
"bioplanet_970","Acyl chain remodelling of phosphatidylcholine","Small molecule metabolism"
"bioplanet_971","Acyl chain remodelling of phosphatidylglycerol","Lipid metabolism"
"bioplanet_971","Acyl chain remodelling of phosphatidylglycerol","Metabolism:Lipid metabolism"
"bioplanet_971","Acyl chain remodelling of phosphatidylglycerol","Neurological disease"
"bioplanet_971","Acyl chain remodelling of phosphatidylglycerol","Small molecule metabolism"
"bioplanet_972","Acyl chain remodelling of phosphatidylinositol","Lipid metabolism"
"bioplanet_972","Acyl chain remodelling of phosphatidylinositol","Metabolism:Lipid metabolism"
"bioplanet_972","Acyl chain remodelling of phosphatidylinositol","Neurological disease"
"bioplanet_972","Acyl chain remodelling of phosphatidylinositol","Small molecule metabolism"
"bioplanet_973","Acyl chain remodelling of phosphatidylserine","Lipid metabolism"
"bioplanet_973","Acyl chain remodelling of phosphatidylserine","Metabolism:Lipid metabolism"
"bioplanet_973","Acyl chain remodelling of phosphatidylserine","Neurological disease"
"bioplanet_973","Acyl chain remodelling of phosphatidylserine","Small molecule metabolism"
"bioplanet_974","Amine-derived hormones","Chronology"
"bioplanet_974","Amine-derived hormones","Endocrine and metabolic disease"
"bioplanet_974","Amine-derived hormones","Endocrine system"
"bioplanet_974","Amine-derived hormones","Genetic disease"
"bioplanet_974","Amine-derived hormones","Metabolism"
"bioplanet_974","Amine-derived hormones","Neurological disease"
"bioplanet_974","Amine-derived hormones","Small molecule metabolism"
"bioplanet_975","O-linked glycosylation of mucins","Immune disease"
"bioplanet_975","O-linked glycosylation of mucins","Infectious disease"
"bioplanet_975","O-linked glycosylation of mucins","Metabolism"
"bioplanet_975","O-linked glycosylation of mucins","Protein modification"
"bioplanet_975","O-linked glycosylation of mucins","Small molecule metabolism"
"bioplanet_976","Integrated cancer pathway","Cancer"
"bioplanet_976","Integrated cancer pathway","Cell death"
"bioplanet_976","Integrated cancer pathway","Cell division"
"bioplanet_976","Integrated cancer pathway","Cell proliferation"
"bioplanet_976","Integrated cancer pathway","DNA repair"
"bioplanet_976","Integrated cancer pathway","DNA replication"
"bioplanet_976","Integrated cancer pathway","Human Diseases:Cancer"
"bioplanet_976","Integrated cancer pathway","Nucleic acid metabolism"
"bioplanet_977","Integrated breast cancer pathway","Cancer"
"bioplanet_977","Integrated breast cancer pathway","Cell death"
"bioplanet_977","Integrated breast cancer pathway","DNA repair"
"bioplanet_977","Integrated breast cancer pathway","Human Diseases:Cancer"
"bioplanet_977","Integrated breast cancer pathway","Immune system"
"bioplanet_977","Integrated breast cancer pathway","Reproduction"
"bioplanet_977","Integrated breast cancer pathway","Transport"
"bioplanet_978","Folate-alcohol and cancer pathway","Cancer"
"bioplanet_978","Folate-alcohol and cancer pathway","Human Diseases:Cancer"
"bioplanet_978","Folate-alcohol and cancer pathway","Small molecule metabolism"
"bioplanet_978","Folate-alcohol and cancer pathway","Vitamin and cofactor metabolism"
"bioplanet_979","BRCA1, BRCA2 and ATR roles in cancer susceptibility","Cancer"
"bioplanet_979","BRCA1, BRCA2 and ATR roles in cancer susceptibility","DNA repair"
"bioplanet_979","BRCA1, BRCA2 and ATR roles in cancer susceptibility","DNA replication"
"bioplanet_979","BRCA1, BRCA2 and ATR roles in cancer susceptibility","Genetic disease"
"bioplanet_979","BRCA1, BRCA2 and ATR roles in cancer susceptibility","Human Diseases:Cancer"
"bioplanet_979","BRCA1, BRCA2 and ATR roles in cancer susceptibility","Reproduction"
"bioplanet_979","BRCA1, BRCA2 and ATR roles in cancer susceptibility","Stress response"
"bioplanet_98","Activation of PKC through G-protein coupled receptors","CellSignaling"
"bioplanet_98","Activation of PKC through G-protein coupled receptors","G-protein coupled receptor"
"bioplanet_98","Activation of PKC through G-protein coupled receptors","Protein modification"
"bioplanet_980","Amyloids","Cardiovascular disease"
"bioplanet_980","Amyloids","Cell division"
"bioplanet_980","Amyloids","Circulatory system"
"bioplanet_980","Amyloids","Human Diseases"
"bioplanet_980","Amyloids","Nervous system"
"bioplanet_980","Amyloids","Stress response"
"bioplanet_981","","Human Diseases"
"bioplanet_982","Nef in HIV-1 replication and disease pathogenesis","Human Diseases"
"bioplanet_982","Nef in HIV-1 replication and disease pathogenesis","Immune disease"
"bioplanet_982","Nef in HIV-1 replication and disease pathogenesis","Immune system"
"bioplanet_982","Nef in HIV-1 replication and disease pathogenesis","Infectious disease"
"bioplanet_983","HIV infection","Human Diseases:Infectious diseases"
"bioplanet_983","HIV infection","Immune disease"
"bioplanet_983","HIV infection","Immune system"
"bioplanet_983","HIV infection","Infectious disease"
"bioplanet_983","HIV infection","Transport"
"bioplanet_984","Latent infection of Homo sapiens with Mycobacterium tuberculosis","Human Diseases:Infectious diseases"
"bioplanet_984","Latent infection of Homo sapiens with Mycobacterium tuberculosis","Immune system"
"bioplanet_984","Latent infection of Homo sapiens with Mycobacterium tuberculosis","Infectious disease"
"bioplanet_984","Latent infection of Homo sapiens with Mycobacterium tuberculosis","Transport"
"bioplanet_985","Influenza infection","DNA repair"
"bioplanet_985","Influenza infection","Human Diseases:Infectious diseases"
"bioplanet_985","Influenza infection","Immune system"
"bioplanet_985","Influenza infection","Infectious disease"
"bioplanet_985","Influenza infection","RNA processing"
"bioplanet_985","Influenza infection","Transport"
"bioplanet_986","APOBEC3G-mediated resistance to HIV-1 infection","Human Diseases:Infectious diseases"
"bioplanet_986","APOBEC3G-mediated resistance to HIV-1 infection","Immune disease"
"bioplanet_986","APOBEC3G-mediated resistance to HIV-1 infection","Immune system"
"bioplanet_986","APOBEC3G-mediated resistance to HIV-1 infection","Infectious disease"
"bioplanet_987","Hypothetical network for drug addiction","Human Diseases:Substance dependence"
"bioplanet_987","Hypothetical network for drug addiction","Nervous system"
"bioplanet_987","Hypothetical network for drug addiction","Neurological disease"
"bioplanet_987","Hypothetical network for drug addiction","Stress response"
"bioplanet_987","Hypothetical network for drug addiction","Substance dependence"
"bioplanet_987","Hypothetical network for drug addiction","Transport"
"bioplanet_988","Gap junction trafficking and regulation","Cellular Processes:Cellular community"
"bioplanet_988","Gap junction trafficking and regulation","Genetic disease"
"bioplanet_988","Gap junction trafficking and regulation","Infectious disease"
"bioplanet_988","Gap junction trafficking and regulation","Nervous system"
"bioplanet_988","Gap junction trafficking and regulation","Neurological disease"
"bioplanet_988","Gap junction trafficking and regulation","Small molecule metabolism"
"bioplanet_988","Gap junction trafficking and regulation","Transport"
"bioplanet_989","Gap junction assembly","Cellular Processes:Cellular community"
"bioplanet_989","Gap junction assembly","Circulatory system"
"bioplanet_989","Gap junction assembly","Nervous system"
"bioplanet_989","Gap junction assembly","Transport"
"bioplanet_99","Phospholipase C delta-1 interactions in phospholipid-associated cell signaling","Cancer"
"bioplanet_99","Phospholipase C delta-1 interactions in phospholipid-associated cell signaling","Cardiovascular disease"
"bioplanet_99","Phospholipase C delta-1 interactions in phospholipid-associated cell signaling","CellSignaling"
"bioplanet_990","Cell junction organization","Cellular Processes:Cellular community"
"bioplanet_990","Cell junction organization","Genetic disease"
"bioplanet_990","Cell junction organization","Transport"
"bioplanet_991","Tight junction interactions","Cell death"
"bioplanet_991","Tight junction interactions","Cell motility"
"bioplanet_991","Tight junction interactions","Cellular Processes:Cellular community"
"bioplanet_991","Tight junction interactions","Infectious disease"
"bioplanet_992","Adherens junction actin cytoskeletal organization","Cancer"
"bioplanet_992","Adherens junction actin cytoskeletal organization","Cell motility"
"bioplanet_992","Adherens junction actin cytoskeletal organization","Cellular Processes:Cellular community"
"bioplanet_993","Gap junction activity regulation","Cellular Processes:Cellular community"
"bioplanet_993","Gap junction activity regulation","Transport"
"bioplanet_994","Electric transmission across gap junctions","Cellular Processes:Cellular community"
"bioplanet_994","Electric transmission across gap junctions","Nervous system"
"bioplanet_994","Electric transmission across gap junctions","Transport"
"bioplanet_995","Type I hemidesmosome assembly","Cellular Processes:Cellular community"
"bioplanet_995","Type I hemidesmosome assembly","Genetic disease"
"bioplanet_995","Type I hemidesmosome assembly","Immune system"
"bioplanet_996","Post-translational regulation of adherens junction stability and disassembly","Cancer"
"bioplanet_996","Post-translational regulation of adherens junction stability and disassembly","Cell differentiation"
"bioplanet_996","Post-translational regulation of adherens junction stability and disassembly","Cell proliferation"
"bioplanet_996","Post-translational regulation of adherens junction stability and disassembly","Cellular Processes:Cellular community"
"bioplanet_996","Post-translational regulation of adherens junction stability and disassembly","Circulatory system"
"bioplanet_996","Post-translational regulation of adherens junction stability and disassembly","Infectious disease"
"bioplanet_996","Post-translational regulation of adherens junction stability and disassembly","Nervous system"
"bioplanet_996","Post-translational regulation of adherens junction stability and disassembly","Stress response"
"bioplanet_997","Nectin/Necl  trans heterodimerization","Cellular Processes:Cellular community"
"bioplanet_997","Nectin/Necl  trans heterodimerization","Immune disease"
"bioplanet_998","Oligomerization of connexins into connexons","Cancer"
"bioplanet_998","Oligomerization of connexins into connexons","Cellular Processes:Cellular community"
"bioplanet_998","Oligomerization of connexins into connexons","Genetic disease"
"bioplanet_998","Oligomerization of connexins into connexons","Transport"
"bioplanet_999","Nectin adhesion pathway","Cancer"
"bioplanet_999","Nectin adhesion pathway","Cellular Processes:Cellular community"
"bioplanet_999","Nectin adhesion pathway","Circulatory system"
"bioplanet_999","Nectin adhesion pathway","Immune system"
"bioplanet_999","Nectin adhesion pathway","Physical disorder"
